下载路径/storage/emulated/10/Android/data/com.zone.service.speech/files/semantic/
 calculateFileMD5 fileFullPath: 
 /storage/emulated/10/Android/data/com.zone.service.speech/files/semantic/customizeSemanticData.gz
 /storage/emulated/10/Android/data/com.zone.service.speech/files/semantic/customizeOemData_audi.gz
 /storage/emulated/10/Android/data/com.zone.service.speech/files/semantic/customizeSlotData.gz
 车机路径：
 /mnt/user/10/emulated/10/Android/data/com.zone.service.speech/files/semantic
 
/mnt/vendor/vr/res/Zone/resource
{"code":200,"message":"成功","result":[],"updateResource":false}
NetworkLog: {"code":30005,"message":"应用版本有误","updateResource":false

https://speech-pre.z-onesoftware.com/speech/resource/checkResourceStatus 

response:
{
    "code": 200,
    "message": "成功",
    "result": [
        {
            "resourceType": "customize_data",
            "resourceName": "customizeSemanticData_UP.json",
            "resourceId": "V1.0.0_audi",
            "resourceMd5": "4cf07d4fa0b47e725fc57f54706a1e3d",
            "version": 1,
            "downloadAddress": "dev/customize_data/V1.0.0_audi/customizeSemanticData.gz"
        }
    ],
    "updateResource": false
}


NetworkLog: {"code":200,"message":"成功","result":[{"resourceType":"customize_data","resourceName":"customizeSemanticData_UP.json","resourceId":"V1.0.0_audi","resourceMd5":"20d40c9e7350ed37cb089ae93c0f0ec5","version":1,"downloadAddress":"pre/customize_data/V1.0.0_audi/customizeSemanticData.gz"},{"resourceType":"customize_data","resourceName":"customizeOemData_audi_UP.json","resourceId":"V1.0.0_audi","resourceMd5":"b0f01dbbed3d870f38e0f09e6fc33db7","version":1,"downloadAddress":"pre/customize_data/V1.0.0_audi/customizeOemData_audi.gz"},{"resourceType":"customize_data","resourceName":"customizeSlotData_UP.json","resourceId":"V1.0.0_audi","resourceMd5":"cf102ee83d9c9092dea7150d8a1d7a91","version":1,"downloadAddress":"pre/customize_data/V1.0.0_audi/customizeSlotData.gz"}],"updateResource":true}
{
	"code": 200,
	"message": "成功",
	"result": [{
		"resourceType": "customize_data",
		"resourceName": "customizeSemanticData_UP.json",
		"resourceId": "V1.0.0_audi",
		"resourceMd5": "20d40c9e7350ed37cb089ae93c0f0ec5",
		"version": 1,
		"downloadAddress": "pre/customize_data/V1.0.0_audi/customizeSemanticData.gz"
	}, {
		"resourceType": "customize_data",
		"resourceName": "customizeOemData_audi_UP.json",
		"resourceId": "V1.0.0_audi",
		"resourceMd5": "b0f01dbbed3d870f38e0f09e6fc33db7",
		"version": 1,
		"downloadAddress": "pre/customize_data/V1.0.0_audi/customizeOemData_audi.gz"
	}, {
		"resourceType": "customize_data",
		"resourceName": "customizeSlotData_UP.json",
		"resourceId": "V1.0.0_audi",
		"resourceMd5": "cf102ee83d9c9092dea7150d8a1d7a91",
		"version": 1,
		"downloadAddress": "pre/customize_data/V1.0.0_audi/customizeSlotData.gz"
	}],
	"updateResource": true
}

--------- beginning of main
--------- beginning of kernel
--------- beginning of system
SpeechDialogueBusinessManager after 15s, watch dog working
---------------------------- PROCESS STARTED (23028) for package com.zone.service.speech ----------------------------
Compat change id reported: 171979766; UID 1010082; state: ENABLED
No service published for: game
No Network Security Config specified, using platform default
No Network Security Config specified, using platform default
SpeechContentProvider onCreate
VM with version 2.1.0 has multidex support
Installing application
VM has multidex support, MultiDex support library is disabled.
QUALCOMM build                   : f7ec86987e, I92167edf2c
Build Date                       : 11/06/24
OpenGL ES Shader Compiler Version: E031.40.08.00
Local Branch                     : 
Remote Branch                    : refs/tags/AU_LINUX_ANDROID_LA.AU.1.4.8.R2.10.00.00.1081.013
Remote Branch                    : NONE
Reconstruct Branch               : NOTHING
Build Config                     : S P 10.0.7 AArch64
Driver Path                      : /vendor/lib64/egl/libGLESv2_adreno.so
Driver Version                   : 0649.0
PFP: 0x00000000, ME: 0x00000000
<gsl_context_create:3281>: ctxt_id 203, sync_type 1
<ReadGpuID_from_sysfs:384>: Failed to open /sys/class/kgsl/kgsl-3d0/gpu_model
<ReadGpuID:408>: Reading chip ID through GSL
<gsl_context_create:3281>: ctxt_id 204, sync_type 1
ioctl c0044901 failed with code -1: Inappropriate ioctl for device
Using : Non-legacy ION heaps
onWindowFocus: DecorView@5ac27de[MainActivity] softInputMode=STATE_UNSPECIFIED|ADJUST_PAN|IS_FORWARD_NAVIGATION
Restarting due to isRestartOnNextWindowFocus as true
onViewFocusChanged, hasFocus=true,view=DecorView@5ac27de[MainActivity], mServedView=null
checkFocus: view=null next=DecorView@5ac27de[MainActivity] force=true package=<none>
Starting input: view=DecorView@5ac27de[MainActivity],focus=false,windowFocus=true,autofillUiShowing=false,window=android.view.ViewRootImpl$W@226cdbf,displayId=0,temporaryDetach=false,hasImeFocus=true reason=WINDOW_FOCUS_GAIN
Starting input: tba=android.view.inputmethod.EditorInfo@deffc8c ic=null
START INPUT: view=DecorView@5ac27de[MainActivity],focus=false,windowFocus=true,autofillUiShowing=false,window=android.view.ViewRootImpl$W@226cdbf,displayId=0,temporaryDetach=false,hasImeFocus=true ic=null tba=android.view.inputmethod.EditorInfo@deffc8c startInputFlags=VIEW_HAS_FOCUS|INITIAL_CONNECTION
Starting input: Bind result=InputBindResult{result=SUCCESS_WAITING_IME_SESSION method=null id=com.baidu.input/.ImeService sequence=48 isInputMethodSuppressingSpellChecker=false}
handleMessage: MSG_SET_ACTIVE true, was false
handleMessage: MSG_BIND 48,com.baidu.input/.ImeService
Starting input: view=DecorView@5ac27de[MainActivity],focus=false,windowFocus=true,autofillUiShowing=false,window=android.view.ViewRootImpl$W@226cdbf,displayId=0,temporaryDetach=false,hasImeFocus=true reason=BOUND_TO_IMMS
Starting input: tba=android.view.inputmethod.EditorInfo@3ab5b7 ic=null
Starting input: finished by someone else. view=DecorView@5ac27de[MainActivity],focus=false,windowFocus=true,autofillUiShowing=false,window=android.view.ViewRootImpl$W@226cdbf,displayId=0,temporaryDetach=false,hasImeFocus=true servedView=DecorView@5ac27de[MainActivity],focus=false,windowFocus=true,autofillUiShowing=false,window=android.view.ViewRootImpl$W@226cdbf,displayId=0,temporaryDetach=false,hasImeFocus=true mServedConnecting=false
SpeechDialogueBusinessManager after 5s, watch dog working
SpeechDialogueBusinessManager watch dog -> try to init work around service to 
[BinderHelper] isSync = false
bindServiceCommon, service: Intent { cmp=com.zone.service.midwareservice/com.zone.service.inputext.InputExtService }, flags: 1, instanceName: null, user: UserHandle{10}
registerKeyEventListener code [516]
registerKeyEventListener mService is null
setPolicyForKey mService is null
VehicleAccountAdapter registerAccountStatusListener
Service connected: ComponentInfo{com.zone.service.midwareservice/com.zone.service.inputext.InputExtService}!
[onServiceConnected ] mServiceReceiver is null, maybe current connect is async 
onServiceConnected
connect -> addGestureListenerToService
connect -> addKeyListenerToService
connect -> addMotionListenerToService
connect -> setKeyFlagToService
connect -> addIntentListenerToService
connect -> addKeyFlagListenerToService
Instantiate ZoneSpeechService
ZoneSpeechService connecting CoreServiceManager...
service: ZoneSpeechService syncServiceBinder
onCreate ZoneSpeechService
ZoneSpeechService onCreate
Constructor
connectService
HwBinder: Starting thread pool for getting: vendor.zone.vehicleconfig@1.0::IVehicleConfigProxy/default
onGetBinder, mConnectionState :STATE_INIT
service connected
onServiceConnected
onServiceConnected
registerVehicleConfigListener com.zone.service.speech.base.VehicleConfigAdapter$VehicleConfigureChangedListener@90eb48d, keys: [VehCfg_SW_DeviceID, VehCfg_SW_VinCode]
registerVehicleConfigListener, mKeyAndListenerMap:{VehCfg_SW_DeviceID=[com.zone.service.speech.base.VehicleConfigAdapter$VehicleConfigureChangedListener@90eb48d], VehCfg_SW_VinCode=[com.zone.service.speech.base.VehicleConfigAdapter$VehicleConfigureChangedListener@90eb48d]}
registerVehicleConfigListener, keys:[VehCfg_SW_DeviceID, VehCfg_SW_VinCode]
VehicleConfigAdapter init... this = com.zone.service.speech.base.VehicleConfigAdapter@8540642
VehicleAccountAdapter Constructor
getInstance
AccountManagerImpl
init
autoConnectService
registerServerListener
[BinderHelper] isSync = false
bindServiceCommon, service: Intent { cmp=com.zone.service.coreservicemanagerservice/.ServiceManagerService }, flags: 1, instanceName: null, user: UserHandle{10}
AudioRecordManager Constructor
AudioRecordManager audio buffer size = 8192 mBufferSize = 8192
Constructor
SpeechAudioService Constructor
connectToCoreService
Constructor
RecognitionService Constructor
SystemPropertyUtil getRoBuildServerEnv()
SystemPropertyUtil get property type is: ro.vendor.build.server.env, and value is: QA
VehicleConfigAdapter getVinCodeAsync
VehicleConfigAdapter send message success
VehicleConfigAdapter getDeviceIdAsync
VehicleConfigAdapter send message success
getVehicleConfig key: VehCfg_SW_VinCode
Constructor
convertToVehicleConfigValue: key[VehCfg_SW_VinCode], type[4], result[0], option[]
convertToVehicleConfigValue: valueString[]
VehicleConfigAdapter$LocalHandler.lambda$getVinCode$1$com-zone-service-speech-base-VehicleConfigAdapter$LocalHandler(): VehicleConfigAdapter getVinCode failed!
SystemPropertyUtil getVinCode()
SystemPropertyUtil get property type is: persist.vincode, and value is: 
getVehicleConfig key: VehCfg_SW_DeviceID
convertToVehicleConfigValue: key[VehCfg_SW_DeviceID], type[4], result[0], option[]
convertToVehicleConfigValue: valueString[]
VehicleConfigAdapter$LocalHandler.lambda$getDevice$0$com-zone-service-speech-base-VehicleConfigAdapter$LocalHandler(): VehicleConfigAdapter getDeviceId value failed!
SemanticCloud getDeviceIdAsync onError
Permission - registerPermissionServiceListener_0
Permission - registerPermissionServiceListener_1
Permission - initcom.zone.service.speech.SpeechServiceApplication@ebaf653 api version : 1.0.5 api release :true|calling pid:23028,calling uid:1010082
FsmBind - startMachine_0
FsmBind - startThread_0
FsmBind - startThread_1.0,mMsgThread:
FsmBind - startThread_1.1,mMsgThread:Thread[com.zone.api.permission.mechanism.FSMBIND_THREAD,5,main]
FsmBind - startThread_1.2:
FsmBind - startThread_2.0:
FsmBind - startThread_2.1,mMsgHandler:Handler (android.os.Handler) {270dccb},mCallback:com.zone.api.permission.mechanism.FsmBind$Callback@d560ca8
FsmBind - triggerToStateInit_0 STATE0
FsmBind - startMachine_1
FsmBind - handleMessage,msg:{ when=-1ms what=0 target=android.os.Handler },ThreadName:com.zone.api.permission.mechanism.FSMBIND_THREAD
FsmBind - initStateFunction_1
FsmBind - initStateFunction_1.1:MSG_BIND
FsmBind - triggerToStateBinding_0 STATE1
publishService name:ZoneSpeechService subName:
FsmBind - handleMessage,msg:{ when=0 what=1 target=android.os.Handler },ThreadName:com.zone.api.permission.mechanism.FSMBIND_THREAD
FsmBind - bindingStateFunction_0:
bindServiceCommon, service: Intent { cmp=com.zone.service.systemserver/.permission.PermissionManagerService }, flags: 1, instanceName: null, user: UserHandle{10}
onBinderAvailable serviceName = ZoneSpeechService
SpeechDialogueBusinessManager Connected version = 
getSpeechManager serviceName = speech.wk.service
getSpeechBaseManager serviceName = speech.wk.service
Permission - bindService bindResult ret = true
FsmBind - bindingStateFunction_1.1
IBizDialogueImpl registerListener listenerId = {"domains":["media"],"package":"com.zone.service.mediacenter"}
getCurrentPowerState
init
requestBindToPrivateNetwork
getSpeechManager serviceName = speech.recognition.service
getSpeechBaseManager serviceName = speech.recognition.service
getSpeechManager serviceName = speech.audio.service
getSpeechBaseManager serviceName = speech.audio.service
getReadyState readyType:Audio
ISpeechApisImpl.handleSystemAndPowerEvents(): SpeechCore handleSystemAndPowerEvents state = 1 reason = Start audioReady = true
bindToWifiNetwork, network=103
bindToNetwork, network name = WIFI ret = true
ZoneSpeechService powerState = 3
[BaseManager][UserIntentManager init]
onBind ZoneSpeechService
Service connected: ComponentInfo{com.zone.service.coreservicemanagerservice/com.zone.service.coreservicemanagerservice.ServiceManagerService}!
[onServiceConnected ] mServiceReceiver is null, maybe current connect is async 
 onservice connect !
bindService
[ServiceConnectManager][registerBinderListener]Begin, size:2
SpeechUploadDataService registerListener listenerId = {"domains":["media"],"package":"com.zone.service.mediacenter"}
[ServiceConnectManager][registerBinderListener]End, service has connected, size:3
StackLog: [android.net.ConnectivityManager.sendRequestForNetwork(ConnectivityManager.java:3925)] [android.net.ConnectivityManager.sendRequestForNetwork(ConnectivityManager.java:3967)] [android.net.ConnectivityManager.registerNetworkCallback(ConnectivityManager.java:4349)] [android.net.ConnectivityManager.registerNetworkCallback(ConnectivityManager.java:4319)] [com.zone.api.apnmanager.ApnManager.listenPrivateAvailable(ApnManager.java:275)] [com.zone.api.apnmanager.ApnManager.requestBindToPrivateNetwork(ApnManager.java:196)] [com.zone.service.speech.base.NetworkConnectivityAdapter.init(NetworkConnectivityAdapter.java:36)] [com.zone.service.speech.ISpeechApisImpl$InitRunnable.run(ISpeechApisImpl.java:239)] [java.lang.Thread.run(Thread.java:920)]
[BaseManager][UserIntentManager onServiceConnected]connected
[UserIntentManager][onBinder]
onStart name:ZoneSpeechServicereason:Restart
getReadyState readyType:Audio
startResponse name: ZoneSpeechService reason:Restart
CoreManger onServiceConnected
ISpeechApisImpl.handleSystemAndPowerEvents(): SpeechCore handleSystemAndPowerEvents state = 1 reason = Restart audioReady = true
[BinderHelper] isSync = false
initModule
StackLog: [android.net.ConnectivityManager.sendRequestForNetwork(ConnectivityManager.java:3925)] [android.net.ConnectivityManager.sendRequestForNetwork(ConnectivityManager.java:3967)] [android.net.ConnectivityManager.registerNetworkCallback(ConnectivityManager.java:4349)] [android.net.ConnectivityManager.registerNetworkCallback(ConnectivityManager.java:4319)] [com.zone.api.apnmanager.ApnManager.listenWifiAvailable(ApnManager.java:284)] [com.zone.api.apnmanager.ApnManager.requestBindToPrivateNetwork(ApnManager.java:197)] [com.zone.service.speech.base.NetworkConnectivityAdapter.init(NetworkConnectivityAdapter.java:36)] [com.zone.service.speech.ISpeechApisImpl$InitRunnable.run(ISpeechApisImpl.java:239)] [java.lang.Thread.run(Thread.java:920)]
SpeechEngineAdapter init
SpeechEngineAdapter create success
ApnNetworkCallback.onAvailable
HwBinder: Starting thread pool for getting: com.zone.hardware.datacollection@1.0::IDataCollection/default
onUserCenterServiceReady
onServiceDisconnected
obtainUserDataProfile
ApnNetworkCallback.onAvailable, network name=APN2
WifiNetworkCallback.onAvailable
WifiNetworkCallback.onAvailable, network name=WIFI
Core service binder is null, waiting...
Connected to ComponentInfo{com.zone.service.tts/com.zone.service.tts.TtsCoreService}
[checkHwBinder] mServiceReceiver is null, maybe current connect is async 
service connected
Permission - onServiceConnected componentName:ComponentInfo{com.zone.service.systemserver/com.zone.service.systemserver.permission.PermissionManagerService}  binder:android.os.BinderProxy@efcb0ec
Permission - linkToDeath android.os.BinderProxy@efcb0ec
VehicleConfigAdapter getDeviceIdAsync
FsmBind - triggerToStateBindSuccess_0 STATE2
FsmBind - triggerToStateBindSuccess_1
VehicleConfigAdapter send message success
FsmBind - handleMessage,msg:{ when=0 what=2 target=android.os.Handler },ThreadName:com.zone.api.permission.mechanism.FSMBIND_THREAD
FsmBind - bindSuccessStateFunction_0:
FsmBind - pendingThread_0
FsmBind - pendingThread_1.1
FsmBind - pendingThread_1.2
Permission - onServiceConnected_0
getVehicleConfig key: VehCfg_SW_DeviceID
VehicleConfigAdapter getDeviceIdAsync
Permission - onServiceConnected_1
VehicleConfigAdapter send message success
Compat change id reported: 160794467; UID 1010082; state: ENABLED
bindServiceCommon, service: Intent { cmp=com.zone.service.systemserver/.time.TimeService }, flags: 1, instanceName: null, user: UserHandle{10}
convertToVehicleConfigValue: key[VehCfg_SW_DeviceID], type[4], result[0], option[]
convertToVehicleConfigValue: valueString[]
Set up connection to ComponentInfo{com.zone.service.tts/com.zone.service.tts.TtsCoreService}
VehicleConfigAdapter$LocalHandler.lambda$getDevice$0$com-zone-service-speech-base-VehicleConfigAdapter$LocalHandler(): VehicleConfigAdapter getDeviceId value failed!
getVehicleConfig key: VehCfg_SW_DeviceID
Permission - onServiceConnected_2
Permission - onServiceConnected_3
SpeechPermissionManager Permission onServiceConnected
ManagerFactory - createManager type1
BaseManager - BaseManager
Permission - getManager managercom.zone.api.permission.impl.PermissionClient@e79efd8type1
Permission - getManager mServiceMapcom.zone.api.permission.impl.PermissionClient@e79efd8
Permission - updateBinder 
convertToVehicleConfigValue: key[VehCfg_SW_DeviceID], type[4], result[0], option[]
convertToVehicleConfigValue: valueString[]
BaseManager - BaseManager setServicecom.zone.api.permission.manager.ICarPermissionManagerExt$Stub$Proxy@a0f1f31
Permission - updateBinder queryBinder
VehicleConfigAdapter$LocalHandler.lambda$getDevice$0$com-zone-service-speech-base-VehicleConfigAdapter$LocalHandler(): VehicleConfigAdapter getDeviceId value failed!
get device id failed, use the mac address to active.
PermissionManager - registerDataChangeListenerInService
BaseManager - getServicecom.zone.api.permission.manager.ICarPermissionManagerExt$Stub$Proxy@a0f1f31
registerExtendListener
BaseManager - getServicecom.zone.api.permission.manager.ICarPermissionManagerExt$Stub$Proxy@a0f1f31
ZoneSpeechService Start foreground service done
callbackNetworkBound, networkType=2
NetworkConnectivityAdapter onNetworkBound networkType = 2
callbackNetworkAvailable, networkType=2, isAvailable=true
NetworkConnectivityAdapter onBoundNetworkAvailable networkType = 2 isAvailable = true
bindToWifiNetwork, network=103
bindToNetwork, network name = WIFI ret = true
DeviceIdentifier$1.onError(): DeviceIdentifier Invalid device, use androidId to active = f489b89a87005956
callbackNetworkAvailable, networkType=2, isAvailable=true
NetworkConnectivityAdapter onBoundNetworkAvailable networkType = 2 isAvailable = true
mEstablished:true;result:0
SpeechAudioService tts init status = 0
onServiceConnected
onServiceConnected - TimeSource: 3
SpeechEngineAdapter Time calibration notice！
BaseManager - onPermissionStatusChanged packageName = com.zone.service.speech  permission=android.permission.RECORD_AUDIO  status = 2
callbackNetworkBound, networkType=2
BaseManager - sendDataChangeMessage{ when=0 what=2 target=android.os.Handler }
SpeechPermissionManager Debug permission status = 2
SpeechPermissionManager permission granted
NetworkConnectivityAdapter onNetworkBound networkType = 2
callbackNetworkAvailable, networkType=2, isAvailable=true
NetworkConnectivityAdapter onBoundNetworkAvailable networkType = 2 isAvailable = true
SpeechPermissionManager onChanged audio record permission granted!
FsmBind - bindSuccessStateFunction_1
IflytekAuthorizationImpl deviceID = f489b89a87005956
IflytekAuthorizationImpl authData = {"path":"/data/vendor_de/zone_speech/lesl.v2c","key":["sn_info"],"sn_info":"f489b89a87005956"}
SpeechEngineAdapter active code  = {"path":"/data/vendor_de/zone_speech/lesl.v2c","key":["sn_info"],"sn_info":"f489b89a87005956"}
Warning: "/data/app/~~2x-_Gqb6sRrSSpn7bu4yTQ==/com.zone.service.speech-5BlJtQ5l_fq9bvJRN1l6-Q==/base.apk!/lib/arm64-v8a/libw_ivpr.so" unused DT entry: DT_RPATH (type 0xf arg 0x9ef) (ignoring)
JNI_OnLoad
gJNICachePath: /data/user_de/10/com.zone.service.speech/cache
SpeechEngineAdapter setMachine code success!!
getVehicleConfig key: VehCfg_Audio_SpeakerType
convertToVehicleConfigValue: key[VehCfg_Audio_SpeakerType], type[2], result[0], option[]
convertToVehicleConfigValue: valueInt[8]
isHignVehicle --> value:8
create --> load mode:nn_pt4.saic_audi_pp01.low_cfg
[2025-09-18 19:30:09 505][5422385][INF][P0x59f4][T0x5a25][libissms_jni.cpp][Java_com_iflytek_speech_libissms_setMachineCode][443] setMachineCode
[2025-09-18 19:30:09 505][5422385][INF][P0x59f4][T0x5a25][issms.cpp][ISSMSSetMachineCode][87] ISSMSSetMachineCode | szMachineCode = {"path":"/data/vendor_de/zone_speech/lesl.v2c","key":["sn_info"],"sn_info":"f489b89a87005956"}
[2025-09-18 19:30:09 505][5422385][INF][P0x59f4][T0x5a25][libissms_jni.cpp][Java_com_iflytek_speech_libissms_setMachineCode][456] setMachineCode leave
[2025-09-18 19:30:09 507][5422387][INF][P0x59f4][T0x5a25][libissms_jni.cpp][Java_com_iflytek_speech_libissms_create][349] create
[2025-09-18 19:30:09 507][5422387][INF][P0x59f4][T0x5a25][issms.cpp][ISSMSCreate][34] ISSMSCreate | phISSMSObj = 0x6fac37a940, szResourceDir = {
"SEResPath":"/mnt/vendor/vr/res/SERes",
"MVWResPath":"/mnt/vendor/vr/res/MVWRes/FirstRes",
"MSResPath":"/mnt/vendor/vr/res/MSRes",
"SRResPath":"/mnt/vendor/vr/res/SRRes"
}, szSEDenoiseModeName = nn_pt4.saic_audi_pp01.low_cfg, eSRAcousLang = 0, eMVWAcousLang = 0, pfnMSOnMsgProc = 0x6fac28df68, pUsrArg = 0x1956, nSRInstCount = 1
[2025-09-18 19:30:09 507][5422387][INF][P0x59f4][T0x5a25][MSConfigParser.cpp][parse][21] m_strAppid = 576d9f07
[2025-09-18 19:30:09 507][5422387][INF][P0x59f4][T0x5a25][MSConfigParser.cpp][parse][26] m_strActivePath = /data/user_de/10/com.zone.service.speech/vr/iflytek/Active/MSRes
[2025-09-18 19:30:09 507][5422387][INF][P0x59f4][T0x5a25][MSConfigParser.cpp][parse][31] m_bNeedInitSE = 1
[2025-09-18 19:30:09 507][5422387][INF][P0x59f4][T0x5a25][MSConfigParser.cpp][parse][36] m_bNeedInitVad = 0
[2025-09-18 19:30:09 507][5422387][INF][P0x59f4][T0x5a25][MSConfigParser.cpp][parse][41] m_bNeedInitMVW = 1
[2025-09-18 19:30:09 507][5422387][INF][P0x59f4][T0x5a25][MSConfigParser.cpp][parse][46] m_bNeedBypass = 0
[2025-09-18 19:30:09 507][5422387][INF][P0x59f4][T0x5a25][MSConfigParser.cpp][parse][51] m_nBypassMicNum = 2
[2025-09-18 19:30:09 507][5422387][INF][P0x59f4][T0x5a25][MSConfigParser.cpp][parse][56] m_nMVWInstCount = 1
[2025-09-18 19:30:09 507][5422387][INF][P0x59f4][T0x5a25][MSConfigParser.cpp][parse][61] m_bNeedInitVPR = 0
[2025-09-18 19:30:09 507][5422387][INF][P0x59f4][T0x5a25][MSConfigParser.cpp][parse][66] m_bNeedVPRAfterWakeup = 0
[2025-09-18 19:30:09 507][5422387][INF][P0x59f4][T0x5a25][MSConfigParser.cpp][parseDialogueModeConfig][130] m_nGetCloudSemanticsResultSize = 102400
[2025-09-18 19:30:09 507][5422387][INF][P0x59f4][T0x5a25][MSConfigParser.cpp][parseDialogueModeConfig][135] m_bNeedFulltimeWakeup = 1
[2025-09-18 19:30:09 507][5422387][INF][P0x59f4][T0x5a25][MSConfigParser.cpp][parseDialogueModeConfig][140] m_bNeedFulltimeStartOneShotSr = 0
[2025-09-18 19:30:09 507][5422387][INF][P0x59f4][T0x5a25][MSConfigParser.cpp][parseDialogueModeConfig][145] m_bNeedMultimodelWakeup = 0
[2025-09-18 19:30:09 507][5422387][INF][P0x59f4][T0x5a25][MSConfigParser.cpp][parseDialogueModeConfig][150] m_bNeedSemanticTighten = 1
[2025-09-18 19:30:09 507][5422387][INF][P0x59f4][T0x5a25][MSConfigParser.cpp][parseDialogueModeConfig][155] m_bNeedStatusManager = 1
[2025-09-18 19:30:09 507][5422387][INF][P0x59f4][T0x5a25][MSConfigParser.cpp][parseDialogueModeConfig][160] m_bNeedJudgeCustomGram = 0
[2025-09-18 19:30:09 507][5422387][INF][P0x59f4][T0x5a25][MSConfigParser.cpp][parseDialogueModeConfig][165] m_nSrPatternManagerType = 0
[2025-09-18 19:30:09 507][5422387][INF][P0x59f4][T0x5a25][MSConfigParser.cpp][parseDialogueModeConfig][174] m_nIdentifyingSrMode = 0
[2025-09-18 19:30:09 507][5422387][INF][P0x59f4][T0x5a25][MSConfigParser.cpp][parseDialogueModeConfig][179] m_nTwiceWeakSemanticsTime = 5000
[2025-09-18 19:30:09 507][5422387][INF][P0x59f4][T0x5a25][MSConfigParser.cpp][parseDialogueModeConfig][188] MSConfigParser::parse m_vecTwiceWeakPassedService: 0:mapU 1:musicX 2:carControl 3:telephone 4:radio 5:airControl 6:app 7:cmdControl 8:query 9:cmd 10:train 11:flight 12:weather 13:vehicleInfo 14:internetRadio 15:stock 
[2025-09-18 19:30:09 507][5422387][INF][P0x59f4][T0x5a25][MSConfigParser.cpp][parseDialogueModeConfig][194] m_bNeedBrandwordsWakeup = 1
[2025-09-18 19:30:09 507][5422387][INF][P0x59f4][T0x5a25][MSConfigParser.cpp][parseDialogueModeConfig][199] m_nContextIntervalTime = 5000
[2025-09-18 19:30:09 507][5422387][INF][P0x59f4][T0x5a25][MSConfigParser.cpp][parseDialogueModeConfig][204] m_strBrandwords = 奥迪
[2025-09-18 19:30:09 507][5422387][INF][P0x59f4][T0x5a25][MSConfigParser.cpp][parseDialogueModeConfig][213] MSConfigParser::parse m_vecBrandwordsPassedService: 0:mapU 1:musicX 2:carControl 3:telephone 4:radio 5:airControl 6:app 7:cmdControl 8:cmd 9:train 10:query 11:flight 12:weather 13:vehicleInfo 14:internetRadio 15:stock 
[2025-09-18 19:30:09 507][5422387][INF][P0x59f4][T0x5a25][MSConfigParser.cpp][parseDialogueModeConfig][222] MSConfigParser::parse m_vecPassedService: 0:mapU 1:musicX 2:carControl 3:telephone 4:radio 5:airControl 6:app 7:cmdControl 8:cmd 9:train 10:query 11:flight 12:weather 13:vehicleInfo 14:internetRadio 15:stock 
[2025-09-18 19:30:09 507][5422387][INF][P0x59f4][T0x5a25][MSConfigParser.cpp][parseDialogueModeConfig][231] MSConfigParser::parse m_vecExecuteService: 0: 
[2025-09-18 19:30:09 507][5422387][INF][P0x59f4][T0x5a25][MSConfigParser.cpp][parseLogEncryptConfig][293] m_bLogEncrypt is: false
[2025-09-18 19:30:09 507][5422387][INF][P0x59f4][T0x5a25][MSConfigParser.cpp][parseNluResManage][307] nluResManage.enable=0.
[2025-09-18 19:30:09 507][5422387][INF][P0x59f4][T0x5a25][MSConfigParser.cpp][parseNluResManage][314] nluResManage.delayTime=5000.
[2025-09-18 19:30:09 509][5422389][INF][P0x59f4][T0x5a25][CMSIFlyLog.cpp][MsIFlyLogOpen][105] ISSMS 1031_2709
[2025-09-18 19:30:09 509][5422389][INF][P0x59f4][T0x5a25][CMSIFlyLog.cpp][MsIFlyLogOpen][106] ISSMS  PRJVERSION va_version: 2b352b97c, commit: 2025-08-04 18:14:26, build: 2025-08-07 14:07:38
[2025-09-18 19:30:09 509][5422389][INF][P0x59f4][T0x5a25][CMSIFlyLog.cpp][MsIFlyLogOpen][108] ISSMS SoftEncSet
[2025-09-18 19:30:09 509][5422389][INF][P0x59f4][T0x5a25][idas_inl.cpp][Init][82] workpath: /data/user_de/10/com.zone.service.speech/vr/iflytek/Active/MSRes/../Idas/ access success.
[2025-09-18 19:30:09 511][5422390][CRT][P0x59f4][T0x5a25][idas_inl.cpp][Init][113] IDAS.1.0.1006_1900
[2025-09-18 19:30:09 511][5422390][CRT][P0x59f4][T0x5a25][idas_inl.cpp][Init][114] git hash: c2bcc08, commit: 2025-05-15 15:48:45, build: 2025-05-15 15:53:14
[2025-09-18 19:30:09 511][5422390][INF][P0x59f4][T0x5a25][idas_inl.cpp][Init][115] params is [{"appid":"576d9f07","cfg_name":"/mnt/vendor/vr/res/MSRes/..//ISSLog//iss_log.cfg","device_id":"f489b89a87005956","platform":"android","work_path":"/data/user_de/10/com.zone.service.speech/vr/iflytek/Active/MSRes/../Idas/"}
].
[2025-09-18 19:30:09 522][5422401][INF][P0x59f4][T0x5a25][idas_inl.cpp][config][196] config enter.
[2025-09-18 19:30:09 522][5422402][INF][P0x59f4][T0x5a25][idas_inl.cpp][config][199] config queryed.
[2025-09-18 19:30:09 523][5422403][INF][P0x59f4][T0x5a25][idas_inl.cpp][config][228] init params | appid is 576d9f07, device_id is f489b89a87005956, platform is android.
[2025-09-18 19:30:09 526][5422405][INF][P0x59f4][T0x5a25][idas_dumping.cpp][Init][68] IDASDumpingInl::Init() mInited: 0, mDumpConfig.Enable() 1.
[2025-09-18 19:30:09 526][5422406][INF][P0x59f4][T0x5a25][idas_dumping.cpp][Init][80] dumping enable, path is /data/user_de/10/com.zone.service.speech/vr/iflytek/Active/MSRes/../Idas/dumping.
[2025-09-18 19:30:09 545][5422425][ERR][P0x59f4][T0x5a3f][idas_dumping.cpp][CatchMcuException][444] CatchMcuException Open 0.
[2025-09-18 19:30:09 553][5422433][INF][P0x59f4][T0x5a3d][idas_dumping.cpp][Uploading][730] IDASDumpingInl::Uploading mInited: 1
[2025-09-18 19:30:09 555][5422434][INF][P0x59f4][T0x5a25][issmsImpl.cpp][Create][291] SR LanguageType = 0
[2025-09-18 19:30:09 555][5422434][INF][P0x59f4][T0x5a25][issmsImpl.cpp][Create][292] MVW LanguageType = 0
[2025-09-18 19:30:09 555][5422435][INF][P0x59f4][T0x5a25][MsDialogueManager.cpp][SetIsStatusShareMode][400] SetIsStatusShareMode is 1
[2025-09-18 19:30:09 555][5422435][INF][P0x59f4][T0x5a45][MsDialogueManager.cpp][DialogueWorking][132] DialogueWorking(): ThreadId=0xa70ffcb0, Priority=0
[2025-09-18 19:30:09 558][5422438][INF][P0x59f4][T0x5a48][CSharedSrMgr.cpp][thread_SRInitThread][69] SRInitThread(): ThreadId=0xa0c09cb0, Priority=-19
[2025-09-18 19:30:09 558][5422438][INF][P0x59f4][T0x5a25][libissse.cpp][ISSSECreate][52] ISSSECreate | pHandle = 0xb4000071d1614528, szResPath = /mnt/vendor/vr/res/SERes, szSEDenoiseModeName = nn_pt4.saic_audi_pp01.low_cfg
[2025-09-18 19:30:09 558][5422438][INF][P0x59f4][T0x5a25][CIssSe.cpp][CIssSe][82] strLogPath Dir : /mnt/vendor/vr/res/SERes/../ISSLog/iss_log.cfg !
[2025-09-18 19:30:09 558][5422438][INF][P0x59f4][T0x5a25][CSEIFlyLog.cpp][ParseDynamicLogDir][76] strLogCfgFile Dir : /mnt/vendor/vr/res/SERes/../ISSLog/iss_log.cfg !
[2025-09-18 19:30:09 559][5422439][INF][P0x59f4][T0x5a25][CIssSe.cpp][InitLog][1354] SE Log Output Car Dir : /mnt/vendor/vr/res/SERes/../ISSLog/iss_log.cfg !
[2025-09-18 19:30:09 560][5422440][INF][P0x59f4][T0x5a25][CSEIFlyLog.cpp][SEIFlyLogOpen][128] ISSSE 1031_2709
[2025-09-18 19:30:09 560][5422440][INF][P0x59f4][T0x5a25][CSEIFlyLog.cpp][SEIFlyLogOpen][129] ISSSE  PRJVERSION va_version: 2b352b97c, commit: 2025-08-04 18:14:26, build: 2025-08-07 14:07:38
[2025-09-18 19:30:09 560][5422440][INF][P0x59f4][T0x5a25][CSEIFlyLog.cpp][SEIFlyLogOpen][131] ISSSE SoftEnc
[2025-09-18 19:30:09 561][5422440][WAN][P0x59f4][T0x5a25][SeConfigParser.cpp][parseInput][120] Fail to parse BitWidth!
[2025-09-18 19:30:09 561][5422440][INF][P0x59f4][T0x5a25][SeConfigParser.cpp][parseInput][126] BitWidth is: 16.
[2025-09-18 19:30:09 561][5422440][INF][P0x59f4][T0x5a25][SeConfigParser.cpp][parseInput][127] BytePerSample is: 2.
[2025-09-18 19:30:09 561][5422440][INF][P0x59f4][T0x5a25][SeConfigParser.cpp][parseInput][135] SampleRate is: 16000.
[2025-09-18 19:30:09 561][5422440][INF][P0x59f4][T0x5a25][SeConfigParser.cpp][parseOutput][151] OutputAsrAll is: 1.
[2025-09-18 19:30:09 561][5422440][INF][P0x59f4][T0x5a25][SeConfigParser.cpp][parseOutput][156] m_bTDEnabled is: 0.
[2025-09-18 19:30:09 561][5422440][INF][P0x59f4][T0x5a25][SeConfigParser.cpp][parseOutput][161] m_bConvert2Interleaving is: 0.
[2025-09-18 19:30:09 561][5422441][INF][P0x59f4][T0x5a25][SeConfigParser.cpp][parseAuth][273] m_szAppid is : 576d9f07
[2025-09-18 19:30:09 561][5422441][INF][P0x59f4][T0x5a25][SeConfigParser.cpp][parseAuth][285] m_strAuthURL is : autodev.openspeech.cn
[2025-09-18 19:30:09 561][5422441][INF][P0x59f4][T0x5a25][SeConfigParser.cpp][parseAuth][309] m_iNoLicenseUseNum is : 60000
[2025-09-18 19:30:09 561][5422441][INF][P0x59f4][T0x5a25][SeConfigParser.cpp][parseDebug][337] EnableMoreDebugLog is: 0.
[2025-09-18 19:30:09 561][5422441][INF][P0x59f4][T0x5a25][SeConfigParser.cpp][parseDebug][343] IsLogPcm is: 1.
[2025-09-18 19:30:09 561][5422441][INF][P0x59f4][T0x5a25][SeConfigParser.cpp][parseDebug][350] PcmLogLength is: 0.
[2025-09-18 19:30:09 561][5422441][INF][P0x59f4][T0x5a25][SeConfigParser.cpp][parseDebug][357] PcmLogMaxCount is: 0.
[2025-09-18 19:30:09 561][5422441][INF][P0x59f4][T0x5a25][SeConfigParser.cpp][parseDebug][363] LogInputPcmChannel is: 0.
[2025-09-18 19:30:09 561][5422441][INF][P0x59f4][T0x5a25][SeConfigParser.cpp][parseDebug][368] EngineDebug is: .
[2025-09-18 19:30:09 561][5422441][INF][P0x59f4][T0x5a25][SeConfigParser.cpp][parseEngine][181] optimizeType is: 1.
[2025-09-18 19:30:09 561][5422441][INF][P0x59f4][T0x5a25][SeConfigParser.cpp][parseChannelsTransformRules][241] enable is: 0.
[2025-09-18 19:30:09 561][5422441][INF][P0x59f4][T0x5a25][SeConfigParser.cpp][parse][98] enableRegionManage is: 0.
[2025-09-18 19:30:09 561][5422441][INF][P0x59f4][T0x5a25][SeConfigParser.cpp][parse][105] enableRTF is: 0.
[2025-09-18 19:30:09 561][5422441][WAN][P0x59f4][T0x5a25][CIssSe.cpp][InitIdas][1218] strCfgFile: /mnt/vendor/vr/res/SERes/../ISSLog
[2025-09-18 19:30:09 561][5422441][WAN][P0x59f4][T0x5a25][CIssSe.cpp][CIssSe][152] not find config </mnt/vendor/vr/res/SERes/config/nn_pt4.saic_audi_pp01.low_cfg.ini.enc>
[2025-09-18 19:30:09 561][5422441][INF][P0x59f4][T0x5a25][CIssSe.cpp][CIssSe][169] use cfg file /mnt/vendor/vr/res/SERes/config/nn_pt4.saic_audi_pp01.low_cfg.ini
[2025-09-18 19:30:09 561][5422441][INF][P0x59f4][T0x5a25][SeInterface.cpp][initLibrary][94] SEInterface::initLibrary LoadLibrary libivSEEngine.so
[2025-09-18 19:30:09 558][5422438][INF][P0x59f4][T0x5a48][libisssr2.cpp][ISSSR2Init][34] ISSSR2Init | szResPath: /mnt/vendor/vr/res/SRRes, eAcousLang: 0
[2025-09-18 19:30:09 559][5422438][INF][P0x59f4][T0x5a48][SrConfigParser.cpp][parseProjectConfig][304] Appid is set to 576d9f07.
[2025-09-18 19:30:09 559][5422438][INF][P0x59f4][T0x5a48][SrConfigParser.cpp][parseProjectConfig][308] NliUserId is set to car_saic_audi.
[2025-09-18 19:30:09 559][5422438][INF][P0x59f4][T0x5a48][SrConfigParser.cpp][parseProjectConfig][312] TestModeEnabled is set to 0.
[2025-09-18 19:30:09 559][5422438][INF][P0x59f4][T0x5a48][SrConfigParser.cpp][parseProjectConfig][316] ApiKey is set to c6661d29e4def897721f7a3fa6b8ccb2.
[2025-09-18 19:30:09 559][5422438][INF][P0x59f4][T0x5a48][SrConfigParser.cpp][parseProjectConfig][319] ApiSecret is set to NWZmZjk4NTI0ODYwNmE5NTYzY2U4ZGQz.
[2025-09-18 19:30:09 559][5422438][INF][P0x59f4][T0x5a48][SrConfigParser.cpp][parseProjectConfig][328] m_iNoLicenseUseNum is : 10
[2025-09-18 19:30:09 559][5422438][INF][P0x59f4][T0x5a48][SrConfigParser.cpp][parseAuthConfig][413] m_strLESLUrl set to default: autodev.openspeech.cn
[2025-09-18 19:30:09 559][5422438][INF][P0x59f4][T0x5a48][SrConfigParser.cpp][parseAuthConfig][422] m_nLESLAuthScheme set to 0
[2025-09-18 19:30:09 559][5422439][INF][P0x59f4][T0x5a48][SrConfigParser.cpp][parseResOTAConfig][1043] m_bEnableResOTA is: false
[2025-09-18 19:30:09 559][5422439][INF][P0x59f4][T0x5a48][SrConfigParser.cpp][parseResOTAConfig][1046] m_strResPathForOTA is: 
[2025-09-18 19:30:09 559][5422439][INF][P0x59f4][T0x5a48][SrConfigParser.cpp][parseResOTAConfig][1049] m_strAppidForOTA is: 
[2025-09-18 19:30:09 559][5422439][INF][P0x59f4][T0x5a48][SrConfigParser.cpp][parseResOTAConfig][1052] m_strDeviceIdForOTA is: 
[2025-09-18 19:30:09 559][5422439][INF][P0x59f4][T0x5a48][SrConfigParser.cpp][parseResOTAConfig][1055] m_strUrlForOTA is: autotest.openspeech.cn/auto-ota-web-v2
[2025-09-18 19:30:09 559][5422439][INF][P0x59f4][T0x5a48][SrConfigParser.cpp][parseResOTAConfig][1058] m_strDomainForDeviceRegister is: autopre.openspeech.cn
[2025-09-18 19:30:09 559][5422439][INF][P0x59f4][T0x5a48][SrConfigParser.cpp][parseLogEncryptConfig][1142] m_bLogEncrypt is: false
[2025-09-18 19:30:09 559][5422439][INF][P0x59f4][T0x5a48][SrConfigParser.cpp][parseUploadStatus][1152] m_bAsyncUploadStatus is: false
[2025-09-18 19:30:09 560][5422440][INF][P0x59f4][T0x5a48][SrConfigParser.cpp][parseAuthConfig][403] SR SwEncCountExpiredReminder set to 40
[2025-09-18 19:30:09 560][5422440][INF][P0x59f4][T0x5a48][SrConfigParser.cpp][parseAuthConfig][406] SR SwEncTimeExpiredReminder set to 72000
[2025-09-18 19:30:09 560][5422440][INF][P0x59f4][T0x5a48][SrConfigParser.cpp][parseAuthConfig][410] m_strLESLUrl set to autodev.openspeech.cn
[2025-09-18 19:30:09 560][5422440][INF][P0x59f4][T0x5a48][SrConfigParser.cpp][parseAuthConfig][426] m_nLESLAuthScheme set to default: 0
[2025-09-18 19:30:09 560][5422440][INF][P0x59f4][T0x5a48][SrConfigParser.cpp][parseThreadConfig][442] AbandonLocalSrResultConsideringConfidenceScore if ConfidenceScore is lower than -600.
[2025-09-18 19:30:09 560][5422440][INF][P0x59f4][T0x5a48][SrConfigParser.cpp][parseRuntimeConfig][361] m_ulMaxRingBufferSizeVad is 983040
[2025-09-18 19:30:09 560][5422440][INF][P0x59f4][T0x5a48][SrConfigParser.cpp][parseRuntimeConfig][370] m_ulMaxRingBufferSizeSR is 983040
[2025-09-18 19:30:09 560][5422440][INF][P0x59f4][T0x5a48][SrConfigParser.cpp][parseRuntimeConfig][379] m_ulMaxRingBufferSizeCIAT is 983040
[2025-09-18 19:30:09 560][5422440][INF][P0x59f4][T0x5a48][SrConfigParser.cpp][parseRuntimeConfig][383] m_bEnableConfigCenterDownload is: false
[2025-09-18 19:30:09 560][5422440][INF][P0x59f4][T0x5a48][SrConfigParser.cpp][parseRuntimeConfig][387] m_bEnableVpr is: false
[2025-09-18 19:30:09 560][5422440][INF][P0x59f4][T0x5a48][SrConfigParser.cpp][parseRuntimeConfig][391] m_nVprInstMode is: 3
[2025-09-18 19:30:09 560][5422440][INF][P0x59f4][T0x5a48][SrConfigParser.cpp][parseVadModle][464] EnableLocalSad On.
[2025-09-18 19:30:09 560][5422440][INF][P0x59f4][T0x5a48][SrConfigParser.cpp][parseVadModle][468] SwitchVad On.
[2025-09-18 19:30:09 560][5422440][INF][P0x59f4][T0x5a48][ConfigVad.cpp][parseAvvadSet][121] m_bEnableAvvad is: false
[2025-09-18 19:30:09 560][5422440][INF][P0x59f4][T0x5a48][ConfigVad.cpp][parseAvvadSet][126] m_bEnableTimeoutHandle is: false
[2025-09-18 19:30:09 560][5422440][INF][P0x59f4][T0x5a48][SrConfigParser.cpp][parseSRConfig][477] Enable Local SR.
[2025-09-18 19:30:09 560][5422440][INF][P0x59f4][T0x5a48][SrConfigParser.cpp][parseSRConfig][481] Enable Cloud SR.
[2025-09-18 19:30:09 560][5422440][INF][P0x59f4][T0x5a48][SrConfigParser.cpp][parseSRConfig][485] DisableUploadDictToCloud is false.
[2025-09-18 19:30:09 560][5422440][INF][P0x59f4][T0x5a48][SrConfigParser.cpp][parseSRConfig][489] CouldStartLocalRecogniseWhenBuildLocalGrm is true.
[2025-09-18 19:30:09 560][5422440][INF][P0x59f4][T0x5a48][SrConfigParser.cpp][parseSRConfig][493] m_nCountOfDictMax setted to 5000
[2025-09-18 19:30:09 560][5422440][INF][P0x59f4][T0x5a48][SrConfigParser.cpp][parseSRConfig][500] GetKeyValue "UploadDict" success.
[2025-09-18 19:30:09 560][5422440][INF][P0x59f4][T0x5a48][SrConfigParser.cpp][parseSRConfig][504] m_nModeSelectPoi is 0.
[2025-09-18 19:30:09 560][5422440][INF][P0x59f4][T0x5a48][SrConfigParser.cpp][parseSRConfig][508] m_iUploadDictMode is 1.
[2025-09-18 19:30:09 560][5422440][INF][P0x59f4][T0x5a48][SrConfigParser.cpp][parseSRConfig][513] m_bEnableContinuousModel is: true
[2025-09-18 19:30:09 560][5422440][INF][P0x59f4][T0x5a48][SrConfigParser.cpp][parseSRConfig][517] m_nSrEngineType set to 0
[2025-09-18 19:30:09 560][5422440][INF][P0x59f4][T0x5a48][SrConfigParser.cpp][parseSRConfig][520] m_nEsrLoadVersion set to 1
[2025-09-18 19:30:09 560][5422440][INF][P0x59f4][T0x5a48][SrConfigParser.cpp][parseSRConfig][524] NLILoadResMode set to 0
[2025-09-18 19:30:09 560][5422440][INF][P0x59f4][T0x5a48][SrConfigParser.cpp][parseSRConfig][528] ClearResultMode set to 0
[2025-09-18 19:30:09 560][5422440][INF][P0x59f4][T0x5a48][SrConfigParser.cpp][parseSRConfig][532] m_bEnableFsaMemLoad is: true
[2025-09-18 19:30:09 561][5422441][INF][P0x59f4][T0x5a48][SrConfigParser.cpp][parseHybridVRStrategy][719] Focus Name: weather
[2025-09-18 19:30:09 561][5422441][INF][P0x59f4][T0x5a48][SrConfigParser.cpp][parseHybridVRStrategy][719] Focus Name: stock
Warning: "/data/app/~~2x-_Gqb6sRrSSpn7bu4yTQ==/com.zone.service.speech-5BlJtQ5l_fq9bvJRN1l6-Q==/base.apk!/lib/arm64-v8a/libivSEEngine.so" unused DT entry: DT_RPATH (type 0xf arg 0x531) (ignoring)
[2025-09-18 19:30:09 570][5422449][INF][P0x59f4][T0x5a25][SeInterface.cpp][initLibrary][119] LoadLibrary libivSEEngine.so success
[2025-09-18 19:30:09 561][5422441][INF][P0x59f4][T0x5a48][SrConfigParser.cpp][parseHybridVRStrategy][719] Focus Name: news
[2025-09-18 19:30:09 561][5422441][INF][P0x59f4][T0x5a48][SrConfigParser.cpp][parseHybridVRStrategy][719] Focus Name: flight
[2025-09-18 19:30:09 561][5422441][INF][P0x59f4][T0x5a48][SrConfigParser.cpp][parseHybridVRStrategy][719] Focus Name: train
[2025-09-18 19:30:09 561][5422441][INF][P0x59f4][T0x5a48][SrConfigParser.cpp][parseHybridVRStrategy][719] Focus Name: restaurant
[2025-09-18 19:30:09 561][5422441][INF][P0x59f4][T0x5a48][SrConfigParser.cpp][parseHybridVRStrategy][719] Focus Name: hotel
[2025-09-18 19:30:09 561][5422441][INF][P0x59f4][T0x5a48][SrConfigParser.cpp][parsePGSConfig][804] m_bEnablePgs is: true
[2025-09-18 19:30:09 561][5422441][INF][P0x59f4][T0x5a48][SrConfigParser.cpp][parsePGSConfig][808] m_bEnableLocalPgsEnglishFilter is: false
[2025-09-18 19:30:09 561][5422441][INF][P0x59f4][T0x5a48][SrConfigParser.cpp][parsePGSConfig][812] m_iHybridPgs is: 3
[2025-09-18 19:30:09 561][5422441][INF][P0x59f4][T0x5a48][SrConfigParser.cpp][parsePGSConfig][816] m_bPgsUniformSpeed is: 1
[2025-09-18 19:30:09 561][5422441][INF][P0x59f4][T0x5a48][SrConfigParser.cpp][parsePGSConfig][820] m_iPgsMaxSpeed is: 150
[2025-09-18 19:30:09 561][5422441][INF][P0x59f4][T0x5a48][SrConfigParser.cpp][parsePGSConfig][824] m_iPgsMinSpeedTime is: 75
[2025-09-18 19:30:09 561][5422441][INF][P0x59f4][T0x5a48][SrConfigParser.cpp][parsePGSConfig][828] m_iHybridPgsTimeOut is: 800
[2025-09-18 19:30:09 561][5422441][INF][P0x59f4][T0x5a48][SrConfigParser.cpp][parsePGSConfig][832] m_bEnablePgsResultPostProcess is: false
[2025-09-18 19:30:09 561][5422441][INF][P0x59f4][T0x5a48][SrConfigParser.cpp][parseNLUConfig][870] m_bEnableLocalNLU is: true
[2025-09-18 19:30:09 561][5422441][INF][P0x59f4][T0x5a48][SrConfigParser.cpp][parseNLUConfig][874] m_bEnableSpWord is: true
[2025-09-18 19:30:09 561][5422441][INF][P0x59f4][T0x5a48][SrConfigParser.cpp][parseSWFilterConfig][884] m_bEnableSWFilter is: false
[2025-09-18 19:30:09 561][5422441][INF][P0x59f4][T0x5a48][SrConfigParser.cpp][parseSWFilterConfig][888] m_bEnableSWFilterSync is: false
[2025-09-18 19:30:09 561][5422441][INF][P0x59f4][T0x5a48][SrConfigParser.cpp][parseSWFilterConfig][892] m_strSWFilterFormat is: *
[2025-09-18 19:30:09 561][5422441][INF][P0x59f4][T0x5a48][SrConfigParser.cpp][parseCataConfig][899] m_bEnableSrCata is: true
[2025-09-18 19:30:09 561][5422441][INF][P0x59f4][T0x5a48][SrConfigParser.cpp][parseCataConfig][903] m_strCataResPath is: /../CataRes
[2025-09-18 19:30:09 561][5422441][INF][P0x59f4][T0x5a48][SrConfigParser.cpp][parseAIKitConfig][1005] m_strScene set to main
[2025-09-18 19:30:09 561][5422441][INF][P0x59f4][T0x5a48][SrConfigParser.cpp][parseAIKitConfig][1014] m_bAIUIWriteAudioCodec set to true
[2025-09-18 19:30:09 561][5422441][INF][P0x59f4][T0x5a48][SrConfigParser.cpp][parseAIKitConfig][1017] m_nAikitThreadNum set to 12
[2025-09-18 19:30:09 561][5422441][INF][P0x59f4][T0x5a48][SrConfigParser.cpp][parseAIKitConfig][1020] m_nAikitSessionSize set to 20
[2025-09-18 19:30:09 561][5422441][INF][P0x59f4][T0x5a48][SrConfigParser.cpp][parseMultiDictConfig][1031] m_bEnableMultiDict is: false
[2025-09-18 19:30:09 561][5422441][INF][P0x59f4][T0x5a48][SrConfigParser.cpp][parseMultiDictConfig][1034] m_iMultiDictNum is: 4
[2025-09-18 19:30:09 561][5422441][INF][P0x59f4][T0x5a48][SrConfigParser.cpp][parseLocalSparkConfig][1082] m_bEnableLocalSpark is: false
[2025-09-18 19:30:09 561][5422441][INF][P0x59f4][T0x5a48][SrConfigParser.cpp][parseCloudSparkConfig][1094] m_nMaxNum is: 2
[2025-09-18 19:30:09 561][5422441][INF][P0x59f4][T0x5a48][SrConfigParser.cpp][parseCloudSparkConfig][1097] m_nPolicy is: 2
[2025-09-18 19:30:09 561][5422441][INF][P0x59f4][T0x5a48][SrConfigParser.cpp][parseEncodeImageConfig][1109] m_bEnableEncodeImage is: false
[2025-09-18 19:30:09 573][5422452][INF][P0x59f4][T0x5a25][CIssSe.cpp][CIssSe][193] CIssSe check res_version of CTTSConfigParser::m_strActivePath
[2025-09-18 19:30:09 561][5422441][INF][P0x59f4][T0x5a48][SrConfigParser.cpp][parseEncodeImageConfig][1118] ImageWidth = 1920
[2025-09-18 19:30:09 561][5422441][INF][P0x59f4][T0x5a48][SrConfigParser.cpp][parseEncodeImageConfig][1122] ImageHeigth = 1080
[2025-09-18 19:30:09 573][5422453][INF][P0x59f4][T0x5a25][CIssSe.cpp][CIssSe][196] CIssSe check res_version of strDefaultActivePath
[2025-09-18 19:30:09 561][5422441][INF][P0x59f4][T0x5a48][SrConfigParser.cpp][parseEncodeImageConfig][1126] ImageFormat = raw_bgr
[2025-09-18 19:30:09 561][5422441][INF][P0x59f4][T0x5a48][SrConfigParser.cpp][parseIntentRecConfig][952] RecallWhiteListOnly is: false
[2025-09-18 19:30:09 561][5422441][INF][P0x59f4][T0x5a48][SrConfigParser.cpp][parseIntentRecConfig][957] m_bEnableLocalEdgeIntent is: true
[2025-09-18 19:30:09 561][5422441][INF][P0x59f4][T0x5a48][SrConfigParser.cpp][parseIntentRecConfig][960] m_bEnableIrecFilter is: true
[2025-09-18 19:30:09 561][5422441][INF][P0x59f4][T0x5a48][SrConfigParser.cpp][parseIntentRecConfig][963] m_bEnableIntentDecision is: false
[2025-09-18 19:30:09 561][5422441][INF][P0x59f4][T0x5a48][SrConfigParser.cpp][parseIntentRecConfig][966] m_bEnableLipsDetect is: false
[2025-09-18 19:30:09 561][5422441][INF][P0x59f4][T0x5a48][SrConfigParser.cpp][parseIntentRecConfig][969] m_bEnableFullTimePgs is: false
[2025-09-18 19:30:09 561][5422441][INF][P0x59f4][T0x5a48][SrConfigParser.cpp][parseIntentRecConfig][972] m_bEnableWhiteList is: false
[2025-09-18 19:30:09 561][5422441][INF][P0x59f4][T0x5a48][SrConfigParser.cpp][parseIntentRecConfig][981] m_bEnableBrandWordWakeUp is: true
[2025-09-18 19:30:09 561][5422441][INF][P0x59f4][T0x5a48][SrConfigParser.cpp][parseIntentRecConfig][985] m_nBrandWordText is: 奥迪
[2025-09-18 19:30:09 561][5422441][INF][P0x59f4][T0x5a48][SrConfigParser.cpp][parseIntentRecConfig][990] m_nBrandWordIncent is: -1
[2025-09-18 19:30:09 561][5422441][INF][P0x59f4][T0x5a48][SrConfigParser.cpp][parseIntentRecConfig][993] m_nContextIntervalTime is: 5000
[2025-09-18 19:30:09 574][5422454][INF][P0x59f4][T0x5a48][CSRIFlyLog.cpp][SRIFlyLogOpen][117] ISSSR 1031_2709
[2025-09-18 19:30:09 575][5422454][INF][P0x59f4][T0x5a48][CSRIFlyLog.cpp][SRIFlyLogOpen][118] ISSSR  PRJVERSION va_version: 2b352b97c, commit: 2025-08-04 18:14:26, build: 2025-08-07 14:07:38
[2025-09-18 19:30:09 575][5422454][INF][P0x59f4][T0x5a48][CSRIFlyLog.cpp][SRIFlyLogOpen][120] ISSSR SoftEnc
[2025-09-18 19:30:09 574][5422454][INF][P0x59f4][T0x5a25][CIssSe.cpp][CIssSe][210] SE_ISS SE 1031_2709
[2025-09-18 19:30:09 575][5422455][INF][P0x59f4][T0x5a25][CIssSe.cpp][CIssSe][211] SE_ISS SE  PRJVERSION va_version: 2b352b97c, commit: 2025-08-04 18:14:26, build: 2025-08-07 14:07:38
[2025-09-18 19:30:09 575][5422455][INF][P0x59f4][T0x5a25][CIssSe.cpp][CIssSe][212] ENCTYPE: SoftEnc
[2025-09-18 19:30:09 576][5422456][INF][P0x59f4][T0x5a48][SrConfigParser.cpp][parseProjectConfig][304] Appid is set to 576d9f07.
[2025-09-18 19:30:09 577][5422456][INF][P0x59f4][T0x5a48][SrConfigParser.cpp][parseProjectConfig][308] NliUserId is set to car_saic_audi.
[2025-09-18 19:30:09 577][5422456][INF][P0x59f4][T0x5a48][SrConfigParser.cpp][parseProjectConfig][312] TestModeEnabled is set to 0.
[2025-09-18 19:30:09 577][5422456][INF][P0x59f4][T0x5a48][SrConfigParser.cpp][parseProjectConfig][316] ApiKey is set to c6661d29e4def897721f7a3fa6b8ccb2.
[2025-09-18 19:30:09 577][5422456][INF][P0x59f4][T0x5a48][SrConfigParser.cpp][parseProjectConfig][319] ApiSecret is set to NWZmZjk4NTI0ODYwNmE5NTYzY2U4ZGQz.
[2025-09-18 19:30:09 577][5422456][INF][P0x59f4][T0x5a48][SrConfigParser.cpp][parseProjectConfig][328] m_iNoLicenseUseNum is : 10
[2025-09-18 19:30:09 577][5422456][INF][P0x59f4][T0x5a48][SrConfigParser.cpp][parseAuthConfig][413] m_strLESLUrl set to default: autodev.openspeech.cn
[2025-09-18 19:30:09 577][5422456][INF][P0x59f4][T0x5a48][SrConfigParser.cpp][parseAuthConfig][422] m_nLESLAuthScheme set to 0
[2025-09-18 19:30:09 577][5422456][INF][P0x59f4][T0x5a48][SrConfigParser.cpp][parseResOTAConfig][1043] m_bEnableResOTA is: false
[2025-09-18 19:30:09 577][5422456][INF][P0x59f4][T0x5a48][SrConfigParser.cpp][parseResOTAConfig][1046] m_strResPathForOTA is: 
[2025-09-18 19:30:09 577][5422456][INF][P0x59f4][T0x5a48][SrConfigParser.cpp][parseResOTAConfig][1049] m_strAppidForOTA is: 
[2025-09-18 19:30:09 577][5422456][INF][P0x59f4][T0x5a48][SrConfigParser.cpp][parseResOTAConfig][1052] m_strDeviceIdForOTA is: 
[2025-09-18 19:30:09 577][5422456][INF][P0x59f4][T0x5a48][SrConfigParser.cpp][parseResOTAConfig][1055] m_strUrlForOTA is: autotest.openspeech.cn/auto-ota-web-v2
[2025-09-18 19:30:09 577][5422457][INF][P0x59f4][T0x5a48][SrConfigParser.cpp][parseResOTAConfig][1058] m_strDomainForDeviceRegister is: autopre.openspeech.cn
[2025-09-18 19:30:09 577][5422457][INF][P0x59f4][T0x5a48][SrConfigParser.cpp][parseLogEncryptConfig][1142] m_bLogEncrypt is: false
[2025-09-18 19:30:09 577][5422457][INF][P0x59f4][T0x5a48][SrConfigParser.cpp][parseUploadStatus][1152] m_bAsyncUploadStatus is: false
LESL.1.0.1015_0700 SET git hash: 6ab0d7c, commit: 2025-02-20 17:26:52, build: 2025-02-24 01:55:09
[2025-09-18 19:30:09 579][5422459][INF][P0x59f4][T0x5a48][SrConfigParser.cpp][parseAuthConfig][403] SR SwEncCountExpiredReminder set to 40
[2025-09-18 19:30:09 579][5422459][INF][P0x59f4][T0x5a48][SrConfigParser.cpp][parseAuthConfig][406] SR SwEncTimeExpiredReminder set to 72000
[2025-09-18 19:30:09 579][5422459][INF][P0x59f4][T0x5a48][SrConfigParser.cpp][parseAuthConfig][410] m_strLESLUrl set to autodev.openspeech.cn
[2025-09-18 19:30:09 579][5422459][INF][P0x59f4][T0x5a48][SrConfigParser.cpp][parseAuthConfig][426] m_nLESLAuthScheme set to default: 0
[2025-09-18 19:30:09 579][5422459][INF][P0x59f4][T0x5a48][SrConfigParser.cpp][parseThreadConfig][442] AbandonLocalSrResultConsideringConfidenceScore if ConfidenceScore is lower than -600.
[2025-09-18 19:30:09 579][5422459][INF][P0x59f4][T0x5a48][SrConfigParser.cpp][parseRuntimeConfig][361] m_ulMaxRingBufferSizeVad is 983040
[2025-09-18 19:30:09 579][5422459][INF][P0x59f4][T0x5a48][SrConfigParser.cpp][parseRuntimeConfig][370] m_ulMaxRingBufferSizeSR is 983040
[2025-09-18 19:30:09 579][5422459][INF][P0x59f4][T0x5a48][SrConfigParser.cpp][parseRuntimeConfig][379] m_ulMaxRingBufferSizeCIAT is 983040
[2025-09-18 19:30:09 579][5422459][INF][P0x59f4][T0x5a48][SrConfigParser.cpp][parseRuntimeConfig][383] m_bEnableConfigCenterDownload is: false
[2025-09-18 19:30:09 579][5422459][INF][P0x59f4][T0x5a48][SrConfigParser.cpp][parseRuntimeConfig][387] m_bEnableVpr is: false
[2025-09-18 19:30:09 579][5422459][INF][P0x59f4][T0x5a48][SrConfigParser.cpp][parseRuntimeConfig][391] m_nVprInstMode is: 3
[2025-09-18 19:30:09 579][5422459][INF][P0x59f4][T0x5a48][SrConfigParser.cpp][parseVadModle][464] EnableLocalSad On.
[2025-09-18 19:30:09 579][5422459][INF][P0x59f4][T0x5a48][SrConfigParser.cpp][parseVadModle][468] SwitchVad On.
[2025-09-18 19:30:09 579][5422459][INF][P0x59f4][T0x5a48][ConfigVad.cpp][parseAvvadSet][121] m_bEnableAvvad is: false
[2025-09-18 19:30:09 580][5422459][INF][P0x59f4][T0x5a48][ConfigVad.cpp][parseAvvadSet][126] m_bEnableTimeoutHandle is: false
[2025-09-18 19:30:09 580][5422459][INF][P0x59f4][T0x5a48][SrConfigParser.cpp][parseSRConfig][477] Enable Local SR.
[2025-09-18 19:30:09 580][5422459][INF][P0x59f4][T0x5a48][SrConfigParser.cpp][parseSRConfig][481] Enable Cloud SR.
[2025-09-18 19:30:09 580][5422459][INF][P0x59f4][T0x5a48][SrConfigParser.cpp][parseSRConfig][485] DisableUploadDictToCloud is false.
[2025-09-18 19:30:09 580][5422459][INF][P0x59f4][T0x5a48][SrConfigParser.cpp][parseSRConfig][489] CouldStartLocalRecogniseWhenBuildLocalGrm is true.
[2025-09-18 19:30:09 580][5422459][INF][P0x59f4][T0x5a48][SrConfigParser.cpp][parseSRConfig][493] m_nCountOfDictMax setted to 5000
[2025-09-18 19:30:09 582][5422461][INF][P0x59f4][T0x5a48][SrConfigParser.cpp][parseSRConfig][500] GetKeyValue "UploadDict" success.
[2025-09-18 19:30:09 582][5422461][INF][P0x59f4][T0x5a48][SrConfigParser.cpp][parseSRConfig][504] m_nModeSelectPoi is 0.
[2025-09-18 19:30:09 582][5422461][INF][P0x59f4][T0x5a48][SrConfigParser.cpp][parseSRConfig][508] m_iUploadDictMode is 1.
[2025-09-18 19:30:09 582][5422461][INF][P0x59f4][T0x5a48][SrConfigParser.cpp][parseSRConfig][513] m_bEnableContinuousModel is: true
[2025-09-18 19:30:09 582][5422461][INF][P0x59f4][T0x5a48][SrConfigParser.cpp][parseSRConfig][517] m_nSrEngineType set to 0
[2025-09-18 19:30:09 582][5422461][INF][P0x59f4][T0x5a48][SrConfigParser.cpp][parseSRConfig][520] m_nEsrLoadVersion set to 1
[2025-09-18 19:30:09 582][5422461][INF][P0x59f4][T0x5a48][SrConfigParser.cpp][parseSRConfig][524] NLILoadResMode set to 0
[2025-09-18 19:30:09 582][5422461][INF][P0x59f4][T0x5a48][SrConfigParser.cpp][parseSRConfig][528] ClearResultMode set to 0
[2025-09-18 19:30:09 582][5422461][INF][P0x59f4][T0x5a48][SrConfigParser.cpp][parseSRConfig][532] m_bEnableFsaMemLoad is: true
[2025-09-18 19:30:09 582][5422462][INF][P0x59f4][T0x5a48][SrConfigParser.cpp][parseHybridVRStrategy][719] Focus Name: weather
[2025-09-18 19:30:09 582][5422462][INF][P0x59f4][T0x5a48][SrConfigParser.cpp][parseHybridVRStrategy][719] Focus Name: stock
[2025-09-18 19:30:09 582][5422462][INF][P0x59f4][T0x5a48][SrConfigParser.cpp][parseHybridVRStrategy][719] Focus Name: news
[2025-09-18 19:30:09 582][5422462][INF][P0x59f4][T0x5a48][SrConfigParser.cpp][parseHybridVRStrategy][719] Focus Name: flight
[2025-09-18 19:30:09 582][5422462][INF][P0x59f4][T0x5a48][SrConfigParser.cpp][parseHybridVRStrategy][719] Focus Name: train
[2025-09-18 19:30:09 582][5422462][INF][P0x59f4][T0x5a48][SrConfigParser.cpp][parseHybridVRStrategy][719] Focus Name: restaurant
[2025-09-18 19:30:09 582][5422462][INF][P0x59f4][T0x5a48][SrConfigParser.cpp][parseHybridVRStrategy][719] Focus Name: hotel
[2025-09-18 19:30:09 582][5422462][INF][P0x59f4][T0x5a48][SrConfigParser.cpp][parsePGSConfig][804] m_bEnablePgs is: true
[2025-09-18 19:30:09 582][5422462][INF][P0x59f4][T0x5a48][SrConfigParser.cpp][parsePGSConfig][808] m_bEnableLocalPgsEnglishFilter is: false
[2025-09-18 19:30:09 582][5422462][INF][P0x59f4][T0x5a48][SrConfigParser.cpp][parsePGSConfig][812] m_iHybridPgs is: 3
[2025-09-18 19:30:09 582][5422462][INF][P0x59f4][T0x5a48][SrConfigParser.cpp][parsePGSConfig][816] m_bPgsUniformSpeed is: 1
[2025-09-18 19:30:09 582][5422462][INF][P0x59f4][T0x5a48][SrConfigParser.cpp][parsePGSConfig][820] m_iPgsMaxSpeed is: 150
[2025-09-18 19:30:09 582][5422462][INF][P0x59f4][T0x5a48][SrConfigParser.cpp][parsePGSConfig][824] m_iPgsMinSpeedTime is: 75
[2025-09-18 19:30:09 582][5422462][INF][P0x59f4][T0x5a48][SrConfigParser.cpp][parsePGSConfig][828] m_iHybridPgsTimeOut is: 800
[2025-09-18 19:30:09 582][5422462][INF][P0x59f4][T0x5a48][SrConfigParser.cpp][parsePGSConfig][832] m_bEnablePgsResultPostProcess is: false
[2025-09-18 19:30:09 582][5422462][INF][P0x59f4][T0x5a48][SrConfigParser.cpp][parseNLUConfig][870] m_bEnableLocalNLU is: true
[2025-09-18 19:30:09 582][5422462][INF][P0x59f4][T0x5a48][SrConfigParser.cpp][parseNLUConfig][874] m_bEnableSpWord is: true
[2025-09-18 19:30:09 582][5422462][INF][P0x59f4][T0x5a48][SrConfigParser.cpp][parseSWFilterConfig][884] m_bEnableSWFilter is: false
[2025-09-18 19:30:09 582][5422462][INF][P0x59f4][T0x5a48][SrConfigParser.cpp][parseSWFilterConfig][888] m_bEnableSWFilterSync is: false
[2025-09-18 19:30:09 582][5422462][INF][P0x59f4][T0x5a48][SrConfigParser.cpp][parseSWFilterConfig][892] m_strSWFilterFormat is: *
[2025-09-18 19:30:09 582][5422462][INF][P0x59f4][T0x5a48][SrConfigParser.cpp][parseCataConfig][899] m_bEnableSrCata is: true
[2025-09-18 19:30:09 583][5422462][INF][P0x59f4][T0x5a48][SrConfigParser.cpp][parseCataConfig][903] m_strCataResPath is: /../CataRes
[2025-09-18 19:30:09 583][5422462][INF][P0x59f4][T0x5a48][SrConfigParser.cpp][parseAIKitConfig][1005] m_strScene set to main
[2025-09-18 19:30:09 583][5422462][INF][P0x59f4][T0x5a48][SrConfigParser.cpp][parseAIKitConfig][1014] m_bAIUIWriteAudioCodec set to true
[2025-09-18 19:30:09 583][5422462][INF][P0x59f4][T0x5a48][SrConfigParser.cpp][parseAIKitConfig][1017] m_nAikitThreadNum set to 12
[2025-09-18 19:30:09 583][5422462][INF][P0x59f4][T0x5a48][SrConfigParser.cpp][parseAIKitConfig][1020] m_nAikitSessionSize set to 20
[2025-09-18 19:30:09 583][5422462][INF][P0x59f4][T0x5a48][SrConfigParser.cpp][parseMultiDictConfig][1031] m_bEnableMultiDict is: false
[2025-09-18 19:30:09 583][5422462][INF][P0x59f4][T0x5a48][SrConfigParser.cpp][parseMultiDictConfig][1034] m_iMultiDictNum is: 4
[2025-09-18 19:30:09 583][5422462][INF][P0x59f4][T0x5a48][SrConfigParser.cpp][parseLocalSparkConfig][1082] m_bEnableLocalSpark is: false
[2025-09-18 19:30:09 583][5422462][INF][P0x59f4][T0x5a48][SrConfigParser.cpp][parseCloudSparkConfig][1094] m_nMaxNum is: 2
[2025-09-18 19:30:09 583][5422462][INF][P0x59f4][T0x5a48][SrConfigParser.cpp][parseCloudSparkConfig][1097] m_nPolicy is: 2
[2025-09-18 19:30:09 583][5422463][INF][P0x59f4][T0x5a48][SrConfigParser.cpp][parseEncodeImageConfig][1109] m_bEnableEncodeImage is: false
[2025-09-18 19:30:09 583][5422463][INF][P0x59f4][T0x5a48][SrConfigParser.cpp][parseEncodeImageConfig][1118] ImageWidth = 1920
[2025-09-18 19:30:09 583][5422463][INF][P0x59f4][T0x5a48][SrConfigParser.cpp][parseEncodeImageConfig][1122] ImageHeigth = 1080
[2025-09-18 19:30:09 583][5422463][INF][P0x59f4][T0x5a48][SrConfigParser.cpp][parseEncodeImageConfig][1126] ImageFormat = raw_bgr
[2025-09-18 19:30:09 583][5422463][INF][P0x59f4][T0x5a48][SrConfigParser.cpp][parseIntentRecConfig][952] RecallWhiteListOnly is: false
[2025-09-18 19:30:09 583][5422463][INF][P0x59f4][T0x5a48][SrConfigParser.cpp][parseIntentRecConfig][957] m_bEnableLocalEdgeIntent is: true
[2025-09-18 19:30:09 583][5422463][INF][P0x59f4][T0x5a48][SrConfigParser.cpp][parseIntentRecConfig][960] m_bEnableIrecFilter is: true
[2025-09-18 19:30:09 583][5422463][INF][P0x59f4][T0x5a48][SrConfigParser.cpp][parseIntentRecConfig][963] m_bEnableIntentDecision is: false
[2025-09-18 19:30:09 583][5422463][INF][P0x59f4][T0x5a48][SrConfigParser.cpp][parseIntentRecConfig][966] m_bEnableLipsDetect is: false
[2025-09-18 19:30:09 583][5422463][INF][P0x59f4][T0x5a48][SrConfigParser.cpp][parseIntentRecConfig][969] m_bEnableFullTimePgs is: false
[2025-09-18 19:30:09 583][5422463][INF][P0x59f4][T0x5a48][SrConfigParser.cpp][parseIntentRecConfig][972] m_bEnableWhiteList is: false
[2025-09-18 19:30:09 583][5422463][INF][P0x59f4][T0x5a48][SrConfigParser.cpp][parseIntentRecConfig][981] m_bEnableBrandWordWakeUp is: true
[2025-09-18 19:30:09 583][5422463][INF][P0x59f4][T0x5a48][SrConfigParser.cpp][parseIntentRecConfig][985] m_nBrandWordText is: 奥迪
[2025-09-18 19:30:09 583][5422463][INF][P0x59f4][T0x5a48][SrConfigParser.cpp][parseIntentRecConfig][990] m_nBrandWordIncent is: -1
[2025-09-18 19:30:09 583][5422463][INF][P0x59f4][T0x5a48][SrConfigParser.cpp][parseIntentRecConfig][993] m_nContextIntervalTime is: 5000
[2025-09-18 19:30:09 584][5422464][INF][P0x59f4][T0x5a48][idas_inl.cpp][RegisterModule][1116] params is [{"appid":"5f2bb768iss","fingerprint":["{{function}}","{{default}}"],"release":"1031_2709","tags":{"projectAppid":"576d9f07"}}
].
[25/09/18-19:30:09 585][ERR][Px59f4][Tx99712cb0] fVBctcxOTnhPVCicYGSB+keLk2VTJIufl6q0aYW2LoYN7IbF1AfGNr7SeAXZD8DHBUEQOUE1S6uPl0o9CJzOFSlcIRqmx6yu
[2025-09-18 19:30:09 648][5422528][INF][P0x59f4][T0x5a25][CIssSe.cpp][CIssSe][282] SE Version: V1.3.0.R1.5.6.0.M1.6.125.4.nn_pt4.saic_audi_pp01.low_cfg.01
[2025-09-18 19:30:09 648][5422528][INF][P0x59f4][T0x5a25][CIssSe.cpp][CIssSe][291] CIssSe | CallSEGetParam GET_CHAN_NUM_IN_ORI is 8
[2025-09-18 19:30:09 648][5422528][INF][P0x59f4][T0x5a25][CIssSe.cpp][CIssSe][310] CIssSe | CallSESetParam SET_ASR_ALL 1
[2025-09-18 19:30:09 648][5422528][INF][P0x59f4][T0x5a25][CIssSe.cpp][CIssSe][323] data size 10752
[2025-09-18 19:30:09 648][5422528][INF][P0x59f4][T0x5a25][CIssSe.cpp][CIssSe][360] pThis is 0xb4000071616181e0
init path is /mnt/vendor/vr/res/Active/MVWRes
ICFGInit | after init.
[2025-09-18 19:30:09 648][5422528][INF][P0x59f4][T0x5a25][libissmvw.cpp][ISSMVWSetMvwLanguage][653] ISSMVWSetMvwLanguage | nLangType = 0
[2025-09-18 19:30:09 649][5422528][INF][P0x59f4][T0x5a25][libissmvw.cpp][ISSMVWCreateEx][285] ISSMVWCreateEx | phISSMVW = 0xb4000071d1614530, szResourceDir = /mnt/vendor/vr/res/MVWRes/FirstRes, pfnMVWOnMsgProc = 0x6fac258784, pUsrArg = 0xb4000071d1614110
[2025-09-18 19:30:09 649][5422529][INF][P0x59f4][T0x5a25][MvwConfigParser.cpp][parse][44] Appid=576d9f07.
[2025-09-18 19:30:09 649][5422529][INF][P0x59f4][T0x5a25][MvwConfigParser.cpp][parse][52] APIKey=c6661d29e4def897721f7a3fa6b8ccb2.
[2025-09-18 19:30:09 649][5422529][INF][P0x59f4][T0x5a25][MvwConfigParser.cpp][parse][60] SecretKey=NWZmZjk4NTI0ODYwNmE5NTYzY2U4ZGQz.
[2025-09-18 19:30:09 649][5422529][WAN][P0x59f4][T0x5a25][MvwConfigParser.cpp][parse][72] Fail to parse IcfgAppKey.
[2025-09-18 19:30:09 649][5422529][WAN][P0x59f4][T0x5a25][MvwConfigParser.cpp][parse][80] Fail to parse IcfgUrl.
[2025-09-18 19:30:09 649][5422529][WAN][P0x59f4][T0x5a25][MvwConfigParser.cpp][parse][88] Fail to parse IcfgAppCode.
[2025-09-18 19:30:09 649][5422529][INF][P0x59f4][T0x5a25][MvwConfigParser.cpp][parse][93] MulIvwInputNum=4.
[2025-09-18 19:30:09 649][5422529][INF][P0x59f4][T0x5a25][MvwConfigParser.cpp][parse][107] MulIvwResultTimeInterval =300.
[2025-09-18 19:30:09 649][5422529][INF][P0x59f4][T0x5a25][MvwConfigParser.cpp][parse][120] IvwEngineMode=4.
[2025-09-18 19:30:09 649][5422529][INF][P0x59f4][T0x5a25][MvwConfigParser.cpp][parse][132] m_nResourceSoundZoneType=0.
[2025-09-18 19:30:09 649][5422529][INF][P0x59f4][T0x5a25][MvwConfigParser.cpp][parse][140] MultiIvwInstanceType=1.
[2025-09-18 19:30:09 649][5422529][INF][P0x59f4][T0x5a25][MvwConfigParser.cpp][parse][153] EngineResetTime = 180000.
[2025-09-18 19:30:09 649][5422529][WAN][P0x59f4][T0x5a25][MvwConfigParser.cpp][parse][172] No VprResourceDir in com.cfg file,retain the default dir
[2025-09-18 19:30:09 649][5422529][INF][P0x59f4][T0x5a25][MvwConfigParser.cpp][parse][188] WakeUpAudioFrameOffset[0]=-20
[2025-09-18 19:30:09 649][5422529][INF][P0x59f4][T0x5a25][MvwConfigParser.cpp][parse][189] WakeUpAudioFrameOffset[1]=20
[2025-09-18 19:30:09 649][5422529][INF][P0x59f4][T0x5a25][MvwConfigParser.cpp][parse][210] WakeUpAudioCallBackFrameOffset[0]=-50
[2025-09-18 19:30:09 649][5422529][INF][P0x59f4][T0x5a25][MvwConfigParser.cpp][parse][211] WakeUpAudioCallBackFrameOffset[1]=50
[2025-09-18 19:30:09 649][5422529][INF][P0x59f4][T0x5a25][MvwConfigParser.cpp][parse][220] LoadGramType =1.
[2025-09-18 19:30:09 649][5422529][INF][P0x59f4][T0x5a25][MvwConfigParser.cpp][parse][232] MemoryLoad =1.
[2025-09-18 19:30:09 649][5422529][INF][P0x59f4][T0x5a25][MvwConfigParser.cpp][parse][241] IvwVad.VadEnergyThreshold=10.5
[2025-09-18 19:30:09 649][5422529][INF][P0x59f4][T0x5a25][MvwConfigParser.cpp][parse][247] IvwVad.VadDetectTime=400
[2025-09-18 19:30:09 649][5422529][INF][P0x59f4][T0x5a25][MvwConfigParser.cpp][parse][255] IvwVad.VadDetectOffset=15
[2025-09-18 19:30:09 649][5422529][INF][P0x59f4][T0x5a25][MvwConfigParser.cpp][parse][262] IvwVad.VadDetectBeforeWakeUpTime=0
[2025-09-18 19:30:09 649][5422529][INF][P0x59f4][T0x5a25][MvwConfigParser.cpp][parse][269] IvwVad.VadDetectAudioType=0
[2025-09-18 19:30:09 649][5422529][INF][P0x59f4][T0x5a25][MvwConfigParser.cpp][parse][300] EnableCustomzationOfLogDir=0
[2025-09-18 19:30:09 649][5422529][INF][P0x59f4][T0x5a25][MvwConfigParser.cpp][parse][363] MvwSampleCheckProperty.SampleAvgOffset=0
[2025-09-18 19:30:09 649][5422529][INF][P0x59f4][T0x5a25][MvwConfigParser.cpp][parse][370] MvwSampleCheckProperty.SampleValueAvgThreshold=200
[2025-09-18 19:30:09 649][5422529][INF][P0x59f4][T0x5a25][MvwConfigParser.cpp][parse][382] EnableAutoSetUserDefKeyWordsThresholds=0
[2025-09-18 19:30:09 649][5422529][WAN][P0x59f4][T0x5a25][MvwConfigParser.cpp][parse][395] Fail to parse ContinueFrameToDelayWakeUp and Keep the default ContinueFrame(0).
[2025-09-18 19:30:09 649][5422529][INF][P0x59f4][T0x5a25][MvwConfigParser.cpp][parse][399] NeedVolumeLevelCallBack=0
[2025-09-18 19:30:09 649][5422529][INF][P0x59f4][T0x5a25][MvwConfigParser.cpp][parse][406] EnableVpr=0
[2025-09-18 19:30:09 649][5422529][INF][P0x59f4][T0x5a25][MvwConfigParser.cpp][parse][413] VprKeywordCheck=1
[2025-09-18 19:30:09 649][5422529][INF][P0x59f4][T0x5a25][MvwConfigParser.cpp][parse][420] EnableVprScene=0
[2025-09-18 19:30:09 649][5422529][WAN][P0x59f4][T0x5a25][MvwConfigParser.cpp][parse][430] Fail to parse EnableAgeGender and Keep close.
[2025-09-18 19:30:09 649][5422529][INF][P0x59f4][T0x5a25][MvwConfigParser.cpp][parse][434] VprRecThreshold=0.31
[2025-09-18 19:30:09 649][5422529][INF][P0x59f4][T0x5a25][MvwConfigParser.cpp][parse][441] EnableOneshotAssist =1.
[2025-09-18 19:30:09 649][5422529][INF][P0x59f4][T0x5a25][MvwConfigParser.cpp][parse][449] MvwOptimize.EnableMvwOptimizeCfgUpdate =0.
[2025-09-18 19:30:09 649][5422529][INF][P0x59f4][T0x5a25][MvwConfigParser.cpp][parse][456] MvwOptimize.EnableMvwOptimize =0.
[2025-09-18 19:30:09 649][5422529][INF][P0x59f4][T0x5a25][MvwConfigParser.cpp][parse][459] MvwOptimize.HostDomain=evo-dx.xf-yun.com.
[2025-09-18 19:30:09 649][5422529][INF][P0x59f4][T0x5a25][MvwConfigParser.cpp][parse][468] MvwOptimize.EnableOptimizeScene=0.
[2025-09-18 19:30:09 649][5422529][INF][P0x59f4][T0x5a25][MvwConfigParser.cpp][parse][476] MvwOptimize.UploadAudioChannelsType=1.
[2025-09-18 19:30:09 649][5422529][INF][P0x59f4][T0x5a25][MvwConfigParser.cpp][parse][484] MvwOptimize.EnableGatherUserKeywordAudio=0.
[2025-09-18 19:30:09 649][5422529][INF][P0x59f4][T0x5a25][MvwConfigParser.cpp][parse][492] MvwOptimize.StartTimeOffset =200.
[2025-09-18 19:30:09 649][5422529][INF][P0x59f4][T0x5a25][MvwConfigParser.cpp][parse][500] MvwOptimize.EndTimeOffset =500.
[2025-09-18 19:30:09 649][5422529][INF][P0x59f4][T0x5a25][MvwConfigParser.cpp][parse][512] MvwOptimize.DoubleThresholdTime=500
[2025-09-18 19:30:09 649][5422529][INF][P0x59f4][T0x5a25][MvwConfigParser.cpp][parse][520] MvwOptimize.LowWakeupBelowThreshold=-1
[2025-09-18 19:30:09 649][5422529][INF][P0x59f4][T0x5a25][MvwConfigParser.cpp][parse][528] MvwOptimize.TotalTraffic=48000
[2025-09-18 19:30:09 649][5422529][INF][P0x59f4][T0x5a25][MvwConfigParser.cpp][parse][536] MvwOptimize.LowThresholdTraffic=48000
[2025-09-18 19:30:09 649][5422529][INF][P0x59f4][T0x5a25][MvwConfigParser.cpp][parse][544] MvwOptimize.HighThresholdTraffic=0
[2025-09-18 19:30:09 649][5422529][INF][P0x59f4][T0x5a25][MvwConfigParser.cpp][parse][552] MvwOptimize.TotalAppidTraffic=48000
[2025-09-18 19:30:09 649][5422529][INF][P0x59f4][T0x5a25][MvwConfigParser.cpp][parse][560] MvwOptimize.LowThresholdAppidTraffic=48000
[2025-09-18 19:30:09 649][5422529][INF][P0x59f4][T0x5a25][MvwConfigParser.cpp][parse][568] MvwOptimize.HighThresholdAppidTraffic=0
[2025-09-18 19:30:09 649][5422529][INF][P0x59f4][T0x5a25][MvwConfigParser.cpp][parse][580] m_bEnableSpWord =0.
[2025-09-18 19:30:09 649][5422529][INF][P0x59f4][T0x5a25][MvwConfigParser.cpp][parse][587] m_bEnableSWFilter =0.
[2025-09-18 19:30:09 649][5422529][INF][P0x59f4][T0x5a25][MvwConfigParser.cpp][parse][594] m_strSWFilterUsrid =car_saic_audi.
[2025-09-18 19:30:09 649][5422529][INF][P0x59f4][T0x5a25][MvwConfigParser.cpp][parse][601] m_bEnableAudioEnc =0.
[2025-09-18 19:30:09 649][5422529][INF][P0x59f4][T0x5a25][MvwConfigParser.cpp][parse][609] m_bMulIvwLocationOpt =1.
[2025-09-18 19:30:09 649][5422529][INF][P0x59f4][T0x5a25][MvwConfigParser.cpp][parse][625] Get AudioPowerFrequency 0 = 6.
[2025-09-18 19:30:09 649][5422529][INF][P0x59f4][T0x5a25][MvwConfigParser.cpp][parse][625] Get AudioPowerFrequency 1 = 160.
[2025-09-18 19:30:09 649][5422529][INF][P0x59f4][T0x5a25][MvwConfigParser.cpp][parse][645] m_bDealWakeupWordsMisAbsorbed =0.
[2025-09-18 19:30:09 649][5422529][INF][P0x59f4][T0x5a25][MvwConfigParser.cpp][parse][653] m_bEnableUserDefWakeupWordScore =1.
[2025-09-18 19:30:09 649][5422529][WAN][P0x59f4][T0x5a25][MvwConfigParser.cpp][parse][675] SiriVad.VadParameter not exist
[2025-09-18 19:30:09 649][5422529][INF][P0x59f4][T0x5a25][MvwConfigParser.cpp][parse][680] SiriVad.EnableSiriKeyword=0
[2025-09-18 19:30:09 649][5422529][INF][P0x59f4][T0x5a25][MvwConfigParser.cpp][parse][688] m_bEnableHighFlow =1.
[2025-09-18 19:30:09 649][5422529][INF][P0x59f4][T0x5a25][MvwConfigParser.cpp][parse][696] m_bEnableMultiLanguage =0.
[2025-09-18 19:30:09 649][5422529][INF][P0x59f4][T0x5a25][MvwConfigParser.cpp][parse][704] m_bEnableSetKeywordCloudOpt =0.
[2025-09-18 19:30:09 649][5422529][INF][P0x59f4][T0x5a25][MvwConfigParser.cpp][parse][712] m_bEnableMulitInputTdOpt =0.
[2025-09-18 19:30:09 649][5422529][INF][P0x59f4][T0x5a25][MvwConfigParser.cpp][parse][720] m_nMvwLocateThresh =1200.
[2025-09-18 19:30:09 649][5422529][INF][P0x59f4][T0x5a25][MvwConfigParser.cpp][parse][728] m_bEnableVwLocateTdOpt =0.
[2025-09-18 19:30:09 649][5422529][INF][P0x59f4][T0x5a25][MvwConfigParser.cpp][parse][735] LocateTdOffset =2.
[2025-09-18 19:30:09 649][5422529][INF][P0x59f4][T0x5a25][MvwConfigParser.cpp][parse][743] m_bEnableNatureMvw =0.
[2025-09-18 19:30:09 649][5422529][INF][P0x59f4][T0x5a25][MvwConfigParser.cpp][parse][751] m_bEnableUserDefWakeupWordAlpha =0.
[2025-09-18 19:30:09 649][5422529][INF][P0x59f4][T0x5a25][MvwConfigParser.cpp][parse][759] m_bEnablePseudoThreeSoundZone =0.
[2025-09-18 19:30:09 649][5422529][INF][P0x59f4][T0x5a25][MvwConfigParser.cpp][parse][767] m_bEnableSendLowWakeupMsg =0.
[2025-09-18 19:30:09 649][5422529][INF][P0x59f4][T0x5a25][MvwConfigParser.cpp][parse][776] PcmLogLength =0.
[2025-09-18 19:30:09 649][5422529][INF][P0x59f4][T0x5a25][MvwConfigParser.cpp][parse][783] iLogPrintInterval =1000.
[2025-09-18 19:30:09 649][5422529][INF][P0x59f4][T0x5a25][MvwConfigParser.cpp][parse][790] m_bEnableRefOpt =0.
[2025-09-18 19:30:09 649][5422529][INF][P0x59f4][T0x5a25][MvwConfigParser.cpp][parse][798] m_fRefOptThreshRatio =1.000000.
[2025-09-18 19:30:09 649][5422529][INF][P0x59f4][T0x5a25][MvwConfigParser.cpp][parse][806] m_nRefBlockVWTimerMs =240.
[2025-09-18 19:30:09 649][5422529][INF][P0x59f4][T0x5a25][MvwConfigParser.cpp][parse][814] m_strUserKeywordSplicingText =给你起个名字叫*.
[2025-09-18 19:30:09 649][5422529][INF][P0x59f4][T0x5a25][MvwConfigParser.cpp][parse][831] Get AdjustEndOffsetMillsec 0 = 11.
[2025-09-18 19:30:09 649][5422529][INF][P0x59f4][T0x5a25][MvwConfigParser.cpp][parse][831] Get AdjustEndOffsetMillsec 1 = 4.
[2025-09-18 19:30:09 652][5422531][INF][P0x59f4][T0x5a25][CMVWIFlyLog.cpp][MvwIFlyLogOpen][146] ISSMVW 1031_2709
[2025-09-18 19:30:09 652][5422531][INF][P0x59f4][T0x5a25][CMVWIFlyLog.cpp][MvwIFlyLogOpen][147] ISSMVW  PRJVERSION va_version: 2b352b97c, commit: 2025-08-04 18:14:26, build: 2025-08-07 14:07:38
[2025-09-18 19:30:09 652][5422531][INF][P0x59f4][T0x5a25][CMVWIFlyLog.cpp][MvwIFlyLogOpen][149] ISSMVW NoEnc
[2025-09-18 19:30:09 652][5422532][INF][P0x59f4][T0x5a25][idas_inl.cpp][RegisterModule][1116] params is [{"appid":"5f2bb768iss","fingerprint":["{{function}}","{{default}}"],"release":"1031_2709","tags":{"projectAppid":"576d9f07"}}
].
[2025-09-18 19:30:09 653][5422533][INF][P0x59f4][T0x5a25][CMVWDataDumper.cpp][setSdCardPath][350] CMVWDataDumper::setSdCardPath(strPath:/sdcard/Android/data/com.zone.service.speech/files/iflytek_log)
[2025-09-18 19:30:09 653][5422533][INF][P0x59f4][T0x5a25][CMVWDataDumper.cpp][InitPcmLog][119] subpath reinit sdcard:,openmode=0
[2025-09-18 19:30:09 653][5422533][INF][P0x59f4][T0x5a25][CMVWDataDumper.cpp][InitPcmLog][120] subpath strPcmDir:/sdcard/Android/data/com.zone.service.speech/files/iflytek_log/MVW/Vw/,openmode=0
[2025-09-18 19:30:09 654][5422533][INF][P0x59f4][T0x5a25][CMVWDataDumper.cpp][InitPcmLog][155] subpath changehere:/data/user_de/10/com.zone.service.speech/vr/iflytek/Active/MVWRes/log/Vw/
[2025-09-18 19:30:09 661][5422541][INF][P0x59f4][T0x5a25][CIVW.cpp][InitIvw][750] IVW Version: 3.17.17.70.9
[2025-09-18 19:30:09 661][5422541][INF][P0x59f4][T0x5a25][CIVW.cpp][InitIvw][758] wIvwGetParam:wivw_param_multiChannel_mlp_for_batch=true, ret=0
[2025-09-18 19:30:09 699][5422578][INF][P0x59f4][T0x5a25][CIVW.cpp][AddMlpResouce][1377] Succeed to wIvwResourceAdd IVW_MLP resource, Path: /mnt/vendor/vr/res/MVWRes/IvwMidCfgRes/ResMandarin/IvwMlp.bin.
[2025-09-18 19:30:09 703][5422583][WAN][P0x59f4][T0x5a25][CIVW.cpp][LoadPresetedKeywordSet][1438] LoadPresetedKeywordSet(): Fail to open: /mnt/vendor/vr/res/MVWRes/IvwMidCfgRes/PresetedKeywordSet.cfg, errno=2
[2025-09-18 19:30:09 703][5422583][WAN][P0x59f4][T0x5a25][CIVW.cpp][InitIvw][1067] Fail to LoadPresetedKeywordSet(), ret=10115, Path=/mnt/vendor/vr/res/MVWRes/IvwMidCfgRes/PresetedKeywordSet.cfg
[2025-09-18 19:30:09 705][5422584][INF][P0x59f4][T0x5a25][CIVW.cpp][InitVad][1264] wVadIvwGetParam:wvad_param_nEnergyThreshold=10.5, ret=0
[2025-09-18 19:30:09 705][5422584][INF][P0x59f4][T0x5a25][CIVW.cpp][InitVad][1277] wVadIvwGetParam:wvad_param_isLstmSubsentenceAutoResetOn=1, ret=0
[2025-09-18 19:30:09 705][5422584][INF][P0x59f4][T0x5a25][CIVW.cpp][InitVad][1277] wVadIvwGetParam:wvad_param_isSilenceAutoResetOn=1, ret=0
[2025-09-18 19:30:09 705][5422584][INF][P0x59f4][T0x5a25][CIVW.cpp][InitVad][1277] wVadIvwGetParam:wvad_param_isSilenceAutoResetSubsentenceOn=1, ret=0
[2025-09-18 19:30:09 705][5422584][INF][P0x59f4][T0x5a25][CIVW.cpp][InitVad][1277] wVadIvwGetParam:wvad_param_isVadDegOn=0, ret=0
[2025-09-18 19:30:09 705][5422585][INF][P0x59f4][T0x5a25][CIVW.cpp][InitVad][1277] wVadIvwGetParam:wvad_param_nSilenceAutoReset_WinSize=250, ret=0
[2025-09-18 19:30:09 705][5422585][INF][P0x59f4][T0x5a25][CIVW.cpp][InitVad][1277] wVadIvwGetParam:wvad_param_vad_responsetimeout=999999999, ret=0
[2025-09-18 19:30:09 705][5422585][INF][P0x59f4][T0x5a25][CIVW.cpp][InitVad][1277] wVadIvwGetParam:wvad_param_vad_speechend=9999999, ret=0
[2025-09-18 19:30:09 705][5422585][INF][P0x59f4][T0x5a25][CIVW.cpp][InitVad][1277] wVadIvwGetParam:wvad_param_vad_threshold=0.123, ret=0
[2025-09-18 19:30:09 705][5422585][INF][P0x59f4][T0x5a25][CIVW.cpp][CIVW][153] thread_IssVwMsgWorking created.
[2025-09-18 19:30:09 705][5422585][INF][P0x59f4][T0x5a25][CIVW.cpp][CIVW][163] thread_IssVwCBWorking created.
[2025-09-18 19:30:09 705][5422585][INF][P0x59f4][T0x5a25][CiMultiWakeup.cpp][CiMultiWakeUp][641] CiMultiWakeUp(): WakeUpInst(0xb4000071715a0be0) Working Path: /mnt/vendor/vr/res/MVWRes/FirstRes/ResMandarin
[2025-09-18 19:30:09 706][5422585][INF][P0x59f4][T0x5a25][CiMultiWakeup.cpp][CiMultiWakeUp][705] CiMultiWakeUp(): WakeUpInst(0xb4000071715a0be0) Active Path:/data/user_de/10/com.zone.service.speech/vr/iflytek/Active/MVWRes
[2025-09-18 19:30:09 707][5422586][INF][P0x59f4][T0x5a25][CIVW.cpp][StopEngine][7261] wIvwStop return : 10004
[2025-09-18 19:30:09 707][5422586][INF][P0x59f4][T0x5a25][CIVW.cpp][AddAllRes][6948] Add Resource new: scene=1, result=0
[2025-09-18 19:30:09 707][5422586][INF][P0x59f4][T0x5a25][CIVW.cpp][AddAllRes][6948] Add Resource new: scene=2, result=0
[2025-09-18 19:30:09 707][5422586][ERR][P0x59f4][T0x5a25][CIVW.cpp][LoadRes][2920] CIVW::LoadRes(): Fail to open file(/mnt/vendor/vr/res/MVWRes/FirstRes/ResMandarin/IvwMidCfgKeywordRes/dn_answer_call.irf), errno=2!
[2025-09-18 19:30:09 707][5422586][INF][P0x59f4][T0x5a25][CIVW.cpp][AddAllRes][6948] Add Resource new: scene=4, result=10102
[2025-09-18 19:30:09 707][5422587][ERR][P0x59f4][T0x5a25][CIVW.cpp][LoadRes][2920] CIVW::LoadRes(): Fail to open file(/mnt/vendor/vr/res/MVWRes/FirstRes/ResMandarin/IvwMidCfgKeywordRes/dn_parking.irf), errno=2!
[2025-09-18 19:30:09 707][5422587][INF][P0x59f4][T0x5a25][CIVW.cpp][AddAllRes][6948] Add Resource new: scene=8, result=10102
[2025-09-18 19:30:09 707][5422587][ERR][P0x59f4][T0x5a25][CIVW.cpp][LoadRes][2920] CIVW::LoadRes(): Fail to open file(/mnt/vendor/vr/res/MVWRes/FirstRes/ResMandarin/IvwMidCfgKeywordRes/dn_wechat.irf), errno=2!
[2025-09-18 19:30:09 707][5422587][INF][P0x59f4][T0x5a25][CIVW.cpp][AddAllRes][6948] Add Resource new: scene=16, result=10102
[2025-09-18 19:30:09 707][5422587][ERR][P0x59f4][T0x5a25][CIVW.cpp][LoadRes][2920] CIVW::LoadRes(): Fail to open file(/mnt/vendor/vr/res/MVWRes/FirstRes/ResMandarin/IvwMidCfgKeywordRes/dn_volume.irf), errno=2!
[2025-09-18 19:30:09 707][5422587][INF][P0x59f4][T0x5a25][CIVW.cpp][AddAllRes][6948] Add Resource new: scene=32, result=10102
[2025-09-18 19:30:09 707][5422587][ERR][P0x59f4][T0x5a25][CIVW.cpp][LoadRes][2920] CIVW::LoadRes(): Fail to open file(/mnt/vendor/vr/res/MVWRes/FirstRes/ResMandarin/IvwMidCfgKeywordRes/dn_aircontrol.irf), errno=2!
[2025-09-18 19:30:09 707][5422587][INF][P0x59f4][T0x5a25][CIVW.cpp][AddAllRes][6948] Add Resource new: scene=64, result=10102
[2025-09-18 19:30:09 707][5422587][ERR][P0x59f4][T0x5a25][CIVW.cpp][LoadRes][2920] CIVW::LoadRes(): Fail to open file(/mnt/vendor/vr/res/MVWRes/FirstRes/ResMandarin/IvwMidCfgKeywordRes/dn_photo.irf), errno=2!
[2025-09-18 19:30:09 707][5422587][INF][P0x59f4][T0x5a25][CIVW.cpp][AddAllRes][6948] Add Resource new: scene=128, result=10102
[2025-09-18 19:30:09 707][5422587][ERR][P0x59f4][T0x5a25][CIVW.cpp][LoadRes][2920] CIVW::LoadRes(): Fail to open file(/mnt/vendor/vr/res/MVWRes/FirstRes/ResMandarin/IvwMidCfgKeywordRes/dn_music.irf), errno=2!
[2025-09-18 19:30:09 707][5422587][INF][P0x59f4][T0x5a25][CIVW.cpp][AddAllRes][6948] Add Resource new: scene=256, result=10102
[2025-09-18 19:30:09 707][5422587][ERR][P0x59f4][T0x5a25][CIVW.cpp][LoadRes][2920] CIVW::LoadRes(): Fail to open file(/mnt/vendor/vr/res/MVWRes/FirstRes/ResMandarin/IvwMidCfgKeywordRes/dn_hardware.irf), errno=2!
[2025-09-18 19:30:09 707][5422587][INF][P0x59f4][T0x5a25][CIVW.cpp][AddAllRes][6948] Add Resource new: scene=512, result=10102
[2025-09-18 19:30:09 707][5422587][ERR][P0x59f4][T0x5a25][CIVW.cpp][LoadRes][2920] CIVW::LoadRes(): Fail to open file(/mnt/vendor/vr/res/MVWRes/FirstRes/ResMandarin/IvwMidCfgKeywordRes/dn_radio_music.irf), errno=2!
[2025-09-18 19:30:09 707][5422587][INF][P0x59f4][T0x5a25][CIVW.cpp][AddAllRes][6948] Add Resource new: scene=1024, result=10102
[2025-09-18 19:30:09 707][5422587][ERR][P0x59f4][T0x5a25][CIVW.cpp][LoadRes][2920] CIVW::LoadRes(): Fail to open file(/mnt/vendor/vr/res/MVWRes/FirstRes/ResMandarin/IvwMidCfgKeywordRes/dn_navigation.irf), errno=2!
[2025-09-18 19:30:09 707][5422587][INF][P0x59f4][T0x5a25][CIVW.cpp][AddAllRes][6948] Add Resource new: scene=2048, result=10102
[2025-09-18 19:30:09 707][5422587][ERR][P0x59f4][T0x5a25][CIVW.cpp][LoadRes][2920] CIVW::LoadRes(): Fail to open file(/mnt/vendor/vr/res/MVWRes/FirstRes/ResMandarin/IvwMidCfgKeywordRes/dn_radio_control.irf), errno=2!
[2025-09-18 19:30:09 707][5422587][INF][P0x59f4][T0x5a25][CIVW.cpp][AddAllRes][6948] Add Resource new: scene=4096, result=10102
[2025-09-18 19:30:09 707][5422587][ERR][P0x59f4][T0x5a25][CIVW.cpp][LoadRes][2920] CIVW::LoadRes(): Fail to open file(/mnt/vendor/vr/res/MVWRes/FirstRes/ResMandarin/IvwMidCfgKeywordRes/dn_music_control.irf), errno=2!
[2025-09-18 19:30:09 707][5422587][INF][P0x59f4][T0x5a25][CIVW.cpp][AddAllRes][6948] Add Resource new: scene=8192, result=10102
[2025-09-18 19:30:09 707][5422587][ERR][P0x59f4][T0x5a25][CIVW.cpp][LoadRes][2920] CIVW::LoadRes(): Fail to open file(/mnt/vendor/vr/res/MVWRes/FirstRes/ResMandarin/IvwMidCfgKeywordRes/dn_news.irf), errno=2!
[2025-09-18 19:30:09 707][5422587][INF][P0x59f4][T0x5a25][CIVW.cpp][AddAllRes][6948] Add Resource new: scene=16384, result=10102
[2025-09-18 19:30:09 707][5422587][ERR][P0x59f4][T0x5a25][CIVW.cpp][LoadRes][2920] CIVW::LoadRes(): Fail to open file(/mnt/vendor/vr/res/MVWRes/FirstRes/ResMandarin/IvwMidCfgKeywordRes/dn_recognize_song.irf), errno=2!
[2025-09-18 19:30:09 707][5422587][INF][P0x59f4][T0x5a25][CIVW.cpp][AddAllRes][6948] Add Resource new: scene=32768, result=10102
[2025-09-18 19:30:09 707][5422587][ERR][P0x59f4][T0x5a25][CIVW.cpp][LoadRes][2920] CIVW::LoadRes(): Fail to open file(/mnt/vendor/vr/res/MVWRes/FirstRes/ResMandarin/IvwMidCfgKeywordRes/dn_restaurant.irf), errno=2!
[2025-09-18 19:30:09 707][5422587][INF][P0x59f4][T0x5a25][CIVW.cpp][AddAllRes][6948] Add Resource new: scene=65536, result=10102
[2025-09-18 19:30:09 707][5422587][ERR][P0x59f4][T0x5a25][CIVW.cpp][LoadRes][2920] CIVW::LoadRes(): Fail to open file(/mnt/vendor/vr/res/MVWRes/FirstRes/ResMandarin/IvwMidCfgKeywordRes/dn_volume.irf), errno=2!
[2025-09-18 19:30:09 707][5422587][INF][P0x59f4][T0x5a25][CIVW.cpp][AddAllRes][6948] Add Resource new: scene=262144, result=10102
[2025-09-18 19:30:09 707][5422587][ERR][P0x59f4][T0x5a25][CIVW.cpp][LoadRes][2920] CIVW::LoadRes(): Fail to open file(/mnt/vendor/vr/res/MVWRes/FirstRes/ResMandarin/IvwMidCfgKeywordRes/dn_system.irf), errno=2!
[2025-09-18 19:30:09 707][5422587][INF][P0x59f4][T0x5a25][CIVW.cpp][AddAllRes][6948] Add Resource new: scene=524288, result=10102
[2025-09-18 19:30:09 707][5422587][ERR][P0x59f4][T0x5a25][CIVW.cpp][LoadRes][2920] CIVW::LoadRes(): Fail to open file(/mnt/vendor/vr/res/MVWRes/FirstRes/ResMandarin/IvwMidCfgKeywordRes/dn_oneshotbak.irf), errno=2!
[2025-09-18 19:30:09 707][5422587][INF][P0x59f4][T0x5a25][CIVW.cpp][AddAllRes][6948] Add Resource new: scene=1048576, result=10102
[2025-09-18 19:30:09 707][5422587][INF][P0x59f4][T0x5a25][CIVW.cpp][AddResId2SceneRelation][2961] AddResId2SceneRelation(): MvwScene is 1, MvwObj is 0xb4000071715a0be0
[2025-09-18 19:30:09 707][5422587][INF][P0x59f4][T0x5a25][CIVW.cpp][AddResId2SceneRelation][2961] AddResId2SceneRelation(): MvwScene is 2, MvwObj is 0xb4000071715a0be0
[2025-09-18 19:30:09 707][5422587][ERR][P0x59f4][T0x5a25][CIVW.cpp][AddMemoryLoadRes][7303] AddMemoryLoadRes,not found 4 in mapSenceRes
[2025-09-18 19:30:09 707][5422587][ERR][P0x59f4][T0x5a25][CIVW.cpp][AddMemoryLoadRes][7303] AddMemoryLoadRes,not found 8 in mapSenceRes
[2025-09-18 19:30:09 707][5422587][ERR][P0x59f4][T0x5a25][CIVW.cpp][AddMemoryLoadRes][7303] AddMemoryLoadRes,not found 16 in mapSenceRes
[2025-09-18 19:30:09 707][5422587][ERR][P0x59f4][T0x5a25][CIVW.cpp][AddMemoryLoadRes][7303] AddMemoryLoadRes,not found 32 in mapSenceRes
[2025-09-18 19:30:09 707][5422587][ERR][P0x59f4][T0x5a25][CIVW.cpp][AddMemoryLoadRes][7303] AddMemoryLoadRes,not found 64 in mapSenceRes
[2025-09-18 19:30:09 707][5422587][ERR][P0x59f4][T0x5a25][CIVW.cpp][AddMemoryLoadRes][7303] AddMemoryLoadRes,not found 128 in mapSenceRes
[2025-09-18 19:30:09 707][5422587][ERR][P0x59f4][T0x5a25][CIVW.cpp][AddMemoryLoadRes][7303] AddMemoryLoadRes,not found 256 in mapSenceRes
[2025-09-18 19:30:09 707][5422587][ERR][P0x59f4][T0x5a25][CIVW.cpp][AddMemoryLoadRes][7303] AddMemoryLoadRes,not found 512 in mapSenceRes
[2025-09-18 19:30:09 707][5422587][ERR][P0x59f4][T0x5a25][CIVW.cpp][AddMemoryLoadRes][7303] AddMemoryLoadRes,not found 1024 in mapSenceRes
[2025-09-18 19:30:09 707][5422587][ERR][P0x59f4][T0x5a25][CIVW.cpp][AddMemoryLoadRes][7303] AddMemoryLoadRes,not found 2048 in mapSenceRes
[2025-09-18 19:30:09 707][5422587][ERR][P0x59f4][T0x5a25][CIVW.cpp][AddMemoryLoadRes][7303] AddMemoryLoadRes,not found 4096 in mapSenceRes
[2025-09-18 19:30:09 707][5422587][ERR][P0x59f4][T0x5a25][CIVW.cpp][AddMemoryLoadRes][7303] AddMemoryLoadRes,not found 8192 in mapSenceRes
[2025-09-18 19:30:09 707][5422587][ERR][P0x59f4][T0x5a25][CIVW.cpp][AddMemoryLoadRes][7303] AddMemoryLoadRes,not found 16384 in mapSenceRes
[2025-09-18 19:30:09 707][5422587][ERR][P0x59f4][T0x5a25][CIVW.cpp][AddMemoryLoadRes][7303] AddMemoryLoadRes,not found 32768 in mapSenceRes
[2025-09-18 19:30:09 707][5422587][ERR][P0x59f4][T0x5a25][CIVW.cpp][AddMemoryLoadRes][7303] AddMemoryLoadRes,not found 65536 in mapSenceRes
[2025-09-18 19:30:09 707][5422587][ERR][P0x59f4][T0x5a25][CIVW.cpp][AddMemoryLoadRes][7303] AddMemoryLoadRes,not found 262144 in mapSenceRes
[2025-09-18 19:30:09 707][5422587][ERR][P0x59f4][T0x5a25][CIVW.cpp][AddMemoryLoadRes][7303] AddMemoryLoadRes,not found 524288 in mapSenceRes
[2025-09-18 19:30:09 707][5422587][ERR][P0x59f4][T0x5a25][CIVW.cpp][AddMemoryLoadRes][7303] AddMemoryLoadRes,not found 1048576 in mapSenceRes
[2025-09-18 19:30:09 708][5422587][INF][P0x59f4][T0x5a25][CIVW.cpp][AddResourceAll][7103] Before wIvwResourceSetParameter(), ThresholdLevel: 
[2025-09-18 19:30:09 708][5422587][INF][P0x59f4][T0x5a25][CIVW.cpp][AddResourceAll][7109] wIvwResourceGetParameter:wres_keyword_ncm=你好奥迪, id: 0, nCm: 1600
heyaudi, id: 1, nCm: 1535
, ret=0
[2025-09-18 19:30:09 708][5422588][INF][P0x59f4][T0x5a25][CIVW.cpp][AddResourceAll][7119] After Set KeyWordsThresholdLevel: 你好奥迪, id: 0, nCm: 1600
heyaudi, id: 1, nCm: 1535
[2025-09-18 19:30:09 708][5422588][INF][P0x59f4][T0x5a25][CIVW.cpp][AddResourceAll][7103] Before wIvwResourceSetParameter(), ThresholdLevel: 
[2025-09-18 19:30:09 708][5422588][INF][P0x59f4][T0x5a25][CIVW.cpp][AddResourceAll][7109] wIvwResourceGetParameter:wres_keyword_ncm=自定义唤醒词, id: 0, nCm: 685
, ret=0
[2025-09-18 19:30:09 708][5422588][INF][P0x59f4][T0x5a25][CIVW.cpp][AddResourceAll][7119] After Set KeyWordsThresholdLevel: 自定义唤醒词, id: 0, nCm: 685
[2025-09-18 19:30:09 708][5422588][INF][P0x59f4][T0x5a25][CIVW.cpp][ReStartIvwInst][7193] wIvwGetParameter:wdec_param_bThrowAbsorbResult=false, ret=0
[2025-09-18 19:30:09 708][5422588][INF][P0x59f4][T0x5a25][CIVW.cpp][ReStartIvwInst][7211] wIvwGetParameter:wdec_param_nMaxIntervalFrame=500, ret=0
[2025-09-18 19:30:09 708][5422588][INF][P0x59f4][T0x5a25][CIVW.cpp][ReStartIvwInst][7230] wIvwGetParameter:wivw_param_nMultiInstChannel=4, ret=0
[2025-09-18 19:30:09 729][5422608][INF][P0x59f4][T0x5a25][CMVWDataDumper.cpp][InitPcmLog][119] subpath reinit sdcard:/log/Vw/,openmode=2
[2025-09-18 19:30:09 729][5422608][INF][P0x59f4][T0x5a25][CMVWDataDumper.cpp][InitPcmLog][120] subpath strPcmDir:/sdcard/Android/data/com.zone.service.speech/files/iflytek_log/MVW/Vw/,openmode=2
[2025-09-18 19:30:09 729][5422608][INF][P0x59f4][T0x5a25][CMVWDataDumper.cpp][OpenPcmLog][171] subpath here openpcmlog:/log/Vw/
[2025-09-18 19:30:09 729][5422609][INF][P0x59f4][T0x5a25][CMVWDataDumper.cpp][OpenPcmLog][188] log org pcm to file: _org_0xb4000071715a0be0,ret=-1
[2025-09-18 19:30:09 729][5422609][INF][P0x59f4][T0x5a25][CMVWDataDumper.cpp][OpenPcmLog][200] log result to file: /data/user_de/10/com.zone.service.speech/vr/iflytek/Active/MVWRes/log/Vw/vw_log_,ret=-1
[2025-09-18 19:30:09 729][5422609][INF][P0x59f4][T0x5a25][CMVWDataDumper.cpp][OpenPcmLog][213] SetLogFileName ret=-1,.pcm
[2025-09-18 19:30:09 729][5422609][INF][P0x59f4][T0x5a25][CMVWDataDumper.cpp][OpenPcmLog][218] log final pcm to file: _final0_0xb4000071715a0be0,ret=-1
[2025-09-18 19:30:09 729][5422609][INF][P0x59f4][T0x5a25][CMVWDataDumper.cpp][OpenPcmLog][232] log keyword pcm to file: _keyword0_16k_16bit_1_channel_0xb4000071715a0be0,ret=-1
[2025-09-18 19:30:09 729][5422609][INF][P0x59f4][T0x5a25][CMVWDataDumper.cpp][OpenPcmLog][213] SetLogFileName ret=-1,.pcm
[2025-09-18 19:30:09 729][5422609][INF][P0x59f4][T0x5a25][CMVWDataDumper.cpp][OpenPcmLog][218] log final pcm to file: _final1_0xb4000071715a0be0,ret=-1
[2025-09-18 19:30:09 729][5422609][INF][P0x59f4][T0x5a25][CMVWDataDumper.cpp][OpenPcmLog][232] log keyword pcm to file: _keyword1_16k_16bit_1_channel_0xb4000071715a0be0,ret=-1
[2025-09-18 19:30:09 729][5422609][INF][P0x59f4][T0x5a25][CMVWDataDumper.cpp][OpenPcmLog][213] SetLogFileName ret=-1,.pcm
[2025-09-18 19:30:09 729][5422609][INF][P0x59f4][T0x5a25][CMVWDataDumper.cpp][OpenPcmLog][218] log final pcm to file: _final2_0xb4000071715a0be0,ret=-1
[2025-09-18 19:30:09 729][5422609][INF][P0x59f4][T0x5a25][CMVWDataDumper.cpp][OpenPcmLog][232] log keyword pcm to file: _keyword2_16k_16bit_1_channel_0xb4000071715a0be0,ret=-1
[2025-09-18 19:30:09 729][5422609][INF][P0x59f4][T0x5a25][CMVWDataDumper.cpp][OpenPcmLog][213] SetLogFileName ret=-1,.pcm
[2025-09-18 19:30:09 729][5422609][INF][P0x59f4][T0x5a25][CMVWDataDumper.cpp][OpenPcmLog][218] log final pcm to file: _final3_0xb4000071715a0be0,ret=-1
[2025-09-18 19:30:09 729][5422609][INF][P0x59f4][T0x5a25][CMVWDataDumper.cpp][OpenPcmLog][232] log keyword pcm to file: _keyword3_16k_16bit_1_channel_0xb4000071715a0be0,ret=-1
[2025-09-18 19:30:09 730][5422609][INF][P0x59f4][T0x5a25][CMVWDataDumper.cpp][OpenPcmLog][284] log final pcm to file: _ref0_0xb4000071715a0be0,ret=-1
[2025-09-18 19:30:09 730][5422609][INF][P0x59f4][T0x5a25][CMVWDataDumper.cpp][OpenPcmLog][298] log getvpr pcm to file: /data/user_de/10/com.zone.service.speech/vr/iflytek/Active/MVWRes/log/Vw/_MSvpr_0xb4000071715a0be0, ret=-1
[2025-09-18 19:30:09 730][5422609][INF][P0x59f4][T0x5a25][CMVWDataDumper.cpp][OpenPcmLog][327] log vpr pcm to file: /data/user_de/10/com.zone.service.speech/vr/iflytek/Active/MVWRes/log/Vw/_oneshot_0xb4000071715a0be0,ret=-1
[2025-09-18 19:30:09 730][5422609][INF][P0x59f4][T0x5a25][CMVWDataDumper.cpp][OpenLogPcmFile][342] subpath here open :/log/Vw/
[2025-09-18 19:30:09 730][5422609][INF][P0x59f4][T0x5a25][CMVWDataDumper.cpp][OpenLogPcmFile][343] log pcm and result to dir: /data/user_de/10/com.zone.service.speech/vr/iflytek/Active/MVWRes/log/Vw/
[2025-09-18 19:30:09 732][5422612][INF][P0x59f4][T0x5a25][libissms_jni.cpp][Java_com_iflytek_speech_libissms_create][398] create leave
SpeechCore sse engine ready
SpeechAudioService initialize
[2025-09-18 19:30:09 734][5422614][INF][P0x59f4][T0x5a25][libissms_jni.cpp][Java_com_iflytek_speech_libissms_setParam][463] setParam
[2025-09-18 19:30:09 734][5422614][INF][P0x59f4][T0x5a25][issms.cpp][ISSMSSetParam][175] ISSMSSetParam | hISSMSObj = 0xb4000071d1614110, nModeType = 2, szParam = mvw_aduio_mode,szParamValue = 0,nSRInstIndex = -1
[2025-09-18 19:30:09 734][5422614][INF][P0x59f4][T0x5a25][libissmvw.cpp][ISSMVWSetParam][373] ISSMVWSetParam | hISSMVW = 0xb4000071715a0be0, szParam = mvw_aduio_mode, szParamValue = 0
[2025-09-18 19:30:09 734][5422614][INF][P0x59f4][T0x5a25][libissms_jni.cpp][Java_com_iflytek_speech_libissms_setParam][493] setParam leave
SpeechCore wakeup engine ready
[2025-09-18 19:30:09 736][5422616][INF][P0x59f4][T0x5a25][libissms_jni.cpp][Java_com_iflytek_speech_libissms_registerDataCallBack][308] registerDataCallBack
[2025-09-18 19:30:09 736][5422616][INF][P0x59f4][T0x5a25][issms.cpp][ISSMSRegisterDataCallBack][442] ISSMSRegisterDataCallBack | hISSMSObj = 0xb4000071d1614110, nModuleType = 2, nDataType = 0,pfnMSOnDataProc=0x6fac28d4a0,pUsrArg=0x196a,nSRInstIndex=-1
SpeechDialogueBusinessManager WakeUp service onReady
[2025-09-18 19:30:09 736][5422616][INF][P0x59f4][T0x5a25][libissmvw.cpp][ISSMVWRegisterDataCallBack][1041] ISSMVWRegisterDataCallBack | hISSMVW = 0xb4000071715a0be0, nDataType = 0, pfnMVWOnDataProc = 0x6fac26bf6c,pUsrArg = 0xb4000071d1614110
[2025-09-18 19:30:09 736][5422616][INF][P0x59f4][T0x5a25][libissms_jni.cpp][Java_com_iflytek_speech_libissms_registerDataCallBack][324] leave registerDataCallBack
SpeechDialogueBusinessManager setWakeupConfiguration
SpeechDialogueBusinessManager start wakeup and setting wakeup
runAction method:start
SpeechWakeupService startWakeup for aidl
[2025-09-18 19:30:09 738][5422618][INF][P0x59f4][T0x5a4b][libissms_jni.cpp][Java_com_iflytek_speech_libissms_mvwStart][1263] ms mvw start
[2025-09-18 19:30:09 738][5422618][INF][P0x59f4][T0x5a4b][issms.cpp][ISSMSMVWStart][874] ISSMSMVWStart | hISSMSObj = 0xb4000071d1614110, nMvwScene = 1
[2025-09-18 19:30:09 738][5422618][INF][P0x59f4][T0x5a4b][libissmvw.cpp][ISSMVWStart][442] ISSMVWStart | hISSMVW = 0xb4000071715a0be0, nMvwScene = 1
[2025-09-18 19:30:09 738][5422618][INF][P0x59f4][T0x5a4b][CIVW.cpp][Start][3624] Start(): mvw scene is 1 mvw obj is 0xb4000071715a0be0
[2025-09-18 19:30:09 738][5422618][INF][P0x59f4][T0x5a4b][CIVW.cpp][StartSync][3243] nSceneId is 1, SetUseKeyWord IvwRes id is 2
SpeechEngineAdapter onMSMsgProc_() uMsg = 40011 wParam = 0 iParam =  nIndex = 0
[2025-09-18 19:30:09 739][5422618][INF][P0x59f4][T0x5a4b][issmsImpl.cpp][CallBackMsgWithFullLog][544] VAMSImpl::m_pfnMSMsgCallback pUsrArg=0x1956,nSRInstIndex=0,uMsg=40011,wParam=0,lParam=null
[2025-09-18 19:30:09 739][5422618][INF][P0x59f4][T0x5a4b][libissms_jni.cpp][Java_com_iflytek_speech_libissms_mvwStart][1278] ms mvw start leave
SpeechEngineAdapter start wakeup
SpeechEngineAdapter start wakeup success
runAction method:setSpeechWakeupWords
SpeechEngineAdapter setCustomizedWakeupWords()
SpeechEngineAdapter.lambda$setCustomizedWakeupWords$5$com-zone-service-speech-engine-SpeechEngineAdapter(): SpeechEngineAdapter Wakeup words is empty, removeCustomizedWakeupWords
SpeechEngineAdapter stopWakeupScene()
[2025-09-18 19:30:09 740][5422620][INF][P0x59f4][T0x5a4b][libissms_jni.cpp][Java_com_iflytek_speech_libissms_mvwStopScene][1407] mvw stopscene
[2025-09-18 19:30:09 741][5422620][INF][P0x59f4][T0x5a4b][issms.cpp][ISSMSMVWStopScene][984] ISSMSMVWStopScene | hISSMSObj = 0xb4000071d1614110, nMvwScene = 2048
[2025-09-18 19:30:09 741][5422620][INF][P0x59f4][T0x5a4b][libissmvw.cpp][ISSMVWStopScene][557] ISSMVWStopScene | hISSMVW = 0xb4000071715a0be0, nMvwScene = 2048
[2025-09-18 19:30:09 741][5422620][INF][P0x59f4][T0x5a4b][CIVW.cpp][Stop][3676] Stop(): mvw scene is 2048 mvw obj is 0xb4000071715a0be0
[2025-09-18 19:30:09 741][5422620][INF][P0x59f4][T0x5a4b][CIVW.cpp][StopSync][3393] nSceneId is 1, SetUseKeyWord IvwRes id is 2
[2025-09-18 19:30:09 741][5422620][INF][P0x59f4][T0x5a4b][libissms_jni.cpp][Java_com_iflytek_speech_libissms_mvwStopScene][1422] mvw stopscene leave
SpeechDialogueBusinessManager oneshot switch = false
runAction method:switchOneshot
SpeechWakeupService switchOneshot enable = 2
[2025-09-18 19:30:09 907][5422786][INF][P0x59f4][T0x5a48][CAIUIClientMgr.cpp][InitResource][122] AIKIT::getVersion : 2.2.25_rc2
[2025-09-18 19:30:09 907][5422787][INF][P0x59f4][T0x5a48][CIssSrMgr.cpp][InitAiuiSdk][734] AIKIT InitResource ret: 0
[2025-09-18 19:30:09 907][5422787][INF][P0x59f4][T0x5a48][SrEngineMgr.cpp][Init][61] ESR Engine type 1
[2025-09-18 19:30:09 916][5422796][INF][P0x59f4][T0x5a48][SrEngineMgr.cpp][InitRes][124] sm_pEsrMgr->wEsrGetParameter wesr_param_engine_version: ver_1.3.0.0.8, ret: 0
[2025-09-18 19:30:09 995][5422875][INF][P0x59f4][T0x5a48][SrEngineMgr.cpp][LoadFsaResCommon][385] sm_pEsrMgr->wEsrGetParameter wesr_param_support_fsanum: 32, ret: 0
[2025-09-18 19:30:09 995][5422875][INF][P0x59f4][T0x5a48][ResLoader.cpp][LoadInnerFromMemory][235] FsaMemManager FsaMemAdd fsa name: Album, len: 8088
[2025-09-18 19:30:09 996][5422875][INF][P0x59f4][T0x5a48][ResLoader.cpp][LoadInnerFromMemory][235] FsaMemManager FsaMemAdd fsa name: AnswerCall, len: 9816
[2025-09-18 19:30:09 999][5422879][INF][P0x59f4][T0x5a48][ResLoader.cpp][LoadInnerFromMemory][235] FsaMemManager FsaMemAdd fsa name: App, len: 516124
[2025-09-18 19:30:10 008][5422888][INF][P0x59f4][T0x5a48][ResLoader.cpp][LoadInnerFromMemory][235] FsaMemManager FsaMemAdd fsa name: Call, len: 207676
[2025-09-18 19:30:10 010][5422890][INF][P0x59f4][T0x5a48][ResLoader.cpp][LoadInnerFromMemory][235] FsaMemManager FsaMemAdd fsa name: Confirm, len: 7844
[2025-09-18 19:30:10 010][5422890][INF][P0x59f4][T0x5a48][ResLoader.cpp][LoadInnerFromMemory][235] FsaMemManager FsaMemAdd fsa name: Contacts, len: 1564
[2025-09-18 19:30:10 014][5422893][INF][P0x59f4][T0x5a3c][idas_uploading.cpp][FetchTask][178] fetch_task ret is 0, body is {"code":0,"msg":"请求成功","path":"","data":[],"timestamp":"1758195009843"}.
[2025-09-18 19:30:10 014][5422893][INF][P0x59f4][T0x5a3c][idas_uploading.cpp][FetchTask][206] fetch_task end.
[2025-09-18 19:30:10 023][5422903][INF][P0x59f4][T0x5a44][idas_inl.cpp][channel_fetch_upload_task][539] channel_fetch_upload_task ret 0, respons code 200 response body is {"code":0,"msg":"请求成功","path":"","data":[],"timestamp":"1758195009846"}
[2025-09-18 19:30:10 055][5422934][INF][P0x59f4][T0x5a48][ResLoader.cpp][LoadInnerFromMemory][235] FsaMemManager FsaMemAdd fsa name: Other, len: 4179252
[2025-09-18 19:30:10 118][5422998][INF][P0x59f4][T0x5a48][ResLoader.cpp][LoadInnerFromMemory][235] FsaMemManager FsaMemAdd fsa name: Playlist, len: 1687352
[2025-09-18 19:30:10 142][5423022][INF][P0x59f4][T0x5a48][ResLoader.cpp][LoadInnerFromMemory][235] FsaMemManager FsaMemAdd fsa name: Radio, len: 452876
[2025-09-18 19:30:10 151][5423031][INF][P0x59f4][T0x5a48][ResLoader.cpp][LoadInnerFromMemory][235] FsaMemManager FsaMemAdd fsa name: Select, len: 769464
[2025-09-18 19:30:10 161][5423040][INF][P0x59f4][T0x5a48][ResLoader.cpp][LoadInnerFromMemory][235] FsaMemManager FsaMemAdd fsa name: SendNum, len: 7148
[2025-09-18 19:30:10 164][5423044][INF][P0x59f4][T0x5a48][ResLoader.cpp][LoadInnerFromMemory][235] FsaMemManager FsaMemAdd fsa name: Songs, len: 483836
[2025-09-18 19:30:10 169][5423049][INF][P0x59f4][T0x5a48][ResLoader.cpp][LoadInnerFromMemory][235] FsaMemManager FsaMemAdd fsa name: Video, len: 94920
[2025-09-18 19:30:10 175][5423055][INF][P0x59f4][T0x5a48][ResLoader.cpp][LoadInnerFromMemory][235] FsaMemManager FsaMemAdd fsa name: Patch, len: 907980
[2025-09-18 19:30:10 186][5423066][INF][P0x59f4][T0x5a48][EMNlu.cpp][init][167] iFlyPResBuildInit /mnt/vendor/vr/res/SRRes/ResMandarin/emnlu/bin/aiui_build.cfg.
[2025-09-18 19:30:10 198][5423078][INF][P0x59f4][T0x5a48][EMNlu.cpp][init][190] NLIInit /mnt/vendor/vr/res/SRRes/ResMandarin/emnlu/bin/aiui_nli.cfg.
SpeechAudioService real startAudioRecoding
SpeechAudioService Handle raw speech audio
[2025-09-18 19:30:10 543][5423422][INF][P0x59f4][T0x5a71][CIssSe.cpp][SeAuthority][1390] ISSAUTHAuthority ret = 0, szCountInfo = {"SoftwareEncryptionCount":10,"SoftwareEncryptionTime":1000}
[2025-09-18 19:30:10 554][5423434][INF][P0x59f4][T0x5a6e][CIVW.cpp][IssVwWorking][4385] IVWLogPrint m_iAppendAudioDataIvw:0,iBufSize:320 logPrintInterval :1000 m_nInputNumForMulIvw:4
[25/09/18-19:30:10 558][ERR][Px59f4][Tx99712cb0] mFHv7DhKpWei3v2he8WULZYf83SQqueBpGPBjvGxqk0DHpcpRLn8nxosXQma26iAlO5CLlZEaHZkim/gE6JPgg==
[25/09/18-19:30:10 558][ERR][Px59f4][Tx99712cb0] F7UAgZ3sXrkLbw6uiYBrHGyitCG79ckSh636+hzTIVtEv5eiPRoLHeGKw7qNzGf4gohYixKCvZK1d70g0tnplacm2zREboyGAhPnKNFzBxz7WGEKX89/Iw==
[25/09/18-19:30:10 558][ERR][Px59f4][Tx99712cb0] F7UAgZ3sXrkLbw6uiYBrHBJ6Iucxca8p/me/j3FdZwUrxAVr4c/G7/4tc96VL+XIoghQaQDEph8s6E82PcHK7xxYaR9ruxKB/lx6hhB+FwGltXFpQwY8M//eorM6fAcTTnnYzLgM/F2eszBO8ft+uQ==
[2025-09-18 19:30:10 652][5423531][INF][P0x59f4][T0x5a48][EMNlu.cpp][loadCustomRes][86] loadCustomRes | szType: contact_name
[2025-09-18 19:30:10 652][5423531][ERR][P0x59f4][T0x5a48][EMNlu.cpp][uploadCustomRes][480] uploadCustomRes | para res is NULL. ret ISS_ERROR_INVALID_PARA
[2025-09-18 19:30:10 652][5423532][INF][P0x59f4][T0x5a48][EMNlu.cpp][loadCustomRes][86] loadCustomRes | szType: sceneMode_scene
[2025-09-18 19:30:10 652][5423532][ERR][P0x59f4][T0x5a48][EMNlu.cpp][uploadCustomRes][480] uploadCustomRes | para res is NULL. ret ISS_ERROR_INVALID_PARA
[2025-09-18 19:30:10 652][5423532][INF][P0x59f4][T0x5a48][EMNlu.cpp][loadCustomRes][86] loadCustomRes | szType: carControl_habit
[2025-09-18 19:30:10 652][5423532][ERR][P0x59f4][T0x5a48][EMNlu.cpp][uploadCustomRes][480] uploadCustomRes | para res is NULL. ret ISS_ERROR_INVALID_PARA
[2025-09-18 19:30:10 652][5423532][INF][P0x59f4][T0x5a48][EMNlu.cpp][loadCustomRes][86] loadCustomRes | szType: music_name
[2025-09-18 19:30:10 652][5423532][ERR][P0x59f4][T0x5a48][EMNlu.cpp][uploadCustomRes][480] uploadCustomRes | para res is NULL. ret ISS_ERROR_INVALID_PARA
[2025-09-18 19:30:10 652][5423532][INF][P0x59f4][T0x5a48][EMNlu.cpp][loadCustomRes][86] loadCustomRes | szType: singer_name
[2025-09-18 19:30:10 652][5423532][ERR][P0x59f4][T0x5a48][EMNlu.cpp][uploadCustomRes][480] uploadCustomRes | para res is NULL. ret ISS_ERROR_INVALID_PARA
[2025-09-18 19:30:10 652][5423532][INF][P0x59f4][T0x5a48][EMNlu.cpp][loadCustomRes][86] loadCustomRes | szType: album_name
[2025-09-18 19:30:10 652][5423532][ERR][P0x59f4][T0x5a48][EMNlu.cpp][uploadCustomRes][480] uploadCustomRes | para res is NULL. ret ISS_ERROR_INVALID_PARA
[2025-09-18 19:30:10 652][5423532][INF][P0x59f4][T0x5a48][EMNlu.cpp][loadCustomRes][86] loadCustomRes | szType: playlist_name
[2025-09-18 19:30:10 652][5423532][ERR][P0x59f4][T0x5a48][EMNlu.cpp][uploadCustomRes][480] uploadCustomRes | para res is NULL. ret ISS_ERROR_INVALID_PARA
[2025-09-18 19:30:10 652][5423532][INF][P0x59f4][T0x5a48][EMNlu.cpp][loadCustomRes][86] loadCustomRes | szType: app_name
[2025-09-18 19:30:10 652][5423532][ERR][P0x59f4][T0x5a48][EMNlu.cpp][uploadCustomRes][480] uploadCustomRes | para res is NULL. ret ISS_ERROR_INVALID_PARA
[2025-09-18 19:30:10 652][5423532][INF][P0x59f4][T0x5a48][EMNlu.cpp][loadCustomRes][86] loadCustomRes | szType: appLet_name
[2025-09-18 19:30:10 652][5423532][ERR][P0x59f4][T0x5a48][EMNlu.cpp][uploadCustomRes][480] uploadCustomRes | para res is NULL. ret ISS_ERROR_INVALID_PARA
[2025-09-18 19:30:10 652][5423532][INF][P0x59f4][T0x5a48][EMNlu.cpp][loadCustomRes][86] loadCustomRes | szType: cmd_speaker
[2025-09-18 19:30:10 652][5423532][ERR][P0x59f4][T0x5a48][EMNlu.cpp][uploadCustomRes][480] uploadCustomRes | para res is NULL. ret ISS_ERROR_INVALID_PARA
[2025-09-18 19:30:10 652][5423532][INF][P0x59f4][T0x5a48][EMNlu.cpp][loadCustomRes][86] loadCustomRes | szType: forbidden_name
[2025-09-18 19:30:10 652][5423532][ERR][P0x59f4][T0x5a48][EMNlu.cpp][uploadCustomRes][480] uploadCustomRes | para res is NULL. ret ISS_ERROR_INVALID_PARA
[2025-09-18 19:30:10 652][5423532][INF][P0x59f4][T0x5a48][EMNlu.cpp][init][238] Nli::getVersion: 1.0.1245.20250704
[2025-09-18 19:30:10 652][5423532][INF][P0x59f4][T0x5a48][CIssSrMgr.cpp][Init][290] EMNlu init success
[2025-09-18 19:30:10 652][5423532][INF][P0x59f4][T0x5a48][CIssSrMgr.cpp][Init][293] EMNlu sessionStart sucess
[2025-09-18 19:30:10 652][5423532][INF][P0x59f4][T0x5a48][SrCata.cpp][Init][190] libSearchForNli.cfg path : /mnt/vendor/vr/res/SRRes
[2025-09-18 19:30:10 653][5423532][INF][P0x59f4][T0x5a48][SrCata.cpp][Init][200] CataRes path : /mnt/vendor/vr/res/SRRes/../CataRes
[2025-09-18 19:30:10 726][5423606][INF][P0x59f4][T0x5a48][CESAD.cpp][InitLibrary][68] LoadLibrary libSemanticVad.so success
[2025-09-18 19:30:10 730][5423610][INF][P0x59f4][T0x5a48][LocalEdgeIntent.cpp][InitLibrary][76] LoadLibrary libEdgeIntent.so success
[25/09/18-19:30:10 745][ERR][Px59f4][Tx99712cb0] VlQB0s3EQcMtyu/veZbZyQOw4usoJCiwlZd1OyYhO4pRwpiLIRx/ROGKw7qNzGf4t2Y+ztd4Wk8nwP+N7pTc9hgNy20/XMbS
[2025-09-18 19:30:10 802][5423681][INF][P0x59f4][T0x5a48][LocalCover.cpp][ParseDoudiConfig][31] CoverIntent appid is set to 576d9f07.
[2025-09-18 19:30:10 802][5423681][INF][P0x59f4][T0x5a48][LocalCover.cpp][ParseDoudiConfig][35] CoverIntent version is set to 1.2.3.4.5.6.
[2025-09-18 19:30:10 802][5423682][INF][P0x59f4][T0x5a48][LocalCover.cpp][ParseDoudiConfig][39] CoverIntent format_version is set to 1.
[2025-09-18 19:30:10 809][5423689][INF][P0x59f4][T0x5a48][libisssr2.cpp][ISSSR2CreateInstances][82] ISSSR2CreateInstances | nInstsCount[1]
[2025-09-18 19:30:10 810][5423689][INF][P0x59f4][T0x5a48][CIssSr.cpp][CIssSr][450] m_nInstId[1], CIssSr::CIssSr
[2025-09-18 19:30:10.810147][BaseConfigParser]cfg file /mnt/vendor/vr/res/SRRes/ResMandarin/../AoiCfg.json not found
[2025-09-18 19:30:10 810][5423689][ERR][P0x59f4][T0x5a48][AoiSemanticMgr.cpp][init][22] AoiToSemanticsMgr init | Invalid Aoi Config file
[2025-09-18 19:30:10 811][5423691][INF][P0x59f4][T0x5a48][CEvadInterfaceImp.cpp][SetParam][139] vad param: wvad_param_isLstmSubsentenceAutoResetOn, value: true
[2025-09-18 19:30:10 811][5423691][INF][P0x59f4][T0x5a48][CEvadInterfaceImp.cpp][SetParam][139] vad param: wvad_param_isSilenceAutoResetOn, value: true
[2025-09-18 19:30:10 811][5423691][INF][P0x59f4][T0x5a48][CEvadInterfaceImp.cpp][SetParam][139] vad param: wvad_param_isSilenceAutoResetSubsentenceOn, value: true
[2025-09-18 19:30:10 811][5423691][INF][P0x59f4][T0x5a48][CEvadInterfaceImp.cpp][SetParam][139] vad param: wvad_param_isVadDegOn, value: false
[2025-09-18 19:30:10 811][5423691][INF][P0x59f4][T0x5a48][CEvadInterfaceImp.cpp][SetParam][139] vad param: wvad_param_nEnergyThreshold, value: 10.5
[2025-09-18 19:30:10 811][5423691][INF][P0x59f4][T0x5a48][CEvadInterfaceImp.cpp][SetParam][139] vad param: wvad_param_nSilenceAutoReset_WinSize, value: 250
[2025-09-18 19:30:10 811][5423691][INF][P0x59f4][T0x5a48][CEvadInterfaceImp.cpp][SetParam][139] vad param: wvad_param_vad_responsetimeout, value: 999999999
[2025-09-18 19:30:10 811][5423691][INF][P0x59f4][T0x5a48][CEvadInterfaceImp.cpp][SetParam][139] vad param: wvad_param_vad_speechend, value: 9999999
[2025-09-18 19:30:10 811][5423691][INF][P0x59f4][T0x5a48][CEvadInterfaceImp.cpp][SetParam][139] vad param: wvad_param_vad_threshold, value: 0.123
[2025-09-18 19:30:10 812][5423691][INF][P0x59f4][T0x5aa2][CVAD.cpp][WorkingProc][508] CVAD::VadWorking VAThreadSetPriority(-19) ret 0.
[2025-09-18 19:30:10 813][5423692][INF][P0x59f4][T0x5a48][CIAT.cpp][CIAT][129] Log dir: /data/user_de/10/com.zone.service.speech/vr/iflytek/Active/SRRes/ResMandarin/log/Msc/.
[2025-09-18 19:30:10 813][5423693][INF][P0x59f4][T0x5a48][CAIUIClientMgr.cpp][AddAIUIClientPointer][287] CAIUIClientMgr::AddAIUIClientPointer | pThis = 0xb4000071716041f0
[2025-09-18 19:30:10 813][5423693][INF][P0x59f4][T0x5a48][CAIUIClientMgr.cpp][EnableCallback][280] CAIUIClientMgr::EnableCallback | m_bEnableCallback = true
[2025-09-18 19:30:10 813][5423693][INF][P0x59f4][T0x5a48][CAIUIClientMgr.cpp][AddAIUIClientPointer][287] CAIUIClientMgr::AddAIUIClientPointer | pThis = 0xb400007171607570
[2025-09-18 19:30:10 813][5423693][INF][P0x59f4][T0x5a48][CIssSr.cpp][ProcessIatMsg][2246] ISS_SR_MSG_AIUIGetUid, wParam=0, lParam=4633d6d10c0d66fcf458dce073b688_1
SpeechEngineAdapter onMSMsgProc_() uMsg = 20059 wParam = 0 iParam = 4633d6d10c0d66fcf458dce073b688_1 nIndex = 1
[2025-09-18 19:30:10 813][5423693][INF][P0x59f4][T0x5a48][issmsImpl.cpp][CallBackMsgWithFullLog][544] VAMSImpl::m_pfnMSMsgCallback pUsrArg=0x1956,nSRInstIndex=1,uMsg=20059,wParam=0,lParam=4633d6d10c0d66fcf458dce073b688_1
[2025-09-18 19:30:10 813][5423693][INF][P0x59f4][T0x5a48][CIssSr.cpp][ProcessIatMsg][2246] ISS_SR_MSG_AIUIGetUid, wParam=0, lParam=4633d6d10c0d66fcf458dce073b688_1
SpeechEngineAdapter onMSMsgProc_() uMsg = 20059 wParam = 0 iParam = 4633d6d10c0d66fcf458dce073b688_1 nIndex = 1
[2025-09-18 19:30:10 813][5423693][INF][P0x59f4][T0x5a48][issmsImpl.cpp][CallBackMsgWithFullLog][544] VAMSImpl::m_pfnMSMsgCallback pUsrArg=0x1956,nSRInstIndex=1,uMsg=20059,wParam=0,lParam=4633d6d10c0d66fcf458dce073b688_1
[2025-09-18 19:30:10 813][5423693][INF][P0x59f4][T0x5aa3][CIAT.cpp][WorkingProc][681] CIAT::WorkingProc VAThreadSetPriority(-19) ret 0.
[2025-09-18 19:30:10 814][5423694][INF][P0x59f4][T0x5a48][CIssSr.cpp][LocalHandleInit][5178] m_nInstId[1], CIssSr::LocalHandleInit
enter SPWInit
configs is /mnt/vendor/vr/res/SRRes/ResMandarin/poixp/spw_SR.cfg
[2025-09-18 19:30:10 815][5423694][INF][P0x59f4][T0x5aa5][CIssSr.cpp][ResultManager][4291] CIssSr::ResultManager VAThreadSetPriority(-19) ret 0.
[2025-09-18 19:30:10 815][5423695][INF][P0x59f4][T0x5aa5][CIssSr.cpp][ResultManager][4297] m_nInstId[1], CIssSr::ResultManager
enter tts_res_init
cfgpath is /mnt/vendor/vr/res/SRRes/ResMandarin/poixp/spw_SR.cfg
open and read cfgpath /mnt/vendor/vr/res/SRRes/ResMandarin/poixp/spw_SR.cfg done
enter load
Spwords::load res_path /mnt/vendor/vr/res/SRRes/ResMandarin/poixp/./dict_res.irf
leave load
leave tts_res_init
sptype is  SR
enter Init
Spwords_SR::Init | config file path is "/mnt/vendor/vr/res/SRRes/ResMandarin/poixp/spw_SR.cfg"
leave Init
leave SPWInit
enter SPWInit
configs is /mnt/vendor/vr/res/SRRes/ResMandarin/poixp/spw_VW.cfg
sptype is  VW
enter Init
Spwords_VW::Init | config file path is "/mnt/vendor/vr/res/SRRes/ResMandarin/poixp/spw_VW.cfg"
leave Init
leave SPWInit
[2025-09-18 19:30:10 828][5423708][INF][P0x59f4][T0x5aa6][Grm.cpp][WorkingProc][429] CGrmBuilder::GrmBuilderProc SetPriority(-19) ret 0.
[2025-09-18 19:30:10 831][5423710][INF][P0x59f4][T0x5aa9][SR.cpp][WorkingProc][862] SR::WorkingProc VAThreadSetPriority(-19) ret 0.
SpeechEngineAdapter onMSMsgProc_() uMsg = 20060 wParam = 0 iParam = 576d9f07 nIndex = 1
[2025-09-18 19:30:10 831][5423711][INF][P0x59f4][T0x5a48][issmsImpl.cpp][CallBackMsgWithFullLog][544] VAMSImpl::m_pfnMSMsgCallback pUsrArg=0x1956,nSRInstIndex=1,uMsg=20060,wParam=0,lParam=576d9f07
[2025-09-18 19:30:10 831][5423711][INF][P0x59f4][T0x5a48][CIssSr.cpp][LocalHandleInit][5250] CIssSr::LocalHandleInit Init Success
[2025-09-18 19:30:10 831][5423711][INF][P0x59f4][T0x5aaa][CIssSr.cpp][LocalNliProcess][4241] m_nInstId[1], CIssSr::LocalNliProcess
[2025-09-18 19:30:10 831][5423711][INF][P0x59f4][T0x5a48][CVAD.cpp][SetParam][835] CVAD SetParam: chifbeam, value: 1
[2025-09-18 19:30:10 831][5423711][INF][P0x59f4][T0x5a48][CVAD.cpp][SetParam][843] CVAD Chif: 1
[2025-09-18 19:30:10 831][5423711][INF][P0x59f4][T0x5a48][CIssSr.cpp][SetVPRGroup][5949] m_nInstId[1], uid(407a44595db3e094aec6a518de5129cf), mode(3).
SpeechEngineAdapter onMSMsgProc_() uMsg = 20000 wParam = 0 iParam = create instant success nIndex = -1
SystemPropertyUtil getRoBuildServerEnv()
SystemPropertyUtil get property type is: ro.vendor.build.server.env, and value is: QA
SpeechEngineAdapter.setAikitUrl(): SpeechEngineAdapter setAikitUrl : [{"aiui":{"url":"wss://speech-zone-uat.mos.csvw.com/xunfei/v4/aiui"}},{"personal":"https://speech-zone-uat.mos.csvw.com/xunfei/personal/upload"},{"aiui_spark":{"url":"wss://speech-zone-uat.mos.csvw.com/xunfei/v4/aiui"}}]
SpeechEngineAdapter setParam() modeType = 1 param = aikit_url paramValue = [{"aiui":{"url":"wss://speech-zone-uat.mos.csvw.com/xunfei/v4/aiui"}},{"personal":"https://speech-zone-uat.mos.csvw.com/xunfei/personal/upload"},{"aiui_spark":{"url":"wss://speech-zone-uat.mos.csvw.com/xunfei/v4/aiui"}}] index = -1
[2025-09-18 19:30:10 832][5423712][INF][P0x59f4][T0x5a48][libissms_jni.cpp][Java_com_iflytek_speech_libissms_setParam][463] setParam
[2025-09-18 19:30:10 832][5423712][INF][P0x59f4][T0x5a48][issms.cpp][ISSMSSetParam][175] ISSMSSetParam | hISSMSObj = 0xb4000071d1614110, nModeType = 1, szParam = aikit_url,szParamValue = [{"aiui":{"url":"wss://speech-zone-uat.mos.csvw.com/xunfei/v4/aiui"}},{"personal":"https://speech-zone-uat.mos.csvw.com/xunfei/personal/upload"},{"aiui_spark":{"url":"wss://speech-zone-uat.mos.csvw.com/xunfei/v4/aiui"}}],nSRInstIndex = -1
[2025-09-18 19:30:10 832][5423712][INF][P0x59f4][T0x5a48][libisssr2.cpp][ISSSR2SetParam][171] ISSSR2SetParam | nInstIndex[-1], szParam: aikit_url, szParamValue: [{"aiui":{"url":"wss://speech-zone-uat.mos.csvw.com/xunfei/v4/aiui"}},{"personal":"https://speech-zone-uat.mos.csvw.com/xunfei/personal/upload"},{"aiui_spark":{"url":"wss://speech-zone-uat.mos.csvw.com/xunfei/v4/aiui"}}]
[2025-09-18 19:30:10 832][5423712][INF][P0x59f4][T0x5a48][issmsImpl.cpp][SaveSrParamAndValue][2904] SaveSrParamAndValue | SRInst=-1, strParam = aikit_url, strParamValue=[{"aiui":{"url":"wss://speech-zone-uat.mos.csvw.com/xunfei/v4/aiui"}},{"personal":"https://speech-zone-uat.mos.csvw.com/xunfei/personal/upload"},{"aiui_spark":{"url":"wss://speech-zone-uat.mos.csvw.com/xunfei/v4/aiui"}}]
[2025-09-18 19:30:10 832][5423712][INF][P0x59f4][T0x5a48][libissms_jni.cpp][Java_com_iflytek_speech_libissms_setParam][493] setParam leave
[2025-09-18 19:30:10 832][5423712][INF][P0x59f4][T0x5a48][issmsImpl.cpp][CallBackMsgWithFullLog][544] VAMSImpl::m_pfnMSMsgCallback pUsrArg=0x1956,nSRInstIndex=-1,uMsg=20000,wParam=0,lParam=create instant success
[2025-09-18 19:30:10 832][5423712][INF][P0x59f4][T0x5a48][CSharedSrMgr.cpp][SRInitProcess][98] ISSSR2CreateInstances success! SRInstNum = 1
[2025-09-18 19:30:10 833][5423712][INF][P0x59f4][T0x5a48][libisssr2.cpp][ISSSR2SetParam][171] ISSSR2SetParam | nInstIndex[-1], szParam: sr_pattern, szParamValue: single_fulltime
SpeechEngineAdapter sr init completed
SpeechEngineAdapter begin upload dict data...
SELECT * FROM speech_base_table with args null
SpeechEngineAdapter Sr location mode
SpeechEngineAdapter setParam() modeType = 1 param = audiomode paramValue = 0 index = -1
[2025-09-18 19:30:10 845][5423725][INF][P0x59f4][T0x5a30][libissms_jni.cpp][Java_com_iflytek_speech_libissms_setParam][463] setParam
[2025-09-18 19:30:10 845][5423725][INF][P0x59f4][T0x5a30][issms.cpp][ISSMSSetParam][175] ISSMSSetParam | hISSMSObj = 0xb4000071d1614110, nModeType = 1, szParam = audiomode,szParamValue = 0,nSRInstIndex = -1
[2025-09-18 19:30:10 845][5423725][INF][P0x59f4][T0x5a30][libisssr2.cpp][ISSSR2SetParam][171] ISSSR2SetParam | nInstIndex[-1], szParam: audiomode, szParamValue: 0
[2025-09-18 19:30:10 846][5423725][INF][P0x59f4][T0x5a30][CVAD.cpp][SetParam][835] CVAD SetParam: audiomode, value: 0
[2025-09-18 19:30:10 846][5423725][INF][P0x59f4][T0x5a30][CVAD.cpp][SetParam][839] CVAD audiomode: 0
[2025-09-18 19:30:10 846][5423725][INF][P0x59f4][T0x5a30][issmsImpl.cpp][SaveSrParamAndValue][2904] SaveSrParamAndValue | SRInst=-1, strParam = audiomode, strParamValue=0
[2025-09-18 19:30:10 846][5423725][INF][P0x59f4][T0x5a30][libissms_jni.cpp][Java_com_iflytek_speech_libissms_setParam][493] setParam leave
SELECT * FROM speech_base_table with args null
SpeechEngineAdapter setParam() modeType = 1 param = spark_type paramValue = aiui_40 index = -1
[2025-09-18 19:30:10 848][5423728][INF][P0x59f4][T0x5a30][libissms_jni.cpp][Java_com_iflytek_speech_libissms_setParam][463] setParam
[2025-09-18 19:30:10 848][5423728][INF][P0x59f4][T0x5a30][issms.cpp][ISSMSSetParam][175] ISSMSSetParam | hISSMSObj = 0xb4000071d1614110, nModeType = 1, szParam = spark_type,szParamValue = aiui_40,nSRInstIndex = -1
[2025-09-18 19:30:10 848][5423728][INF][P0x59f4][T0x5a30][libisssr2.cpp][ISSSR2SetParam][171] ISSSR2SetParam | nInstIndex[-1], szParam: spark_type, szParamValue: aiui_40
[2025-09-18 19:30:10 848][5423728][INF][P0x59f4][T0x5a30][issmsImpl.cpp][SaveSrParamAndValue][2904] SaveSrParamAndValue | SRInst=-1, strParam = spark_type, strParamValue=aiui_40
[2025-09-18 19:30:10 848][5423728][INF][P0x59f4][T0x5a30][libissms_jni.cpp][Java_com_iflytek_speech_libissms_setParam][493] setParam leave
SpeechEngineAdapter setParam() modeType = 1 param = spark_scene paramValue = doubao index = -1
[2025-09-18 19:30:10 848][5423728][INF][P0x59f4][T0x5a30][libissms_jni.cpp][Java_com_iflytek_speech_libissms_setParam][463] setParam
[2025-09-18 19:30:10 848][5423728][INF][P0x59f4][T0x5a30][issms.cpp][ISSMSSetParam][175] ISSMSSetParam | hISSMSObj = 0xb4000071d1614110, nModeType = 1, szParam = spark_scene,szParamValue = doubao,nSRInstIndex = -1
[2025-09-18 19:30:10 848][5423728][INF][P0x59f4][T0x5a30][libisssr2.cpp][ISSSR2SetParam][171] ISSSR2SetParam | nInstIndex[-1], szParam: spark_scene, szParamValue: doubao
[2025-09-18 19:30:10 848][5423728][INF][P0x59f4][T0x5a30][issmsImpl.cpp][SaveSrParamAndValue][2904] SaveSrParamAndValue | SRInst=-1, strParam = spark_scene, strParamValue=doubao
[2025-09-18 19:30:10 849][5423728][INF][P0x59f4][T0x5a30][libissms_jni.cpp][Java_com_iflytek_speech_libissms_setParam][493] setParam leave
SpeechEngineAdapter setParam() modeType = 0 param = Identifying_sr_mode paramValue = spark index = -1
[2025-09-18 19:30:10 849][5423728][INF][P0x59f4][T0x5a30][libissms_jni.cpp][Java_com_iflytek_speech_libissms_setParam][463] setParam
[2025-09-18 19:30:10 849][5423728][INF][P0x59f4][T0x5a30][issms.cpp][ISSMSSetParam][175] ISSMSSetParam | hISSMSObj = 0xb4000071d1614110, nModeType = 0, szParam = Identifying_sr_mode,szParamValue = spark,nSRInstIndex = -1
[2025-09-18 19:30:10 849][5423728][INF][P0x59f4][T0x5a30][libissms_jni.cpp][Java_com_iflytek_speech_libissms_setParam][493] setParam leave
SystemPropertyUtil getRoBuildServerEnv()
SystemPropertyUtil get property type is: ro.vendor.build.server.env, and value is: QA
SpeechEngineAdapter setParam() modeType = 1 param = attachparams paramValue = {"nlp_params":{"bIsSecondInteract":false,"enableLongTermMemory":false,"llmEnv":"test","vehicleId":"pp01_default_vin_code","vehicleName":"奥迪E5 Sportback","vehicleType":"Audi_E5_Sportback"}} index = -1
[2025-09-18 19:30:10 851][5423731][INF][P0x59f4][T0x5a30][libissms_jni.cpp][Java_com_iflytek_speech_libissms_setParam][463] setParam
[2025-09-18 19:30:10 851][5423731][INF][P0x59f4][T0x5a30][issms.cpp][ISSMSSetParam][175] ISSMSSetParam | hISSMSObj = 0xb4000071d1614110, nModeType = 1, szParam = attachparams,szParamValue = {"nlp_params":{"bIsSecondInteract":false,"enableLongTermMemory":false,"llmEnv":"test","vehicleId":"pp01_default_vin_code","vehicleName":"奥迪E5 Sportback","vehicleType":"Audi_E5_Sportback"}},nSRInstIndex = -1
[2025-09-18 19:30:10 851][5423731][INF][P0x59f4][T0x5a30][libisssr2.cpp][ISSSR2SetParam][171] ISSSR2SetParam | nInstIndex[-1], szParam: attachparams, szParamValue: {"nlp_params":{"bIsSecondInteract":false,"enableLongTermMemory":false,"llmEnv":"test","vehicleId":"pp01_default_vin_code","vehicleName":"奥迪E5 Sportback","vehicleType":"Audi_E5_Sportback"}}
[2025-09-18 19:30:10 851][5423731][INF][P0x59f4][T0x5a30][issmsImpl.cpp][SaveSrParamAndValue][2904] SaveSrParamAndValue | SRInst=-1, strParam = attachparams, strParamValue={"nlp_params":{"bIsSecondInteract":false,"enableLongTermMemory":false,"llmEnv":"test","vehicleId":"pp01_default_vin_code","vehicleName":"奥迪E5 Sportback","vehicleType":"Audi_E5_Sportback"}}
[2025-09-18 19:30:10 852][5423731][INF][P0x59f4][T0x5a30][libissms_jni.cpp][Java_com_iflytek_speech_libissms_setParam][493] setParam leave
SpeechEngineAdapter setParam() modeType = 0 param = dialogue_reset paramValue = 1 index = -1
[2025-09-18 19:30:10 852][5423731][INF][P0x59f4][T0x5a30][libissms_jni.cpp][Java_com_iflytek_speech_libissms_setParam][463] setParam
[2025-09-18 19:30:10 852][5423732][INF][P0x59f4][T0x5a30][issms.cpp][ISSMSSetParam][175] ISSMSSetParam | hISSMSObj = 0xb4000071d1614110, nModeType = 0, szParam = dialogue_reset,szParamValue = 1,nSRInstIndex = -1
[2025-09-18 19:30:10 852][5423732][INF][P0x59f4][T0x5a30][libisssr2.cpp][ISSSR2SetParam][171] ISSSR2SetParam | nInstIndex[-1], szParam: trace_id, szParamValue: null
[2025-09-18 19:30:10 852][5423732][INF][P0x59f4][T0x5a30][libisssr2.cpp][ISSSR2SetParam][171] ISSSR2SetParam | nInstIndex[-1], szParam: sr_pattern, szParamValue: single_fulltime
[2025-09-18 19:30:10 853][5423732][INF][P0x59f4][T0x5a30][MsDialogueManager.cpp][SetIsStatusShareMode][400] SetIsStatusShareMode is 1
[2025-09-18 19:30:10 853][5423732][INF][P0x59f4][T0x5a30][libissms_jni.cpp][Java_com_iflytek_speech_libissms_setParam][493] setParam leave
SpeechDialogueBusinessManager Recognition onReady
registerExtendListener
notify calibrated
SpeechDialogueBusinessManager initDialogueForBasicSpeech
SpeechDialogueBusinessManager setDialogueConfiguration
SpeechBaseBusinessManager init
RecognitionService Time calibration notice！
DSM updateDelayListeningTimeout = 15000
registerKeyEventListener code [516]
DSM-UnavailableState Try to exit unavailable state
DSM-UnavailableState onChangeState scene = INIT_SCENE
DSM-UnavailableState power state = 1
SpeechDialogueBusinessManager initDialogueForBusiness
init
requestBindToPrivateNetwork
RecognitionService SemanticInitRunnable run...
SemanticDataManager begin init SemanticData...
DSM Exit UnavailableState
VehicleConfigAdapter getVinCodeAsync
DSM-IdleState Enter IdleState
bindToWifiNetwork, network=103
VehicleAccountAdapter registerAccountStatusListener
DSM clearAllListeningTimeout
VehicleAudioFocusAdapter abandonAudioFocus
runAction method:stopRecognizing
RecognitionService stop
bindToNetwork, network name = WIFI ret = true
RecognitionService No running task, skip stop
VehicleConfigAdapter send message success
SystemPropertyUtil getRoBuildServerEnv()
getVehicleConfig key: VehCfg_SW_VinCode
NetworkConnectivityAdapter.isNetworkAvailable(): NetworkConnectivityAdapter isNetworkAvailable check failed!
DSM-IdleState disable active sr
DSM notifyStateChanged start state = STATE_IDLE
callbackNetworkBound, networkType=2
SpeechHmiManager notifySpeechStateChange = STATE_IDLE area = 1
callbackNetworkAvailable, networkType=2, isAvailable=true
[DisplayManager][notifyVrPos]pos:1
SystemPropertyUtil get property type is: ro.vendor.build.server.env, and value is: QA
convertToVehicleConfigValue: key[VehCfg_SW_VinCode], type[4], result[0], option[]
convertToVehicleConfigValue: valueString[]
VehicleConfigAdapter$LocalHandler.lambda$getVinCode$1$com-zone-service-speech-base-VehicleConfigAdapter$LocalHandler(): VehicleConfigAdapter getVinCode failed!
SystemPropertyUtil getVinCode()
SystemPropertyUtil getRoBuildServerEnv()
[DisplayManager][displayAction]start:false business:VR action:IDLE listener:com.zone.api.imate.display.DisplayManager$1@76ec3c1
SystemPropertyUtil get property type is: persist.vincode, and value is: 
SystemPropertyUtil get property type is: ro.vendor.build.server.env, and value is: QA
SystemPropertyUtil getRoBuildServerEnv()
IMateAdapter showAsrText isFinalNlu = false, content = 
SystemPropertyUtil get property type is: ro.vendor.build.server.env, and value is: QA
StackLog: [android.net.ConnectivityManager.sendRequestForNetwork(ConnectivityManager.java:3925)] [android.net.ConnectivityManager.sendRequestForNetwork(ConnectivityManager.java:3967)] [android.net.ConnectivityManager.registerNetworkCallback(ConnectivityManager.java:4349)] [android.net.ConnectivityManager.registerNetworkCallback(ConnectivityManager.java:4319)] [com.zone.api.apnmanager.ApnManager.listenPrivateAvailable(ApnManager.java:275)] [com.zone.api.apnmanager.ApnManager.requestBindToPrivateNetwork(ApnManager.java:196)] [com.zone.service.speech.base.NetworkConnectivityAdapter.init(NetworkConnectivityAdapter.java:36)] [com.zone.service.speech.dialogue.SpeechDialogueBusinessManager.lambda$initDialogueForBusiness$1$com-zone-service-speech-dialogue-SpeechDialogueBusinessManager(SpeechDialogueBusinessManager.java:255)] [com.zone.service.speech.dialogue.SpeechDialogueBusinessManager$$ExternalSyntheticLambda1.run(Unknown Source:2)]
[DisplayManager][displayAsrText]{"text":"","type":1}
TtsPromptPlaybackManager onStateChange = STATE_IDLE
SpeechTaskRouter stopTimer
SpeechTaskRouter.stopTimer(): SpeechTaskRouter mHandler ==null
DSM notifyStateChanged end
StackLog: [android.net.ConnectivityManager.sendRequestForNetwork(ConnectivityManager.java:3925)] [android.net.ConnectivityManager.sendRequestForNetwork(ConnectivityManager.java:3967)] [android.net.ConnectivityManager.registerNetworkCallback(ConnectivityManager.java:4349)] [android.net.ConnectivityManager.registerNetworkCallback(ConnectivityManager.java:4319)] [com.zone.api.apnmanager.ApnManager.listenWifiAvailable(ApnManager.java:284)] [com.zone.api.apnmanager.ApnManager.requestBindToPrivateNetwork(ApnManager.java:197)] [com.zone.service.speech.base.NetworkConnectivityAdapter.init(NetworkConnectivityAdapter.java:36)] [com.zone.service.speech.dialogue.SpeechDialogueBusinessManager.lambda$initDialogueForBusiness$1$com-zone-service-speech-dialogue-SpeechDialogueBusinessManager(SpeechDialogueBusinessManager.java:255)] [com.zone.service.speech.dialogue.SpeechDialogueBusinessManager$$ExternalSyntheticLambda1.run(Unknown Source:2)]
SpeechNluTaskManager init mIsInit = false
SpeechPreSemanticProcessor init
SpeechTaskPackager init
SpeechTaskRouter init
SpeechExecutorProvider init
init: thread
ApnNetworkCallback.onAvailable
ApnNetworkCallback.onAvailable, network name=APN2
WifiNetworkCallback.onAvailable
WifiNetworkCallback.onAvailable, network name=WIFI
bindToWifiNetwork, network=103
bindToNetwork, network name = WIFI ret = true
 VehicleManager -------------->init
VehicleManager -----------> bindService
VehicleManager onCoreServiceConnected ----------->
VehicleManager -------------->registerVehicleServiceListener vehicleServiceListener =com.zone.service.speech.executor.SpeechExecutorProvider$1@2a3a776
callbackNetworkBound, networkType=2
NetworkConnectivityAdapter onNetworkBound networkType = 2
bindService: 
callbackNetworkAvailable, networkType=2, isAvailable=true
NetworkConnectivityAdapter onBoundNetworkAvailable networkType = 2 isAvailable = true
callbackNetworkAvailable, networkType=2, isAvailable=true
NetworkConnectivityAdapter onBoundNetworkAvailable networkType = 2 isAvailable = true
onServiceConnected: core service connected
VehicleManager initModule-----------mIBinderPool=com.zone.api.vehicle.IBinderPool$Stub$Proxy@7f87177
VehicleManager onVehicleServiceConnected.
SpeechExecutorProvider onVehicleServiceConnected...
SpeechUploadDataService match domain = media
SpeechUploadDataService filterListeners = [{"domains":["media"],"package":"com.zone.service.mediacenter"}]
SpeechUploadDataService infoRequestListener = com.zone.api.speech.IInfoRequestListener$Stub$Proxy@82e5887
SpeechCore Init sr duration(ms) = 5
onServiceBind: 
bindService: core service ex==java.lang.SecurityException:  need  permission zone.permission.fota.GET_FOTA
registerListener: listener==com.zone.service.speech.dialogue.base.fota.SpeechFotaManager$1@64c1e4
registerListener: listener==com.zone.service.speech.dialogue.base.fota.SpeechFotaManager$1@64c1e4
SystemPropertyUtil set property type is: vendor.speechservice.ready, and value is: true
SemanticCloud handleSemanticSource call the parameter{"applicationName":"speechService","applicationVersion":"V1.0","resources":[{"resourceName":"customizeOemData_audi_UP.json","resourceVersion":"V1.0.0_audi","version":0},{"resourceName":"customizeSemanticData_UP.json","resourceVersion":"V1.0.0_audi","version":0},{"resourceName":"customizeSlotData_UP.json","resourceVersion":"V1.0.0_audi","version":0}]}
FotaManager startFindService  fota version = 1.0.12
ScreenSaverAdapter addScreenSaverCallBack callback = com.zone.service.speech.dialogue.base.SpeechBaseBusinessManager$5@852364d
ScreenSaverAdapter init()
registerScreenStatusLisenter:com.zone.service.speech.base.ScreenSaverAdapter$1@41ac502
addClientListener
init
bindService
onCoreServiceConnected
SmartSceneService Export onBinderAvailable
connectService
CoreService onServiceConnected
Service Connected
VehicleManager updateBinder baseManager:com.zone.api.vehicle.internal.hvac.HvacManager@8f8ae13
query manager binderid:5
ScreenSaverAdapter onServiceConnected() serviceName = ScreenSaverService
SystemPropertyUtil get property type is: persist.vendor.display.id.ivi, and value is: 0
getState: 0
set setService:com.zone.api.vehicle.function.hvac.IHvacService$Stub$Proxy@c9e1850
SystemPropertyUtil get property type is: persist.vendor.display.id.ivi, and value is: 0
SpeechDialogueBusinessManager onScreenStatusChanged() displayID = 0 value = 1
VehicleManager updateBinder baseManager:com.zone.api.vehicle.internal.airoutlet.AirOutletManager@898ea49
query manager binderid:1
set setService:com.zone.api.vehicle.function.airoutlet.IAirOutletService$Stub$Proxy@df42f4e
getVehicleConfig key: VehCfg_AC_FrontPwrACONVent
convertToVehicleConfigValue: key[VehCfg_AC_FrontPwrACONVent], type[2], result[0], option[]
convertToVehicleConfigValue: valueInt[6]
getVehicleConfig key: VehCfg_AC_SecRowACONVent
convertToVehicleConfigValue: key[VehCfg_AC_SecRowACONVent], type[2], result[0], option[]
convertToVehicleConfigValue: valueInt[0]
SpeechBaseBusinessManager.init(): SpeechBaseBusinessManager onChange() android.provider.Settings$SettingNotFoundException: zone_clean_mode
sendSyncCommand registerNotifyListener, Bundle[{notifyListener=com.zone.api.smartscene.SmartSceneManager$mNotifyListener$1@cd4697c}]
sendSyncCommand registerAiListener, Bundle[{notifyListener=com.zone.api.smartscene.ai.SmartSceneAiManager$notifyListener$1@7ce205}]
VehicleManager updateBinder baseManager:com.zone.api.vehicle.internal.ads.AdsManager@835cc8b
query manager binderid:0
set setService:com.zone.api.vehicle.function.ads.IAdsService$Stub$Proxy@1bca168
VehicleManager updateBinder baseManager:com.zone.api.vehicle.internal.doorlock.DoorLockManager@722da26
query manager binderid:4
set setService:com.zone.api.vehicle.function.doorlock.IDoorLockService$Stub$Proxy@7b2a667
getVehicleConfig key: VehCfg_DW_ChildProtnType
convertToVehicleConfigValue: key[VehCfg_DW_ChildProtnType], type[2], result[0], option[]
convertToVehicleConfigValue: valueInt[2]
getVehicleConfig key: VehCfg_DW_LiftgateDoorType
convertToVehicleConfigValue: key[VehCfg_DW_LiftgateDoorType], type[2], result[0], option[]
convertToVehicleConfigValue: valueInt[2]
getVehicleConfig key: VehCfg_DW_WindAntiTrapType
SysSetExecutor SysSetExecutor create
TelematicsAdapter TelematicsAdapter()
convertToVehicleConfigValue: key[VehCfg_DW_WindAntiTrapType], type[2], result[0], option[]
convertToVehicleConfigValue: valueInt[3]
VehicleManager updateBinder baseManager:com.zone.api.vehicle.internal.hud.HudManager@f6a4cbd
query manager binderid:11
set setService:com.zone.api.vehicle.function.hud.IHudService$Stub$Proxy@ad272b2
getVehicleConfig key: VehCfg_HUD_Type
convertToVehicleConfigValue: key[VehCfg_HUD_Type], type[2], result[0], option[]
convertToVehicleConfigValue: valueInt[255]
VehicleManager updateBinder baseManager:com.zone.api.vehicle.internal.light.LightManager@2394203
query manager binderid:6
set setService:com.zone.api.vehicle.function.light.ILightService$Stub$Proxy@5d03580
ThemeAdapter ThemeAdapter()
SysSetExecutor SysSetExecutor create end
addCallback---before---->manager = class com.zone.api.vehicle.internal.light.LightManager callback=com.zone.service.speech.executor.vehiclecontrol.lamps.CarLampsAdapter$1@af3f7b9 flags = [0, 1, 2, 3, 4, 5, 6, 7, 8, 9, 10, 11, 12, 13, 14, 15, 16, 17, 18, 19, 20, 21, 22, 23, 24, 25, 26, 27, 28, 29, 30, 31, 32, 33, 34, 35, 36, 37, 38, 39, 40, 41, 42, 43, 44, 45, 46, 47, 48, 49, 50, 51, 52, 53, 54, 55, 56, 57, 58, 59, 60, 61, 62, 63, 64, 65, 66, 67, 68, 69, 70, 71, 72, 73, 74, 75, 76, 77, 78, 79, 80, 81, 82, 83, 84, 85, 86, 87, 88, 89, 90, 91, 92, 93, 94, 95, 96]
printFlagMap------->mFlagMap.size() = 0
addCallback---after---->manager = class com.zone.api.vehicle.internal.light.LightManager callback=com.zone.service.speech.executor.vehiclecontrol.lamps.CarLampsAdapter$1@af3f7b9 RegisterflagList = [0, 1, 2, 3, 4, 5, 6, 7, 8, 9, 10, 11, 12, 13, 14, 15, 16, 17, 18, 19, 20, 21, 22, 23, 24, 25, 26, 27, 28, 29, 30, 31, 32, 33, 34, 35, 36, 37, 38, 39, 40, 41, 42, 43, 44, 45, 46, 47, 48, 49, 50, 51, 52, 53, 54, 55, 56, 57, 58, 59, 60, 61, 62, 63, 64, 65, 66, 67, 68, 69, 70, 71, 72, 73, 74, 75, 76, 77, 78, 79, 80, 81, 82, 83, 84, 85, 86, 87, 88, 89, 90, 91, 92, 93, 94, 95, 96]
printFlagMap------->mFlagMap.size() = 97
printFlagMap------->index:0 key:0 value:[com.zone.service.speech.executor.vehiclecontrol.lamps.CarLampsAdapter$1@af3f7b9]
printFlagMap------->index:1 key:1 value:[com.zone.service.speech.executor.vehiclecontrol.lamps.CarLampsAdapter$1@af3f7b9]
printFlagMap------->index:2 key:2 value:[com.zone.service.speech.executor.vehiclecontrol.lamps.CarLampsAdapter$1@af3f7b9]
printFlagMap------->index:3 key:3 value:[com.zone.service.speech.executor.vehiclecontrol.lamps.CarLampsAdapter$1@af3f7b9]
printFlagMap------->index:4 key:4 value:[com.zone.service.speech.executor.vehiclecontrol.lamps.CarLampsAdapter$1@af3f7b9]
printFlagMap------->index:5 key:5 value:[com.zone.service.speech.executor.vehiclecontrol.lamps.CarLampsAdapter$1@af3f7b9]
printFlagMap------->index:6 key:6 value:[com.zone.service.speech.executor.vehiclecontrol.lamps.CarLampsAdapter$1@af3f7b9]
printFlagMap------->index:7 key:7 value:[com.zone.service.speech.executor.vehiclecontrol.lamps.CarLampsAdapter$1@af3f7b9]
printFlagMap------->index:8 key:8 value:[com.zone.service.speech.executor.vehiclecontrol.lamps.CarLampsAdapter$1@af3f7b9]
printFlagMap------->index:9 key:9 value:[com.zone.service.speech.executor.vehiclecontrol.lamps.CarLampsAdapter$1@af3f7b9]
printFlagMap------->index:10 key:10 value:[com.zone.service.speech.executor.vehiclecontrol.lamps.CarLampsAdapter$1@af3f7b9]
printFlagMap------->index:11 key:11 value:[com.zone.service.speech.executor.vehiclecontrol.lamps.CarLampsAdapter$1@af3f7b9]
printFlagMap------->index:12 key:12 value:[com.zone.service.speech.executor.vehiclecontrol.lamps.CarLampsAdapter$1@af3f7b9]
printFlagMap------->index:13 key:13 value:[com.zone.service.speech.executor.vehiclecontrol.lamps.CarLampsAdapter$1@af3f7b9]
printFlagMap------->index:14 key:14 value:[com.zone.service.speech.executor.vehiclecontrol.lamps.CarLampsAdapter$1@af3f7b9]
printFlagMap------->index:15 key:15 value:[com.zone.service.speech.executor.vehiclecontrol.lamps.CarLampsAdapter$1@af3f7b9]
printFlagMap------->index:16 key:16 value:[com.zone.service.speech.executor.vehiclecontrol.lamps.CarLampsAdapter$1@af3f7b9]
printFlagMap------->index:17 key:17 value:[com.zone.service.speech.executor.vehiclecontrol.lamps.CarLampsAdapter$1@af3f7b9]
printFlagMap------->index:18 key:18 value:[com.zone.service.speech.executor.vehiclecontrol.lamps.CarLampsAdapter$1@af3f7b9]
printFlagMap------->index:19 key:19 value:[com.zone.service.speech.executor.vehiclecontrol.lamps.CarLampsAdapter$1@af3f7b9]
printFlagMap------->index:20 key:20 value:[com.zone.service.speech.executor.vehiclecontrol.lamps.CarLampsAdapter$1@af3f7b9]
printFlagMap------->index:21 key:21 value:[com.zone.service.speech.executor.vehiclecontrol.lamps.CarLampsAdapter$1@af3f7b9]
printFlagMap------->index:22 key:22 value:[com.zone.service.speech.executor.vehiclecontrol.lamps.CarLampsAdapter$1@af3f7b9]
printFlagMap------->index:23 key:23 value:[com.zone.service.speech.executor.vehiclecontrol.lamps.CarLampsAdapter$1@af3f7b9]
printFlagMap------->index:24 key:24 value:[com.zone.service.speech.executor.vehiclecontrol.lamps.CarLampsAdapter$1@af3f7b9]
printFlagMap------->index:25 key:25 value:[com.zone.service.speech.executor.vehiclecontrol.lamps.CarLampsAdapter$1@af3f7b9]
printFlagMap------->index:26 key:26 value:[com.zone.service.speech.executor.vehiclecontrol.lamps.CarLampsAdapter$1@af3f7b9]
printFlagMap------->index:27 key:27 value:[com.zone.service.speech.executor.vehiclecontrol.lamps.CarLampsAdapter$1@af3f7b9]
printFlagMap------->index:28 key:28 value:[com.zone.service.speech.executor.vehiclecontrol.lamps.CarLampsAdapter$1@af3f7b9]
printFlagMap------->index:29 key:29 value:[com.zone.service.speech.executor.vehiclecontrol.lamps.CarLampsAdapter$1@af3f7b9]
printFlagMap------->index:30 key:30 value:[com.zone.service.speech.executor.vehiclecontrol.lamps.CarLampsAdapter$1@af3f7b9]
printFlagMap------->index:31 key:31 value:[com.zone.service.speech.executor.vehiclecontrol.lamps.CarLampsAdapter$1@af3f7b9]
printFlagMap------->index:32 key:32 value:[com.zone.service.speech.executor.vehiclecontrol.lamps.CarLampsAdapter$1@af3f7b9]
printFlagMap------->index:33 key:33 value:[com.zone.service.speech.executor.vehiclecontrol.lamps.CarLampsAdapter$1@af3f7b9]
printFlagMap------->index:34 key:34 value:[com.zone.service.speech.executor.vehiclecontrol.lamps.CarLampsAdapter$1@af3f7b9]
printFlagMap------->index:35 key:35 value:[com.zone.service.speech.executor.vehiclecontrol.lamps.CarLampsAdapter$1@af3f7b9]
printFlagMap------->index:36 key:36 value:[com.zone.service.speech.executor.vehiclecontrol.lamps.CarLampsAdapter$1@af3f7b9]
printFlagMap------->index:37 key:37 value:[com.zone.service.speech.executor.vehiclecontrol.lamps.CarLampsAdapter$1@af3f7b9]
printFlagMap------->index:38 key:38 value:[com.zone.service.speech.executor.vehiclecontrol.lamps.CarLampsAdapter$1@af3f7b9]
printFlagMap------->index:39 key:39 value:[com.zone.service.speech.executor.vehiclecontrol.lamps.CarLampsAdapter$1@af3f7b9]
printFlagMap------->index:40 key:40 value:[com.zone.service.speech.executor.vehiclecontrol.lamps.CarLampsAdapter$1@af3f7b9]
printFlagMap------->index:41 key:41 value:[com.zone.service.speech.executor.vehiclecontrol.lamps.CarLampsAdapter$1@af3f7b9]
printFlagMap------->index:42 key:42 value:[com.zone.service.speech.executor.vehiclecontrol.lamps.CarLampsAdapter$1@af3f7b9]
printFlagMap------->index:43 key:43 value:[com.zone.service.speech.executor.vehiclecontrol.lamps.CarLampsAdapter$1@af3f7b9]
printFlagMap------->index:44 key:44 value:[com.zone.service.speech.executor.vehiclecontrol.lamps.CarLampsAdapter$1@af3f7b9]
printFlagMap------->index:45 key:45 value:[com.zone.service.speech.executor.vehiclecontrol.lamps.CarLampsAdapter$1@af3f7b9]
printFlagMap------->index:46 key:46 value:[com.zone.service.speech.executor.vehiclecontrol.lamps.CarLampsAdapter$1@af3f7b9]
printFlagMap------->index:47 key:47 value:[com.zone.service.speech.executor.vehiclecontrol.lamps.CarLampsAdapter$1@af3f7b9]
printFlagMap------->index:48 key:48 value:[com.zone.service.speech.executor.vehiclecontrol.lamps.CarLampsAdapter$1@af3f7b9]
printFlagMap------->index:49 key:49 value:[com.zone.service.speech.executor.vehiclecontrol.lamps.CarLampsAdapter$1@af3f7b9]
printFlagMap------->index:50 key:50 value:[com.zone.service.speech.executor.vehiclecontrol.lamps.CarLampsAdapter$1@af3f7b9]
printFlagMap------->index:51 key:51 value:[com.zone.service.speech.executor.vehiclecontrol.lamps.CarLampsAdapter$1@af3f7b9]
printFlagMap------->index:52 key:52 value:[com.zone.service.speech.executor.vehiclecontrol.lamps.CarLampsAdapter$1@af3f7b9]
printFlagMap------->index:53 key:53 value:[com.zone.service.speech.executor.vehiclecontrol.lamps.CarLampsAdapter$1@af3f7b9]
printFlagMap------->index:54 key:54 value:[com.zone.service.speech.executor.vehiclecontrol.lamps.CarLampsAdapter$1@af3f7b9]
printFlagMap------->index:55 key:55 value:[com.zone.service.speech.executor.vehiclecontrol.lamps.CarLampsAdapter$1@af3f7b9]
printFlagMap------->index:56 key:56 value:[com.zone.service.speech.executor.vehiclecontrol.lamps.CarLampsAdapter$1@af3f7b9]
printFlagMap------->index:57 key:57 value:[com.zone.service.speech.executor.vehiclecontrol.lamps.CarLampsAdapter$1@af3f7b9]
printFlagMap------->index:58 key:58 value:[com.zone.service.speech.executor.vehiclecontrol.lamps.CarLampsAdapter$1@af3f7b9]
printFlagMap------->index:59 key:59 value:[com.zone.service.speech.executor.vehiclecontrol.lamps.CarLampsAdapter$1@af3f7b9]
printFlagMap------->index:60 key:60 value:[com.zone.service.speech.executor.vehiclecontrol.lamps.CarLampsAdapter$1@af3f7b9]
printFlagMap------->index:61 key:61 value:[com.zone.service.speech.executor.vehiclecontrol.lamps.CarLampsAdapter$1@af3f7b9]
printFlagMap------->index:62 key:62 value:[com.zone.service.speech.executor.vehiclecontrol.lamps.CarLampsAdapter$1@af3f7b9]
printFlagMap------->index:63 key:63 value:[com.zone.service.speech.executor.vehiclecontrol.lamps.CarLampsAdapter$1@af3f7b9]
printFlagMap------->index:64 key:64 value:[com.zone.service.speech.executor.vehiclecontrol.lamps.CarLampsAdapter$1@af3f7b9]
printFlagMap------->index:65 key:65 value:[com.zone.service.speech.executor.vehiclecontrol.lamps.CarLampsAdapter$1@af3f7b9]
printFlagMap------->index:66 key:66 value:[com.zone.service.speech.executor.vehiclecontrol.lamps.CarLampsAdapter$1@af3f7b9]
printFlagMap------->index:67 key:67 value:[com.zone.service.speech.executor.vehiclecontrol.lamps.CarLampsAdapter$1@af3f7b9]
printFlagMap------->index:68 key:68 value:[com.zone.service.speech.executor.vehiclecontrol.lamps.CarLampsAdapter$1@af3f7b9]
printFlagMap------->index:69 key:69 value:[com.zone.service.speech.executor.vehiclecontrol.lamps.CarLampsAdapter$1@af3f7b9]
printFlagMap------->index:70 key:70 value:[com.zone.service.speech.executor.vehiclecontrol.lamps.CarLampsAdapter$1@af3f7b9]
printFlagMap------->index:71 key:71 value:[com.zone.service.speech.executor.vehiclecontrol.lamps.CarLampsAdapter$1@af3f7b9]
printFlagMap------->index:72 key:72 value:[com.zone.service.speech.executor.vehiclecontrol.lamps.CarLampsAdapter$1@af3f7b9]
printFlagMap------->index:73 key:73 value:[com.zone.service.speech.executor.vehiclecontrol.lamps.CarLampsAdapter$1@af3f7b9]
printFlagMap------->index:74 key:74 value:[com.zone.service.speech.executor.vehiclecontrol.lamps.CarLampsAdapter$1@af3f7b9]
printFlagMap------->index:75 key:75 value:[com.zone.service.speech.executor.vehiclecontrol.lamps.CarLampsAdapter$1@af3f7b9]
printFlagMap------->index:76 key:76 value:[com.zone.service.speech.executor.vehiclecontrol.lamps.CarLampsAdapter$1@af3f7b9]
printFlagMap------->index:77 key:77 value:[com.zone.service.speech.executor.vehiclecontrol.lamps.CarLampsAdapter$1@af3f7b9]
printFlagMap------->index:78 key:78 value:[com.zone.service.speech.executor.vehiclecontrol.lamps.CarLampsAdapter$1@af3f7b9]
printFlagMap------->index:79 key:79 value:[com.zone.service.speech.executor.vehiclecontrol.lamps.CarLampsAdapter$1@af3f7b9]
printFlagMap------->index:80 key:80 value:[com.zone.service.speech.executor.vehiclecontrol.lamps.CarLampsAdapter$1@af3f7b9]
printFlagMap------->index:81 key:81 value:[com.zone.service.speech.executor.vehiclecontrol.lamps.CarLampsAdapter$1@af3f7b9]
printFlagMap------->index:82 key:82 value:[com.zone.service.speech.executor.vehiclecontrol.lamps.CarLampsAdapter$1@af3f7b9]
printFlagMap------->index:83 key:83 value:[com.zone.service.speech.executor.vehiclecontrol.lamps.CarLampsAdapter$1@af3f7b9]
printFlagMap------->index:84 key:84 value:[com.zone.service.speech.executor.vehiclecontrol.lamps.CarLampsAdapter$1@af3f7b9]
printFlagMap------->index:85 key:85 value:[com.zone.service.speech.executor.vehiclecontrol.lamps.CarLampsAdapter$1@af3f7b9]
printFlagMap------->index:86 key:86 value:[com.zone.service.speech.executor.vehiclecontrol.lamps.CarLampsAdapter$1@af3f7b9]
printFlagMap------->index:87 key:87 value:[com.zone.service.speech.executor.vehiclecontrol.lamps.CarLampsAdapter$1@af3f7b9]
printFlagMap------->index:88 key:88 value:[com.zone.service.speech.executor.vehiclecontrol.lamps.CarLampsAdapter$1@af3f7b9]
printFlagMap------->index:89 key:89 value:[com.zone.service.speech.executor.vehiclecontrol.lamps.CarLampsAdapter$1@af3f7b9]
printFlagMap------->index:90 key:90 value:[com.zone.service.speech.executor.vehiclecontrol.lamps.CarLampsAdapter$1@af3f7b9]
printFlagMap------->index:91 key:91 value:[com.zone.service.speech.executor.vehiclecontrol.lamps.CarLampsAdapter$1@af3f7b9]
printFlagMap------->index:92 key:92 value:[com.zone.service.speech.executor.vehiclecontrol.lamps.CarLampsAdapter$1@af3f7b9]
printFlagMap------->index:93 key:93 value:[com.zone.service.speech.executor.vehiclecontrol.lamps.CarLampsAdapter$1@af3f7b9]
printFlagMap------->index:94 key:94 value:[com.zone.service.speech.executor.vehiclecontrol.lamps.CarLampsAdapter$1@af3f7b9]
printFlagMap------->index:95 key:95 value:[com.zone.service.speech.executor.vehiclecontrol.lamps.CarLampsAdapter$1@af3f7b9]
printFlagMap------->index:96 key:96 value:[com.zone.service.speech.executor.vehiclecontrol.lamps.CarLampsAdapter$1@af3f7b9]
RegisterDataChangeListener-------->manager = class com.zone.api.vehicle.internal.light.LightManager RegisterflagList = [ATMOSPHERE_LAMP_WELCOME_GUESTS, ATMOSPHERE_LAMP_STATUS, ATMOSPHERE_LINKED_DRIVER_MODE, FOG_LIGHT_STATUS, HEAD_LIGHT_HIGH_LEVEL, MASTER_LIGHT_MODE, SIDE_LIGHT_AUTO_MODE, FIND_CAR_FUNCTION, WIDE_LIGHT, PARKING_PROJECTION_LIGHT, VEHICLE_DISTANCE_PROJECTION_LIGHT, CHARGING_LIGHT, ALARM_LIGHT, HWPSYSACT_AUTOLIGHT, RHWPSYSACT_AUTOLIGHT, HWPSYSACT_STATUS, EPT_BRK_PDL_DSCRT_INPT_STS, WELCOME_LIGHT_MENU, WELCOME_LIGHT_STATUS, READING_LIGHT, ATMOSPHERELAMP_FUNC_AVAILABILITY, ATMOSPHERE_FOLLOW_MUSIC, VEHICLE_SIDE_LIGHT_STS, MAIN_BEAM_LIGHT_ON, DIPPED_BEAM_LIGHT_ON, DIRECTION_INDICATOR_LAMP, VEHICLE_HAZARD_MD_STATUS, LAMP_SIGNAL_MODE, CENTR_MAP_LAMP_GLB_STS, FARE_WELL_LIGHT_MODE, AUTO_FOLLOW_ME_HOME, AMBIENT_LIGHT_BRIGHTNESS, AMBIENT_LIGHT_COLOR, PILOT_DIRCN_IND_LAMP_STS, LIGHT_EL_DIR_CONTRL_ON, AMBIENT_LIGHT_BRIGHTNESS_COLOR_FEATURE_ENABLE, CHARGE_DISCHARGE_INDICATOR_LAMP_STATUS, LIGHT_EL_FLOG_ON, AUTO_MAIN_BEAM_STATUS, AIR_OUTLET_AMBIENT_LIGHT_ENABLE_SW_STATUS, AUX_MAIN_BEAM_LAMP_ON, R_LOGO_LIGHT_STATUS, DAY_LIGHT, PARK_DAY_LIGHT, VEHICLE_MODEL_DAY_LIGHT, IBRKLGHTON, AMBT_LIGHT_GLB, AMBT_LIGHT_DRV_MODE, VOICE_LINKAGE, AMBT_LIGHT_WLCM_ON, AMBT_LIGHT_WLCM_MODE, LIGHT_CUST_ON, AMBT_LIGHT_IGN_MODE, AMBT_LIGHT_IGN_MODE_ON, LIGHT_CUST_MODE, ATMOSPHERE_LAMP_BRIGHT_LEVEL, VEHICLE_LOCKING_STATE, DAY_TIME_RUNNING_LAMP_ON, ATMOSPHERE_LAMP_AUDIO, ATMOSPHERE_LAMP_DOOR_OPEN, ALL_DAY_LIGHT_STATUS, ADAPT_BEAM_LIGHT_STATUS, WELCOME_MODE, DLP_LIGHT_WELCOME_MODE, AMBIENT_LIGHT_STRIP_COLOR, AMBIENT_LIGHT_STRIP_BRIGHTNESS, DOOR_OPEN_LIGHT, AMBIENT_LIGHT_STRIP_MODE, AMBTLGHTDRVMDONOFF, AMBIENT_LIGHT_STRIP_CUSTOMIZE_COLOR, APROCH_LGHT, TAILGATE_OPEN_LIGHT_ENB, AMBIENT_LIGHT_BREATH_STATUS, AMBIENT_LIGHT_WELCOME_MODE, AMBIENT_LIGHT_LINKAGE_MODE, ATMOSPHERE_LAMP_GLASSROOF, GLASSROOF_COLOR, GLASSROOF_LIGHT_STRIP_MODE, GLASSROOF_LIGHT_STRIP_CUSTOMIZE_COLOR, GLASSROOF_BRIGHTNESS, GLASSROOF_MODE, GLASSROOF_SYNC, DLP_ENABLE, READING_LIGHT_BRIGHT, FLOW_TURNING_LIGHT, WELCOME_LIGHT_TIME_LEVEL, FARE_WELL_TIME_LEVEL, AMBIENT_LIGHT_BREATH_LEVEL, ATMOSPHERE_DMS_STATUS, ATMOSPHERE_HVAC_STATUS, ATMOSPHERE_PARK_STATUS, ATMOSPHERE_VOICE_STATUS, ATMOSPHERE_INTELLIGENT_STATUS, AMBIENT_LIGHT_WHITE_BRIGHTNESS, LIGHT_SHOW, FL_DIRCN_LGHT, FR_DIRCN_LGHT]
DvrAdapter init: start
getVehicleConfig key: VehCfg_Camera_DVREnable
convertToVehicleConfigValue: key[VehCfg_Camera_DVREnable], type[1], result[0], option[]
convertToVehicleConfigValue: valueBool[false]
getVehicleConfig key: VehCfg_Camera_OMSEnable
convertToVehicleConfigValue: key[VehCfg_Camera_OMSEnable], type[1], result[0], option[]
convertToVehicleConfigValue: valueBool[false]
getVehicleConfig key: VehCfg_Camera_ImgOfInnerRearViewEnable
convertToVehicleConfigValue: key[VehCfg_Camera_ImgOfInnerRearViewEnable], type[1], result[0], option[]
convertToVehicleConfigValue: valueBool[false]
getVehicleConfig key: VehCfg_Camera_FDMEnable
convertToVehicleConfigValue: key[VehCfg_Camera_FDMEnable], type[1], result[0], option[]
convertToVehicleConfigValue: valueBool[false]
SystemPropertyUtil isPP01()
SystemPropertyUtil get property type is: ro.build.product, and value is: pp02
getVehicleConfig key: VehCfg_InLight_AmbtLghtType
SemanticDataManager begin preLoadSemantic..
convertToVehicleConfigValue: key[VehCfg_InLight_AmbtLghtType], type[2], result[0], option[]
convertToVehicleConfigValue: valueInt[1]
getVehicleConfig key: VehCfg_InLight_AmbtLghtACONEnable
Load dvr base manager
convertToVehicleConfigValue: key[VehCfg_InLight_AmbtLghtACONEnable], type[1], result[0], option[]
convertToVehicleConfigValue: valueBool[false]
getVehicleConfig key: VehCfg_InLight_ReadingLampFrontType
convertToVehicleConfigValue: key[VehCfg_InLight_ReadingLampFrontType], type[2], result[0], option[]
convertToVehicleConfigValue: valueInt[0]
getVehicleConfig key: VehCfg_InLight_ReadingLampRearType
convertToVehicleConfigValue: key[VehCfg_InLight_ReadingLampRearType], type[2], result[0], option[]
convertToVehicleConfigValue: valueInt[0]
getVehicleConfig key: VehCfg_OutLight_MusicShowEnable
convertToVehicleConfigValue: key[VehCfg_OutLight_MusicShowEnable], type[1], result[0], option[]
convertToVehicleConfigValue: valueBool[false]
getVehicleConfig key: VehCfg_OutLight_LampHeightAdjustEnable
SemanticFileDataUtils preLoadSemantic start..
convertToVehicleConfigValue: key[VehCfg_OutLight_LampHeightAdjustEnable], type[1], result[0], option[]
convertToVehicleConfigValue: valueBool[false]
getVehicleConfig key: VehCfg_Speech_DRLEnable
Load dvr base manager finished
convertToVehicleConfigValue: key[VehCfg_Speech_DRLEnable], type[1], result[0], option[]
convertToVehicleConfigValue: valueBool[false]
getVehicleConfig key: VehCfg_OutLight_FarewellLightEnable
convertToVehicleConfigValue: key[VehCfg_OutLight_FarewellLightEnable], type[1], result[0], option[]
convertToVehicleConfigValue: valueBool[true]
getVehicleConfig key: VehCfg_OutLight_AutoHighlightEnable
bindService
convertToVehicleConfigValue: key[VehCfg_OutLight_AutoHighlightEnable], type[1], result[0], option[]
convertToVehicleConfigValue: valueBool[true]
getVehicleConfig key: VehCfg_OutLight_ADBEnable
convertToVehicleConfigValue: key[VehCfg_OutLight_ADBEnable], type[1], result[0], option[]
convertToVehicleConfigValue: valueBool[false]
getVehicleConfig key: VehCfg_OutLight_WlcmType
SpeechUtils Found file with prefix: customizeOem20250918190945
convertToVehicleConfigValue: key[VehCfg_OutLight_WlcmType], type[2], result[0], option[]
convertToVehicleConfigValue: valueInt[0]
getVehicleConfig key: VehCfg_OutLight_RRFogLampEnable
convertToVehicleConfigValue: key[VehCfg_OutLight_RRFogLampEnable], type[1], result[0], option[]
convertToVehicleConfigValue: valueBool[false]
getVehicleConfig key: VehCfg_OutLight_AllwthrLghtEnable
bindService DvrService
onServiceConnected coremanager
convertToVehicleConfigValue: key[VehCfg_OutLight_AllwthrLghtEnable], type[1], result[0], option[]
convertToVehicleConfigValue: valueBool[false]
getVehicleConfig key: VehCfg_OutLight_LghtngLagEnable
convertToVehicleConfigValue: key[VehCfg_OutLight_LghtngLagEnable], type[1], result[0], option[]
convertToVehicleConfigValue: valueBool[false]
bindService
binderChanged not null android.os.BinderProxy@17107fe
registerServiceConnectionListener
registerServiceConnectionListener
Construct IOTServiceCore instance
setBinder interface com.zone.api.dvr.IDvr$Stub$Proxy@a03fb5f
bindService calling ++
Start bindService++
bindServiceCommon, service: Intent { act=com.zone.service.oms.OmsService pkg=com.zone.service.dvr }, flags: 1, instanceName: null, user: UserHandle{10}
VehicleManager updateBinder baseManager:com.zone.api.vehicle.internal.seat.SeatManager@4d35675
query manager binderid:9
OMS Base manager bind service calling --
onServiceConnected, name: ComponentInfo{com.zone.service.dvr/com.zone.service.oms.OmsService}
OMS SDK register service connection listener: com.zone.service.speech.executor.vehiclecontrol.dvr.DvrAdapter$3@5d1a60a
OMS SDK add listener into list
set setService:com.zone.api.vehicle.function.seat.ISeatService$Stub$Proxy@96ee7b
OMS Manager setBinder calling, binder: android.os.BinderProxy@b0f3498
DvrManager onVideoRecordStatus type: 2, status: 0
DvrManager onVideoRecordStatus type: 8, status: 0
registerDvrStatusListener mDvrManager com.zone.api.dvr.IDvrManager$Stub$Proxy@d0fe4f1
registerDvrCallBack mDvrManager com.zone.api.dvr.IDvrManager$Stub$Proxy@d0fe4f1
onServiceConnected mDvrManager com.zone.api.dvr.DvrManager@aec18d6
DvrAdapter ServiceConnected
DvrManager onVideoRecordStatus type: 1, status: 0
OMSService connect: com.zone.api.omssdk.IOMSService$Stub$Proxy@19bf757
OMS Manager register listener to service
DvrAdapter OMSServiceConnected
bindService
SentryModeManager getInstance, clientid: 1
registerDvrStatusListener
registerDvrStatusListener OK, size: 1
requestDvrStatus
requestDvrStatus
DvrManager onVideoRecordStatus notified
DvrAdapter onVideoRecordStatus: 1, 0
bindService has called bind mServiceConnected 
bindService has binded
setBinder interface com.zone.api.dvr.IDvr$Stub$Proxy@90f0244
DvrManager onAudioRecordStatus status 0
DvrManager onAudioRecordStatus notified
DvrAdapter onAudioRecordStatus: 0
DvrManager onAudioRecordSwitchStatus status 0
DvrManager onAudioRecordSwitchStatus notified
DvrAdapter onAudioRecordSwitchStatus: 0
registerCarLogStatusListener mCarLogManager com.zone.api.dvr.ICarLogManager$Stub$Proxy@2acdf2d
registerCarLogFunctionCallBack mCarLogManager com.zone.api.dvr.ICarLogManager$Stub$Proxy@2acdf2d
onServiceConnected mDvrManager com.zone.api.dvr.CarLogManager@968ec62
DvrAdapter ServiceConnected
registerCarLogStatusCallBack
registerCarLogStatusCallBack OK, size: 1
requestCarLogStatus
requestCarLogStatus
DvrManager onNormalRecordSwitchStatus status 1
binder available
DvrManager onNormalRecordSwitchStatus notified
registerServiceConnectionListener already bind, notify Connected
DvrAdapter ServiceConnected
registerDvrStatusListener
binder available
registerServiceConnectionListener already bind, notify Connected
DvrAdapter ServiceConnected
registerCarLogStatusCallBack
bindService has called bind mServiceConnected 
bindService has binded
setBinder interface com.zone.api.dvr.IDvr$Stub$Proxy@f7eb1f3
DvrManager onCameraStatus -2
DvrManager onCameraStatus notified
DvrAdapter onCameraStatus: -2
DvrManager onDvrAccountPoliciesChanged
DvrManager onDvrAccountPoliciesChanged notified
registerSentryModeStatusListener mSentryModeManager com.zone.api.dvr.ISentryModeManager$Stub$Proxy@81bfeb0
NetworkLog: --> POST https://speech-pre.z-onesoftware.com/speech/resource/checkResourceStatus http/1.1
NetworkLog: Content-Type: application/json
NetworkLog: Content-Length: 352
NetworkLog: Accept: application/json
NetworkLog: Origin: https://speech-pre.z-onesoftware.com
NetworkLog: applicationName: dataSynchronized
NetworkLog: applicationVersion: V1.0.0_audi
NetworkLog: deviceId: test123
NetworkLog: zone-x-appkey: 10ed26a8ba686625926bf237555c68d3
NetworkLog: zone-x-cid: 
NetworkLog: zone-x-model: normal
NetworkLog: zone-x-nonce: aee694b15209426fad4baa547086f431
NetworkLog: zone-x-service-SpeechService: 45
NetworkLog: zone-x-service-XunFeiSDK: 102100
NetworkLog: zone-x-sign: ekKEVcPMkPiwexVJ/OVAXDh83b9DcOtWb2bgdZAxr5M=
NetworkLog: zone-x-source: vehicle
NetworkLog: zone-x-timestamp: 1758195010861
NetworkLog: zone-x-v: v1.0
NetworkLog: 
NetworkLog: {"applicationName":"speechService","applicationVersion":"V1.0","resources":[{"resourceName":"customizeOemData_audi_UP.json","resourceVersion":"V1.0.0_audi","version":0},{"resourceName":"customizeSemanticData_UP.json","resourceVersion":"V1.0.0_audi","version":0},{"resourceName":"customizeSlotData_UP.json","resourceVersion":"V1.0.0_audi","version":0}]}
NetworkLog: --> END POST (352-byte body)
--> POST https://speech-pre.z-onesoftware.com/speech/resource/checkResourceStatus http/1.1
Content-Type: application/json
Content-Length: 352
Accept: application/json
Origin: https://speech-pre.z-onesoftware.com
applicationName: dataSynchronized
applicationVersion: V1.0.0_audi
deviceId: test123
zone-x-appkey: 10ed26a8ba686625926bf237555c68d3
zone-x-cid: 
zone-x-model: normal
zone-x-nonce: aee694b15209426fad4baa547086f431
zone-x-service-SpeechService: 45
zone-x-service-XunFeiSDK: 102100
DvrManager onDvrSettingValue key Account_DVR_encode_resolution_type value 1
zone-x-sign: ekKEVcPMkPiwexVJ/OVAXDh83b9DcOtWb2bgdZAxr5M=
zone-x-source: vehicle
zone-x-timestamp: 1758195010861
zone-x-v: v1.0
DvrManager onDvrSettingValue notified
{"applicationName":"speechService","applicationVersion":"V1.0","resources":[{"resourceName":"customizeOemData_audi_UP.json","resourceVersion":"V1.0.0_audi","version":0},{"resourceName":"customizeSemanticData_UP.json","resourceVersion":"V1.0.0_audi","version":0},{"resourceName":"customizeSlotData_UP.json","resourceVersion":"V1.0.0_audi","version":0}]}
--> END POST (352-byte body)
DvrManager onDvrSettingValue key Account_DVR_video_segment_period value 1
DvrManager onDvrSettingValue notified
DvrManager onDvrSettingValue key Account_DVR_emergency_video_cycle_cover_switch value 0
DvrManager onDvrSettingValue notified
DvrManager onVideoRecordStatus type: 2, status: 0
DvrManager onVideoRecordStatus notified
DvrAdapter onVideoRecordStatus: 2, 0
DvrManager onVideoRecordStatus type: 8, status: 0
DvrManager onVideoRecordStatus notified
DvrAdapter onVideoRecordStatus: 8, 0
DvrManager onVideoRecordStatus type: 1, status: 0
DvrManager onVideoRecordStatus notified
DvrAdapter onVideoRecordStatus: 1, 0
DvrManager onAudioRecordStatus status 0
DvrManager onAudioRecordStatus notified
DvrAdapter onAudioRecordStatus: 0
DvrManager onAudioRecordSwitchStatus status 0
DvrManager onAudioRecordSwitchStatus notified
DvrAdapter onAudioRecordSwitchStatus: 0
[ServiceNode]create service node: default_node_name ServiceNodeOption:ServiceNodeOption{messageSet=[]}
getVehicleConfig key: VehCfg_SEAT_DrvrHeating
DvrManager onNormalRecordSwitchStatus status 1
DvrManager onNormalRecordSwitchStatus notified
convertToVehicleConfigValue: key[VehCfg_SEAT_DrvrHeating], type[2], result[0], option[]
convertToVehicleConfigValue: valueInt[255]
getVehicleConfig key: VehCfg_SEAT_PsngHeating
DvrManager onCameraStatus -2
DvrManager onCameraStatus notified
DvrAdapter onCameraStatus: -2
convertToVehicleConfigValue: key[VehCfg_SEAT_PsngHeating], type[2], result[0], option[]
convertToVehicleConfigValue: valueInt[255]
getVehicleConfig key: VehCfg_SEAT_SecRowLHeating
convertToVehicleConfigValue: key[VehCfg_SEAT_SecRowLHeating], type[2], result[0], option[]
convertToVehicleConfigValue: valueInt[255]
getVehicleConfig key: VehCfg_SEAT_SecRowRHeating
convertToVehicleConfigValue: key[VehCfg_SEAT_SecRowRHeating], type[2], result[0], option[]
convertToVehicleConfigValue: valueInt[255]
getVehicleConfig key: VehCfg_SEAT_DrvrVent
DvrManager onDvrAccountPoliciesChanged
DvrManager onDvrAccountPoliciesChanged notified
convertToVehicleConfigValue: key[VehCfg_SEAT_DrvrVent], type[2], result[0], option[]
convertToVehicleConfigValue: valueInt[3]
getVehicleConfig key: VehCfg_SEAT_PsngVent
DvrManager onDvrSettingValue key Account_DVR_encode_resolution_type value 1
DvrManager onDvrSettingValue notified
convertToVehicleConfigValue: key[VehCfg_SEAT_PsngVent], type[2], result[0], option[]
convertToVehicleConfigValue: valueInt[3]
getVehicleConfig key: VehCfg_SEAT_SecRowLVent
DvrManager onDvrSettingValue key Account_DVR_video_segment_period value 1
DvrManager onDvrSettingValue notified
convertToVehicleConfigValue: key[VehCfg_SEAT_SecRowLVent], type[2], result[0], option[]
convertToVehicleConfigValue: valueInt[255]
getVehicleConfig key: VehCfg_SEAT_SecRowRVent
DvrManager onDvrSettingValue key Account_DVR_emergency_video_cycle_cover_switch value 0
DvrManager onDvrSettingValue notified
convertToVehicleConfigValue: key[VehCfg_SEAT_SecRowRVent], type[2], result[0], option[]
convertToVehicleConfigValue: valueInt[255]
getVehicleConfig key: VehCfg_SEAT_RrFirstRow
DvrManager onVideoRecordStatus type: 2, status: 0
convertToVehicleConfigValue: key[VehCfg_SEAT_RrFirstRow], type[2], result[0], option[]
DvrManager onVideoRecordStatus notified
convertToVehicleConfigValue: valueInt[3]
DvrAdapter onVideoRecordStatus: 2, 0
CarSeatAdapter seatNum,VehCfg_SEAT_RrFirstRow retval.getValueInt(): 3, rMassageModes: [腰部, 波浪, 舒缓, 猫步]
getVehicleConfig key: VehCfg_SEAT_SeatsNumber
DvrManager onVideoRecordStatus type: 8, status: 0
DvrManager onVideoRecordStatus notified
DvrAdapter onVideoRecordStatus: 8, 0
convertToVehicleConfigValue: key[VehCfg_SEAT_SeatsNumber], type[2], result[0], option[]
convertToVehicleConfigValue: valueInt[255]
CarSeatAdapter rearConsoleExist: false,VEHCFG_SEAT_SEATSNUMBER: 255
getVehicleConfig key: VehCfg_SEAT_DrvrMassage
convertToVehicleConfigValue: key[VehCfg_SEAT_DrvrMassage], type[1], result[0], option[]
convertToVehicleConfigValue: valueBool[false]
getVehicleConfig key: VehCfg_SEAT_PsngMassage
DvrManager onVideoRecordStatus type: 1, status: 0
DvrManager onVideoRecordStatus notified
DvrAdapter onVideoRecordStatus: 1, 0
convertToVehicleConfigValue: key[VehCfg_SEAT_PsngMassage], type[1], result[0], option[]
convertToVehicleConfigValue: valueBool[false]
getVehicleConfig key: VehCfg_SEAT_RrMassageEnable
convertToVehicleConfigValue: key[VehCfg_SEAT_RrMassageEnable], type[1], result[0], option[]
convertToVehicleConfigValue: valueBool[true]
getVehicleConfig key: VehCfg_SEAT_DrvrMasgPulseEnable
DvrManager onAudioRecordStatus status 0
DvrManager onAudioRecordStatus notified
DvrAdapter onAudioRecordStatus: 0
convertToVehicleConfigValue: key[VehCfg_SEAT_DrvrMasgPulseEnable], type[1], result[0], option[]
convertToVehicleConfigValue: valueBool[false]
getVehicleConfig key: VehCfg_SEAT_DrvrMasgWaveEnable
DvrManager onAudioRecordSwitchStatus status 0
DvrManager onAudioRecordSwitchStatus notified
DvrAdapter onAudioRecordSwitchStatus: 0
convertToVehicleConfigValue: key[VehCfg_SEAT_DrvrMasgWaveEnable], type[1], result[0], option[]
convertToVehicleConfigValue: valueBool[false]
getVehicleConfig key: VehCfg_SEAT_DrvrMasgCatEnable
DvrManager onNormalRecordSwitchStatus status 1
convertToVehicleConfigValue: key[VehCfg_SEAT_DrvrMasgCatEnable], type[1], result[0], option[]
DvrManager onNormalRecordSwitchStatus notified
convertToVehicleConfigValue: valueBool[false]
getVehicleConfig key: VehCfg_SEAT_DrvrMasgSingleEnable
DvrManager onCameraStatus -2
DvrManager onCameraStatus notified
DvrAdapter onCameraStatus: -2
convertToVehicleConfigValue: key[VehCfg_SEAT_DrvrMasgSingleEnable], type[1], result[0], option[]
convertToVehicleConfigValue: valueBool[false]
getVehicleConfig key: VehCfg_SEAT_DrvrMasgSoftEnable
connectSceneManagerService: bindService start
bindServiceCommon, service: Intent { cmp=com.zone.service.systemserver/.screenpolicy.ScreenPolicyService }, flags: 1, instanceName: null, user: UserHandle{10}
convertToVehicleConfigValue: key[VehCfg_SEAT_DrvrMasgSoftEnable], type[1], result[0], option[]
convertToVehicleConfigValue: valueBool[false]
getVehicleConfig key: VehCfg_SEAT_DrvrMasgButterflyEnable
convertToVehicleConfigValue: key[VehCfg_SEAT_DrvrMasgButterflyEnable], type[1], result[0], option[]
convertToVehicleConfigValue: valueBool[false]
getVehicleConfig key: VehCfg_SEAT_DrvrMasgWaistEnable
convertToVehicleConfigValue: key[VehCfg_SEAT_DrvrMasgWaistEnable], type[1], result[0], option[]
convertToVehicleConfigValue: valueBool[false]
getVehicleConfig key: VehCfg_SEAT_DrvrMasgSnakeEnable
convertToVehicleConfigValue: key[VehCfg_SEAT_DrvrMasgSnakeEnable], type[1], result[0], option[]
convertToVehicleConfigValue: valueBool[false]
getVehicleConfig key: VehCfg_SEAT_PsngMasgPulseEnable
convertToVehicleConfigValue: key[VehCfg_SEAT_PsngMasgPulseEnable], type[1], result[0], option[]
convertToVehicleConfigValue: valueBool[false]
getVehicleConfig key: VehCfg_SEAT_PsngMasgWaveEnable
DvrManager onDvrAccountPoliciesChanged
DvrManager onDvrAccountPoliciesChanged notified
convertToVehicleConfigValue: key[VehCfg_SEAT_PsngMasgWaveEnable], type[1], result[0], option[]
convertToVehicleConfigValue: valueBool[false]
getVehicleConfig key: VehCfg_SEAT_PsngMasgCatEnable
@SceneManagerImpl@: SceneServiceConnection onServiceConnected()
convertToVehicleConfigValue: key[VehCfg_SEAT_PsngMasgCatEnable], type[1], result[0], option[]
convertToVehicleConfigValue: valueBool[false]
getVehicleConfig key: VehCfg_SEAT_PsngMasgSingleEnable
convertToVehicleConfigValue: key[VehCfg_SEAT_PsngMasgSingleEnable], type[1], result[0], option[]
convertToVehicleConfigValue: valueBool[false]
getVehicleConfig key: VehCfg_SEAT_PsngMasgSoftEnable
convertToVehicleConfigValue: key[VehCfg_SEAT_PsngMasgSoftEnable], type[1], result[0], option[]
convertToVehicleConfigValue: valueBool[false]
getVehicleConfig key: VehCfg_SEAT_PsngMasgButterflyEnable
convertToVehicleConfigValue: key[VehCfg_SEAT_PsngMasgButterflyEnable], type[1], result[0], option[]
convertToVehicleConfigValue: valueBool[false]
getVehicleConfig key: VehCfg_SEAT_PsngMasgWaistEnable
convertToVehicleConfigValue: key[VehCfg_SEAT_PsngMasgWaistEnable], type[1], result[0], option[]
convertToVehicleConfigValue: valueBool[false]
getVehicleConfig key: VehCfg_SEAT_PsngMasgSnakeEnable
LangBusiness LangBusiness()
convertToVehicleConfigValue: key[VehCfg_SEAT_PsngMasgSnakeEnable], type[1], result[0], option[]
convertToVehicleConfigValue: valueBool[false]
getVehicleConfig key: VehCfg_SEAT_PsngFootSupport
convertToVehicleConfigValue: key[VehCfg_SEAT_PsngFootSupport], type[2], result[0], option[]
convertToVehicleConfigValue: valueInt[0]
getVehicleConfig key: VehCfg_SEAT_PsngFootSupportHeatfoot
convertToVehicleConfigValue: key[VehCfg_SEAT_PsngFootSupportHeatfoot], type[2], result[0], option[]
convertToVehicleConfigValue: valueInt[0]
getVehicleConfig key: VehCfg_SEAT_PsngUnfoldEnable
DateTimeSpeechExecutor init
com.zone.service.speech.executor.maintenance.MaintenanceSpeechExecutor init
WikiSpeechExecutor init
MultiMediaExecutor init
commonExecutor init
naviExecutor init
convertToVehicleConfigValue: key[VehCfg_SEAT_PsngUnfoldEnable], type[1], result[0], option[]
convertToVehicleConfigValue: valueBool[false]
getVehicleConfig key: VehCfg_SEAT_DrvrLegSupport
convertToVehicleConfigValue: key[VehCfg_SEAT_DrvrLegSupport], type[2], result[0], option[]
convertToVehicleConfigValue: valueInt[255]
getVehicleConfig key: VehCfg_SEAT_PsngLegSupport
convertToVehicleConfigValue: key[VehCfg_SEAT_PsngLegSupport], type[2], result[0], option[]
convertToVehicleConfigValue: valueInt[0]
getVehicleConfig key: VehCfg_SEAT_DrvrLumbarSupport
SysSetExecutor init
init
convertToVehicleConfigValue: key[VehCfg_SEAT_DrvrLumbarSupport], type[2], result[0], option[]
convertToVehicleConfigValue: valueInt[2]
getVehicleConfig key: VehCfg_SEAT_PsngLumbarSupport
initTelematicsService success
BrightnessBusiness bright init
[BinderHelper] isSync = false
convertToVehicleConfigValue: key[VehCfg_SEAT_PsngLumbarSupport], type[2], result[0], option[]
convertToVehicleConfigValue: valueInt[0]
getVehicleConfig key: VehCfg_SEAT_DrvrType
convertToVehicleConfigValue: key[VehCfg_SEAT_DrvrType], type[2], result[0], option[]
convertToVehicleConfigValue: valueInt[3]
getVehicleConfig key: VehCfg_SEAT_PsngType
ScreenSaverAdapter addScreenSaverCallBack callback = com.zone.service.speech.executor.sysset.BrightnessBusiness$$ExternalSyntheticLambda0@9ed6cae
ScreenSaverAdapter init()
SystemPropertyUtil get property type is: persist.vendor.display.id.ivi, and value is: 0
getState: 0
convertToVehicleConfigValue: key[VehCfg_SEAT_PsngType], type[2], result[0], option[]
convertToVehicleConfigValue: valueInt[2]
getVehicleConfig key: VehCfg_SEAT_SecRowLType
convertToVehicleConfigValue: key[VehCfg_SEAT_SecRowLType], type[2], result[0], option[]
convertToVehicleConfigValue: valueInt[1]
getVehicleConfig key: VehCfg_SEAT_SecRowRType
convertToVehicleConfigValue: key[VehCfg_SEAT_SecRowRType], type[2], result[0], option[]
convertToVehicleConfigValue: valueInt[1]
getVehicleConfig key: VehCfg_SEAT_DrvrAdjuster
SystemPropertyUtil get property type is: persist.vendor.display.id.ivi, and value is: 0
getState: 0
convertToVehicleConfigValue: key[VehCfg_SEAT_DrvrAdjuster], type[2], result[0], option[]
convertToVehicleConfigValue: valueInt[12]
getVehicleConfig key: VehCfg_SEAT_PsngAdjuster
convertToVehicleConfigValue: key[VehCfg_SEAT_PsngAdjuster], type[2], result[0], option[]
convertToVehicleConfigValue: valueInt[6]
getVehicleConfig key: VehCfg_SEAT_SecRowLAdjuster
convertToVehicleConfigValue: key[VehCfg_SEAT_SecRowLAdjuster], type[2], result[0], option[]
convertToVehicleConfigValue: valueInt[0]
getVehicleConfig key: VehCfg_SEAT_SecRowRAdjuster
SystemPropertyUtil get property type is: persist.vendor.display.id.srowmtop, and value is: 4
getState: 4
convertToVehicleConfigValue: key[VehCfg_SEAT_SecRowRAdjuster], type[2], result[0], option[]
convertToVehicleConfigValue: valueInt[0]
connectBackLightService start
addCallback---before---->manager = class com.zone.api.vehicle.internal.seat.SeatManager callback=com.zone.service.speech.executor.vehiclecontrol.seat.CarSeatAdapter$SeatCallback@dc87a4f flags = [18, 19, 20, 0, 1]
printFlagMap------->mFlagMap.size() = 0
addCallback---after---->manager = class com.zone.api.vehicle.internal.seat.SeatManager callback=com.zone.service.speech.executor.vehiclecontrol.seat.CarSeatAdapter$SeatCallback@dc87a4f RegisterflagList = [18, 19, 20, 0, 1]
printFlagMap------->mFlagMap.size() = 5
printFlagMap------->index:0 key:0 value:[com.zone.service.speech.executor.vehiclecontrol.seat.CarSeatAdapter$SeatCallback@dc87a4f]
printFlagMap------->index:1 key:1 value:[com.zone.service.speech.executor.vehiclecontrol.seat.CarSeatAdapter$SeatCallback@dc87a4f]
getState: 8
printFlagMap------->index:2 key:18 value:[com.zone.service.speech.executor.vehiclecontrol.seat.CarSeatAdapter$SeatCallback@dc87a4f]
printFlagMap------->index:3 key:19 value:[com.zone.service.speech.executor.vehiclecontrol.seat.CarSeatAdapter$SeatCallback@dc87a4f]
printFlagMap------->index:4 key:20 value:[com.zone.service.speech.executor.vehiclecontrol.seat.CarSeatAdapter$SeatCallback@dc87a4f]
RegisterDataChangeListener-------->manager = class com.zone.api.vehicle.internal.seat.SeatManager RegisterflagList = [SEAT_MASSAGE_POWER, SEAT_MASSAGE_MODE, SEAT_MASSAGE_INTENSITY, SEAT_HEAT_LEVEL, SEAT_VENTILATION]
ScreenSaverAdapter java.lang.IllegalArgumentException: Display ID error
SystemPropertyUtil get property type is: persist.vendor.display.id.srowmtop, and value is: 4
ThemeAdapter init()
HwBinder: Starting thread pool for getting: vendor.zone.backlight@1.0::ILightManager/default
[checkHwBinder] mServiceReceiver is null, maybe current connect is async 
service connected
 onservice connect!
on core service connected.
onBinderAvailable: serviceName=ThemeService,subName=
CarSeatAdapter registerSeatCallback
ThemeAdapter onServiceConnected()
WeatherSpeechExecutor init
CalculateSpeechExecutor init
StockSpeechExecutor init
AirConditionerExecutor init
getVehicleConfig key: VehCfg_AC_FrtBlwrCtrl
VehicleManager updateBinder baseManager:com.zone.api.vehicle.internal.brake.BrakeManager@8a7c6e5
query manager binderid:2
convertToVehicleConfigValue: key[VehCfg_AC_FrtBlwrCtrl], type[2], result[0], option[]
convertToVehicleConfigValue: valueInt[11]
AcBusiness init: WIND_LEVEL_MAX == 11, 1.1, 1.1
PoetrySpeechExecutor init
SmartSceneExecutor init
SmartSceneAdapter init: start
init
set setService:com.zone.api.vehicle.function.brake.IBrakeService$Stub$Proxy@827a5ba
VehicleManager updateBinder baseManager:com.zone.api.vehicle.internal.bms.BmsManager@53c6c6b
query manager binderid:10
set setService:com.zone.api.vehicle.function.bms.IBmsService$Stub$Proxy@984f3c8
VehicleManager updateBinder baseManager:com.zone.api.vehicle.internal.vehicleCommon.VehicleCommonManager@492ec61
query manager binderid:3
set setService:com.zone.api.vehicle.function.vehicleCommon.IVehicleCommonService$Stub$Proxy@a9a6386
addCallback---before---->manager = class com.zone.api.vehicle.internal.vehicleCommon.VehicleCommonManager callback=com.zone.service.speech.executor.vehiclecontrol.vehicleinfo.CarCommonInfo$VehicleCommonCallback@db36447 flags = [1, 0]
printFlagMap------->mFlagMap.size() = 0
addCallback---after---->manager = class com.zone.api.vehicle.internal.vehicleCommon.VehicleCommonManager callback=com.zone.service.speech.executor.vehiclecontrol.vehicleinfo.CarCommonInfo$VehicleCommonCallback@db36447 RegisterflagList = [1, 0]
printFlagMap------->mFlagMap.size() = 2
printFlagMap------->index:0 key:0 value:[com.zone.service.speech.executor.vehiclecontrol.vehicleinfo.CarCommonInfo$VehicleCommonCallback@db36447]
printFlagMap------->index:1 key:1 value:[com.zone.service.speech.executor.vehiclecontrol.vehicleinfo.CarCommonInfo$VehicleCommonCallback@db36447]
RegisterDataChangeListener-------->manager = class com.zone.api.vehicle.internal.vehicleCommon.VehicleCommonManager RegisterflagList = [GEAR, SPEED]
already connected
AppSpeechExecutor init
ThirdPartyControllerAdapter init
[BinderHelper] isSync = false
--init--start
BaseManager--init--start
connectServiceByHidl : connectPowerHalService start
MultiDisplay : Use Looper.myLooper().
initParam--init--start
getVehicleConfig key: VehCfg_SW_DrvrAllappsList
initParam--init--end
bindAllSubService--mServiceBoundfalse
bindTargetSubService--action--THIRD_PARTY_SERVICE_ACTION--packageName--com.zone.service.ecodomain--serviceName--com.zone.service.ecodomain.service.EcoDomainControllerService
convertToVehicleConfigValue: key[VehCfg_SW_DrvrAllappsList], type[4], result[0], option[]
convertToVehicleConfigValue: valueString[com.zone.hmi.navi,com.zone.hmi.qqmusic,com.zone.hmi.mircrocos,com.zone.hmi.ximalayamusic,com.zone.hmi.usbmusic,com.zone.hmi.btmusic,com.zone.hmi.radio,com.zone.hmi.settings,com.qiyi.video.iv,com.bilibili.bilithings,com.zone.service.projection,com.tencent.karaokecar,com.zone.hmi.ecodomain,com.zone.hmi.carlog,com.zone.hmi.photoalbum,com.zone.service.avmservice,com.zone.hmi.btphone,com.zone.hmi.account,com.zone.hmi.smartscene,com.zone.hmi.appstore,cn.kuwo.kwmusiccar,bubei.tingshu.hd,com.zone.hmi.lightshow,com.zone.hmi.showroom,com.zone.hmi.themecenter,com.zone.hmi.calendar,com.zone.hmi.carlink,com.zone.hmi.usermanual,com.zone.hmi.wiredprojection,com.zone.hmi.carmaintenance,com.ls.safetyseat]
getVehicleConfig key: VehCfg_SW_PsngAllappsList
bindServiceCommon, service: Intent { act=THIRD_PARTY_SERVICE_ACTION cmp=com.zone.service.ecodomain/.service.EcoDomainControllerService }, flags: 1, instanceName: null, user: UserHandle{10}
convertToVehicleConfigValue: key[VehCfg_SW_PsngAllappsList], type[4], result[0], option[]
convertToVehicleConfigValue: valueString[com.zone.hmi.qqmusic,com.zone.hmi.mircrocos,com.zone.hmi.ximalayamusic,com.zone.hmi.usbmusic,com.zone.hmi.btmusic,com.zone.hmi.radio,com.qiyi.video.iv,com.bilibili.bilithings,com.zone.service.projection,com.tencent.karaokecar,com.zone.hmi.ecodomain,com.zone.hmi.carlink,com.zone.hmi.appstore,cn.kuwo.kwmusiccar,bubei.tingshu.hd,com.zone.hmi.carlog,com.zone.hmi.photoalbum,com.zone.hmi.wiredprojection]
CarCommonInfo init: appList = [com.zone.hmi.navi, com.zone.hmi.qqmusic, com.zone.hmi.mircrocos, com.zone.hmi.ximalayamusic, com.zone.hmi.usbmusic, com.zone.hmi.btmusic, com.zone.hmi.radio, com.zone.hmi.settings, com.qiyi.video.iv, com.bilibili.bilithings, com.zone.service.projection, com.tencent.karaokecar, com.zone.hmi.ecodomain, com.zone.hmi.carlog, com.zone.hmi.photoalbum, com.zone.service.avmservice, com.zone.hmi.btphone, com.zone.hmi.account, com.zone.hmi.smartscene, com.zone.hmi.appstore, cn.kuwo.kwmusiccar, bubei.tingshu.hd, com.zone.hmi.lightshow, com.zone.hmi.showroom, com.zone.hmi.themecenter, com.zone.hmi.calendar, com.zone.hmi.carlink, com.zone.hmi.usermanual, com.zone.hmi.wiredprojection, com.zone.hmi.carmaintenance, com.ls.safetyseat], [com.zone.hmi.qqmusic, com.zone.hmi.mircrocos, com.zone.hmi.ximalayamusic, com.zone.hmi.usbmusic, com.zone.hmi.btmusic, com.zone.hmi.radio, com.qiyi.video.iv, com.bilibili.bilithings, com.zone.service.projection, com.tencent.karaokecar, com.zone.hmi.ecodomain, com.zone.hmi.carlink, com.zone.hmi.appstore, cn.kuwo.kwmusiccar, bubei.tingshu.hd, com.zone.hmi.carlog, com.zone.hmi.photoalbum, com.zone.hmi.wiredprojection]
VehicleManager updateBinder baseManager:com.zone.api.vehicle.internal.window.WindowManager@fb0ed9d
query manager binderid:8
BindService mBinderResult:true
bindAllSubService--end
BaseManager--init--end
ThirdPartyControllerManager--init--start
ThirdPartyControllerManager--init--end
--isServiceAllConnected--flag--false
--init--sListener--com.zone.service.speech.executor.app.ThirdPartyControllerAdapter$1@b293212--sInstance--com.zone.api.thirdpartycontroller.manager.ThirdPartyControllerManager@9b7fde3--sIsServiceCon--false
set setService:com.zone.api.vehicle.function.window.IWindowService$Stub$Proxy@34473e0
getVehicleConfig key: VehCfg_DW_WindAntiTrapType
convertToVehicleConfigValue: key[VehCfg_DW_WindAntiTrapType], type[2], result[0], option[]
convertToVehicleConfigValue: valueInt[3]
getVehicleConfig key: VehCfg_DW_WindAerationEnable
convertToVehicleConfigValue: key[VehCfg_DW_WindAerationEnable], type[1], result[0], option[]
convertToVehicleConfigValue: valueBool[true]
getVehicleConfig key: VehCfg_DW_SunShadeType
onServiceConnected: Binder is success!
convertToVehicleConfigValue: key[VehCfg_DW_SunShadeType], type[2], result[0], option[]
convertToVehicleConfigValue: valueInt[0]
getVehicleConfig key: VehCfg_DW_SunRoofLgtAdjType
<<init>>()
convertToVehicleConfigValue: key[VehCfg_DW_SunRoofLgtAdjType], type[2], result[0], option[]
convertToVehicleConfigValue: valueInt[4]
onServiceConnected: mCarLinkServicecom.zone.api.thirdpartycontroller.IThirdPartyService$Stub$Proxy@eb3c699--mThirdPartyChangeListener--com.zone.api.thirdpartycontroller.manager.ThirdPartyControllerManager$1@c645d5e--mThirdPartyMediaListener--com.zone.api.thirdpartycontroller.manager.ThirdPartyControllerManager$2@fe2953f
VehicleManager updateBinder baseManager:com.zone.api.vehicle.internal.rearmirror.RearMirrorManager@aacee0c
query manager binderid:7
set setService:com.zone.api.vehicle.function.rearmirror.IRearMirrorService$Stub$Proxy@5713355
getVehicleConfig key: VehCfg_Mirror_AdjustType
convertToVehicleConfigValue: key[VehCfg_Mirror_AdjustType], type[2], result[0], option[]
convertToVehicleConfigValue: valueInt[2]
getVehicleConfig key: VehCfg_Mirror_FoldType
convertToVehicleConfigValue: key[VehCfg_Mirror_FoldType], type[2], result[0], option[]
convertToVehicleConfigValue: valueInt[2]
getVehicleConfig key: VehCfg_Mirror_HeatType
convertToVehicleConfigValue: key[VehCfg_Mirror_HeatType], type[2], result[0], option[]
convertToVehicleConfigValue: valueInt[1]
onServiceConnected--index--
BaseManager--setBinder--binder--android.os.BinderProxy@794f16a
--setBinder--binder--android.os.BinderProxy@794f16a
--isServiceAllConnected--flag--true
--setBinder--temp--true--sIsServiceCon--false--sListener--com.zone.service.speech.executor.app.ThirdPartyControllerAdapter$1@b293212
ThirdPartyControllerAdapter onServiceConnected()
HwBinder: Starting thread pool for getting: com.zone.service.multidisplay@1.0::IMultiDisplay/default
[checkHwBinder] mServiceReceiver is null, maybe current connect is async 
service connected
onServiceConnected!
subscribeMessage : listener = null, messageIds = []
subscribeMessage : listener and messageIds must not be null and messageIds must not be empty!
VehicleManager updateBinder baseManager:com.zone.api.vehicle.internal.fragrance.FragranceManager@df5465b
query manager binderid:14
set setService:com.zone.api.vehicle.function.fragrance.IFragranceService$Stub$Proxy@240def8
getVehicleConfig key: VehCfg_AC_FrgrType
convertToVehicleConfigValue: key[VehCfg_AC_FrgrType], type[2], result[0], option[]
convertToVehicleConfigValue: valueInt[0]
SpeechExecutorProvider onVehicleServiceConnected...Done
SurroundViewManager: Constructor.	[pid=22778 | Thread[speech_business,5,main]]
init: bindservice()
bindService: mServiceBound=false, context = com.zone.service.speech.dialogue.SpeechDialogueApplication@49beefb
bindCoreService:-> binder=android.os.BinderProxy@55eafd1
#onConnect: [android.os.BinderProxy@55eafd1]
AvmManagerAdapter onServiceConnected
AppStoreManager int context = com.zone.service.speech.dialogue.SpeechDialogueApplication@49beefb
AppStoreManager updateAppList[]
AppStoreManager mAppInfoList.size = 0
AppBusinessConfig init()
AppBusinessConfig updateAppNameList()
getVehicleConfig key: VehCfg_SW_DrvrAllappsList
convertToVehicleConfigValue: key[VehCfg_SW_DrvrAllappsList], type[4], result[0], option[]
convertToVehicleConfigValue: valueString[com.zone.hmi.navi,com.zone.hmi.qqmusic,com.zone.hmi.mircrocos,com.zone.hmi.ximalayamusic,com.zone.hmi.usbmusic,com.zone.hmi.btmusic,com.zone.hmi.radio,com.zone.hmi.settings,com.qiyi.video.iv,com.bilibili.bilithings,com.zone.service.projection,com.tencent.karaokecar,com.zone.hmi.ecodomain,com.zone.hmi.carlog,com.zone.hmi.photoalbum,com.zone.service.avmservice,com.zone.hmi.btphone,com.zone.hmi.account,com.zone.hmi.smartscene,com.zone.hmi.appstore,cn.kuwo.kwmusiccar,bubei.tingshu.hd,com.zone.hmi.lightshow,com.zone.hmi.showroom,com.zone.hmi.themecenter,com.zone.hmi.calendar,com.zone.hmi.carlink,com.zone.hmi.usermanual,com.zone.hmi.wiredprojection,com.zone.hmi.carmaintenance,com.ls.safetyseat]
getVehicleConfig key: VehCfg_SW_PsngAllappsList
convertToVehicleConfigValue: key[VehCfg_SW_PsngAllappsList], type[4], result[0], option[]
convertToVehicleConfigValue: valueString[com.zone.hmi.qqmusic,com.zone.hmi.mircrocos,com.zone.hmi.ximalayamusic,com.zone.hmi.usbmusic,com.zone.hmi.btmusic,com.zone.hmi.radio,com.qiyi.video.iv,com.bilibili.bilithings,com.zone.service.projection,com.tencent.karaokecar,com.zone.hmi.ecodomain,com.zone.hmi.carlink,com.zone.hmi.appstore,cn.kuwo.kwmusiccar,bubei.tingshu.hd,com.zone.hmi.carlog,com.zone.hmi.photoalbum,com.zone.hmi.wiredprojection]
AppBusinessConfig drivePackages = [com.zone.hmi.navi, com.zone.hmi.qqmusic, com.zone.hmi.mircrocos, com.zone.hmi.ximalayamusic, com.zone.hmi.usbmusic, com.zone.hmi.btmusic, com.zone.hmi.radio, com.zone.hmi.settings, com.qiyi.video.iv, com.bilibili.bilithings, com.zone.service.projection, com.tencent.karaokecar, com.zone.hmi.ecodomain, com.zone.hmi.carlog, com.zone.hmi.photoalbum, com.zone.service.avmservice, com.zone.hmi.btphone, com.zone.hmi.account, com.zone.hmi.smartscene, com.zone.hmi.appstore, cn.kuwo.kwmusiccar, bubei.tingshu.hd, com.zone.hmi.lightshow, com.zone.hmi.showroom, com.zone.hmi.themecenter, com.zone.hmi.calendar, com.zone.hmi.carlink, com.zone.hmi.usermanual, com.zone.hmi.wiredprojection, com.zone.hmi.carmaintenance, com.ls.safetyseat] copilotPackages = [com.zone.hmi.qqmusic, com.zone.hmi.mircrocos, com.zone.hmi.ximalayamusic, com.zone.hmi.usbmusic, com.zone.hmi.btmusic, com.zone.hmi.radio, com.qiyi.video.iv, com.bilibili.bilithings, com.zone.service.projection, com.tencent.karaokecar, com.zone.hmi.ecodomain, com.zone.hmi.carlink, com.zone.hmi.appstore, cn.kuwo.kwmusiccar, bubei.tingshu.hd, com.zone.hmi.carlog, com.zone.hmi.photoalbum, com.zone.hmi.wiredprojection]
AppBusinessConfig android.content.pm.PackageManager$NameNotFoundException: com.zone.hmi.ximalayamusic
AppBusinessConfig android.content.pm.PackageManager$NameNotFoundException: com.zone.hmi.carlog
AppBusinessConfig android.content.pm.PackageManager$NameNotFoundException: com.zone.hmi.lightshow
AppBusinessConfig android.content.pm.PackageManager$NameNotFoundException: com.zone.hmi.carlink
AppBusinessConfig android.content.pm.PackageManager$NameNotFoundException: com.zone.hmi.ximalayamusic
AppBusinessConfig android.content.pm.PackageManager$NameNotFoundException: com.zone.hmi.carlink
AppBusinessConfig android.content.pm.PackageManager$NameNotFoundException: com.zone.hmi.carlog
AppBusinessConfig mMapAppPackageDrive = {儿童座椅=com.ls.safetyseat, 地图=com.zone.hmi.navi, 蓝牙电话=com.zone.hmi.btphone, 电话=com.zone.hmi.btphone, 自动泊车=com.zone.service.avmservice, 车设=com.zone.hmi.settings, 车辆设置=com.zone.hmi.settings, 懒人听书=bubei.tingshu.hd, 视频投屏=com.zone.service.projection, 日历=com.zone.hmi.calendar, 奥迪泊车辅助=com.zone.service.avmservice, 有线投屏=com.zone.hmi.wiredprojection, 车控=com.zone.hmi.settings, 电台=com.zone.hmi.radio, 酷我音乐=cn.kuwo.kwmusiccar, U盘音乐=com.zone.hmi.usbmusic, B站=com.bilibili.bilithings, 智能泊车=com.zone.service.avmservice, 车辆控制=com.zone.hmi.settings, 相册=com.zone.hmi.photoalbum, 全民K歌=com.tencent.karaokecar, 展车模式=com.zone.hmi.showroom, 设置=com.zone.hmi.settings, K歌=com.tencent.karaokecar, AUDI手机互联=com.zone.hmi.ecodomain, 小宇宙=com.zone.hmi.mircrocos, QQ音乐=com.zone.hmi.qqmusic, 应用商店=com.zone.hmi.appstore, 手机互联=com.zone.hmi.ecodomain, 车控车设=com.zone.hmi.settings, 奥迪互联=com.zone.hmi.ecodomain, 车辆=com.zone.hmi.settings, 哔哩哔哩=com.bilibili.bilithings, audi connect=com.zone.hmi.ecodomain, 爱奇艺=com.qiyi.video.iv, 场景模式=com.zone.hmi.smartscene, 用车手册=com.zone.hmi.usermanual, 用户中心=com.zone.hmi.account, 蓝牙音乐=com.zone.hmi.btmusic, 主题与壁纸=com.zone.hmi.themecenter, 泊车辅助=com.zone.service.avmservice, 维保预约=com.zone.hmi.carmaintenance} mMapAppPackageCopilot = {K歌=com.tencent.karaokecar, AUDI手机互联=com.zone.hmi.ecodomain, 小宇宙=com.zone.hmi.mircrocos, QQ音乐=com.zone.hmi.qqmusic, 应用商店=com.zone.hmi.appstore, 手机互联=com.zone.hmi.ecodomain, 懒人听书=bubei.tingshu.hd, 视频投屏=com.zone.service.projection, 奥迪互联=com.zone.hmi.ecodomain, 有线投屏=com.zone.hmi.wiredprojection, 哔哩哔哩=com.bilibili.bilithings, audi connect=com.zone.hmi.ecodomain, 爱奇艺=com.qiyi.video.iv, 电台=com.zone.hmi.radio, 酷我音乐=cn.kuwo.kwmusiccar, U盘音乐=com.zone.hmi.usbmusic, B站=com.bilibili.bilithings, 相册=com.zone.hmi.photoalbum, 蓝牙音乐=com.zone.hmi.btmusic, 全民K歌=com.tencent.karaokecar}
VehicleControlExecutor init
registerFunctionCallBack
registerFunctionCallBack OK, size: 1
registerCarLogFunctionCallBack
registerCarLogFunctionCallBack OK, size: 1
getVehicleConfig key: VehCfg_Mirror_AutoFoldEnable
convertToVehicleConfigValue: key[VehCfg_Mirror_AutoFoldEnable], type[1], result[0], option[]
convertToVehicleConfigValue: valueBool[true]
getVehicleConfig key: VehCfg_Mirror_AutoTippingEnable
convertToVehicleConfigValue: key[VehCfg_Mirror_AutoTippingEnable], type[1], result[0], option[]
convertToVehicleConfigValue: valueBool[true]
getVehicleConfig key: VehCfg_Mirror_MenoryEnable
convertToVehicleConfigValue: key[VehCfg_Mirror_MenoryEnable], type[2], result[0], option[]
convertToVehicleConfigValue: valueInt[1]
Type error! Expected bool, actual type: int
ApaAdapter init: start
<<init>>()
ApaManager: Constructor.	[pid=22778 | Thread[speech_business,5,main]]
init: bindservice()
bindService:， mServiceBound=false, context = com.zone.service.speech.dialogue.SpeechDialogueApplication@49beefb
bindCoreService:-> binder=android.os.BinderProxy@520f2a4
@#1#onConnect: [android.os.BinderProxy@520f2a4]
ApaAdapter ServiceConnected
com.zone.service.speech.executor.calendar.CalendarSpeechExecutor init
viewcmdExecutor init
BtPhoneSpeechExecutor init
BtPhoneSpeechExecutor init: bt phone business
BtPhoneBusiness init: bt phone business
HistorySpeechExecutor init
JokeSpeechExecutor init
VolumeExecutor init
HelpSpeechExecutor init
ChatSpeechExecutor init: ChatSpeechExecutor
ChatSpeechExecutor init
AdasExecutor init
ApaAdapter init: start
init: bindservice()
ApaAdapter ServiceConnected
VoiceSettingExecutor init
NaviBusiness start uploadMapNaviInfo
resultDetailCode:-1008 errorMsg:com.zone.api.navi.exception.MapManagerOutWorkException: Binder is not alive.
NaviBusiness onNaviStateChange reverseGeoSearch onSearchResult = null
NaviBusiness$6.onSearchResult(): NaviBusiness onNaviStateChange reverseGeoSearch searchResult = null
NaviBusiness uploadTrafficInfo: clear traffic info as not in navi
runAction method:isServiceReady
runAction method:uploadStatusToLLM
SpeechDialogueBusinessManager onUploadLLMData result = 0, Bundle[{key.llm.upload={"request_id":"1bb7ddc62f7e4307974751f68846a85a","request_type":"add","resource_value":[{"id":"navigation_0003","subresource":[{"road_condition":""}]}],"vehicle_id":""}}]
runAction method:isServiceReady
runAction method:uploadStatusToLLM
SpeechDialogueBusinessManager onUploadLLMData result = 0, Bundle[{key.llm.upload={"request_id":"b1b147f81d9946efb8277a0260dd1dbd","request_type":"add","resource_value":[{"id":"navigation_0004","subresource":[{"road_condition":""}]}],"vehicle_id":""}}]
NaviAdapter getEndPoiInfo
com.zone.api.navi.exception.MapManagerOutWorkException: Binder is not alive.
	at com.zone.api.navi.inner.BaseMapManagerDelegate.getBinder(BaseMapManagerDelegate.java:184)
	at com.zone.api.navi.inner.MapManagerDelegate.getEndPointInfo(MapManagerDelegate.java:1953)
	at com.zone.api.navi.MapManager.getEndPointInfo(MapManager.java:1180)
	at com.zone.service.speech.executor.navi.NaviAdapter.getEndPoiInfo(NaviAdapter.java:187)
	at com.zone.service.speech.executor.navi.NaviBusiness.reverseAndUploadRouteInfo(NaviBusiness.java:767)
	at com.zone.service.speech.executor.navi.NaviBusiness.uploadMapNaviInfo(NaviBusiness.java:756)
	at com.zone.service.speech.executor.navi.NaviExecutor.setListener(NaviExecutor.java:38)
	at com.zone.service.speech.executor.SpeechExecutorProvider.setExecutorListener(SpeechExecutorProvider.java:173)
	at com.zone.service.speech.dialogue.bussiness.SpeechTaskRouter.init(SpeechTaskRouter.java:91)
	at com.zone.service.speech.dialogue.bussiness.SpeechNluTaskManager.init(SpeechNluTaskManager.java:51)
	at com.zone.service.speech.dialogue.SpeechDialogueBusinessManager.lambda$initDialogueForBusiness$1$com-zone-service-speech-dialogue-SpeechDialogueBusinessManager(SpeechDialogueBusinessManager.java:257)
	at com.zone.service.speech.dialogue.SpeechDialogueBusinessManager$$ExternalSyntheticLambda1.run(Unknown Source:2)
	at android.os.Handler.handleCallback(Handler.java:938)
	at android.os.Handler.dispatchMessage(Handler.java:99)
	at android.os.Looper.loopOnce(Looper.java:201)
	at android.os.Looper.loop(Looper.java:288)
	at android.os.HandlerThread.run(HandlerThread.java:67)
NaviAdapter.convertEndPoiInfo(): NaviAdapter RoutePoiInfo == null 
runAction method:isServiceReady
runAction method:uploadStatusToLLM
SpeechDialogueBusinessManager onUploadLLMData result = 0, Bundle[{key.llm.upload={"request_id":"3b1705022e724b90b774d9af5b266017","request_type":"add","resource_value":[{"id":"navigation_0002","subresource":[{"arrival_address":"","waypoint_address":""}]}],"vehicle_id":""}}]
resultDetailCode:-1008 errorMsg:com.zone.api.navi.exception.MapManagerOutWorkException: Binder is not alive.
NaviBusiness onNaviStateChange reverseGeoSearch onSearchResult = null
NaviBusiness$6.onSearchResult(): NaviBusiness onNaviStateChange reverseGeoSearch searchResult = null
NaviBusiness uploadDesPosition: getDesPosition == null
addCallback---before---->manager = class com.zone.api.vehicle.internal.hvac.HvacManager callback=com.zone.service.speech.executor.vehiclecontrol.airconditioner.AcBusiness$HvacCallback@290da0e flags = [0, 3, 5]
printFlagMap------->mFlagMap.size() = 0
addCallback---after---->manager = class com.zone.api.vehicle.internal.hvac.HvacManager callback=com.zone.service.speech.executor.vehiclecontrol.airconditioner.AcBusiness$HvacCallback@290da0e RegisterflagList = [0, 3, 5]
printFlagMap------->mFlagMap.size() = 3
printFlagMap------->index:0 key:0 value:[com.zone.service.speech.executor.vehiclecontrol.airconditioner.AcBusiness$HvacCallback@290da0e]
printFlagMap------->index:1 key:3 value:[com.zone.service.speech.executor.vehiclecontrol.airconditioner.AcBusiness$HvacCallback@290da0e]
printFlagMap------->index:2 key:5 value:[com.zone.service.speech.executor.vehiclecontrol.airconditioner.AcBusiness$HvacCallback@290da0e]
RegisterDataChangeListener-------->manager = class com.zone.api.vehicle.internal.hvac.HvacManager RegisterflagList = [HVAC_POWER, SEAT_TEMPE, BLOWING_LEVEL]
AirConditionerAdapter isAcPowerOn: false
runAction method:isServiceReady
runAction method:uploadStatusToLLM
SpeechDialogueBusinessManager onUploadLLMData result = 0, Bundle[{key.llm.upload={"request_id":"0d94d0f73d524c4e8ee69aa33380f9db","request_type":"add","resource_value":[{"id":"vehicle_control_0001","subresource":[{"switch":"关闭"}]}],"vehicle_id":""}}]
AcBusiness getPosition: 主驾
runAction method:isServiceReady
runAction method:uploadStatusToLLM
SpeechDialogueBusinessManager onUploadLLMData result = 0, Bundle[{key.llm.upload={"request_id":"f6f9ff8fdd864d0e89ad3cb27f9c0a55","request_type":"add","resource_value":[{"id":"vehicle_control_0002","subresource":[{"temperature":"","position":"主驾"}]}],"vehicle_id":""}}]
AcBusiness getPosition: 副驾
runAction method:isServiceReady
runAction method:uploadStatusToLLM
SpeechDialogueBusinessManager onUploadLLMData result = 0, Bundle[{key.llm.upload={"request_id":"8899486319d444e390d292f9ab3c569c","request_type":"add","resource_value":[{"id":"vehicle_control_0002","subresource":[{"temperature":"","position":"副驾"}]}],"vehicle_id":""}}]
AcBusiness getPosition: 后排
runAction method:isServiceReady
runAction method:uploadStatusToLLM
SpeechDialogueBusinessManager onUploadLLMData result = 0, Bundle[{key.llm.upload={"request_id":"61ce28d65c754675892e6ec73fbbe3cc","request_type":"add","resource_value":[{"id":"vehicle_control_0002","subresource":[{"temperature":"","position":"后排"}]}],"vehicle_id":""}}]
runAction method:isServiceReady
runAction method:uploadStatusToLLM
SpeechDialogueBusinessManager onUploadLLMData result = 0, Bundle[{key.llm.upload={"request_id":"0631c6bd22fd490d81137c64c38c65d4","request_type":"add","resource_value":[{"id":"vehicle_control_0003","subresource":[{"level":""}]}],"vehicle_id":""}}]
runAction method:isServiceReady
runAction method:uploadStatusToLLM
SpeechDialogueBusinessManager onUploadLLMData result = 0, Bundle[{key.llm.upload={"request_id":"b31395c1dde14e77a57095abcea63229","request_type":"add","resource_value":[{"id":"vehicle_control_0003","subresource":[{"level":""}]}],"vehicle_id":""}}]
SmartSceneAdapter onServiceConnected: 
sendSyncCommand getAllScenes, Bundle[{}]
SmartSceneAdapter getAllScene: [SceneInfo(sceneId=29, sceneName=小憩模式, sceneType=1, sceneState=-1, description=null), SceneInfo(sceneId=2, sceneName=宠物模式, sceneType=1, sceneState=-1, description=null), SceneInfo(sceneId=3, sceneName=露营模式, sceneType=1, sceneState=-1, description=null), SceneInfo(sceneId=17, sceneName=离车不下电, sceneType=1, sceneState=-1, description=null), SceneInfo(sceneId=18, sceneName=观影模式, sceneType=1, sceneState=-1, description=null), SceneInfo(sceneId=11, sceneName=洗车模式, sceneType=1, sceneState=-1, description=null), SceneInfo(sceneId=4, sceneName=女王副驾模式, sceneType=1, sceneState=-1, description=null), SceneInfo(sceneId=31, sceneName=后排观影模式, sceneType=1, sceneState=-1, description=null), SceneInfo(sceneId=30, sceneName=行政总裁模式, sceneType=1, sceneState=-1, description=null)]
SmartSceneAdapter getAllSceneNameList: [小憩模式, 宠物模式, 露营模式, 离车不下电, 观影模式, 洗车模式, 女王副驾模式, 后排观影模式, 行政总裁模式]
SmartSceneBusiness upload smart scene names, names = [小憩模式, 宠物模式, 露营模式, 离车不下电, 观影模式, 洗车模式, 女王副驾模式, 后排观影模式, 行政总裁模式]
runAction method:isServiceReady
runAction method:uploadCustomizedRecognitionCmds
SpeechDialogueBusinessManager onUploadUserData result = 0
AppSpeechExecutor upLoadAppList
AppBusinessConfig updateAppNameList()
getVehicleConfig key: VehCfg_SW_DrvrAllappsList
convertToVehicleConfigValue: key[VehCfg_SW_DrvrAllappsList], type[4], result[0], option[]
convertToVehicleConfigValue: valueString[com.zone.hmi.navi,com.zone.hmi.qqmusic,com.zone.hmi.mircrocos,com.zone.hmi.ximalayamusic,com.zone.hmi.usbmusic,com.zone.hmi.btmusic,com.zone.hmi.radio,com.zone.hmi.settings,com.qiyi.video.iv,com.bilibili.bilithings,com.zone.service.projection,com.tencent.karaokecar,com.zone.hmi.ecodomain,com.zone.hmi.carlog,com.zone.hmi.photoalbum,com.zone.service.avmservice,com.zone.hmi.btphone,com.zone.hmi.account,com.zone.hmi.smartscene,com.zone.hmi.appstore,cn.kuwo.kwmusiccar,bubei.tingshu.hd,com.zone.hmi.lightshow,com.zone.hmi.showroom,com.zone.hmi.themecenter,com.zone.hmi.calendar,com.zone.hmi.carlink,com.zone.hmi.usermanual,com.zone.hmi.wiredprojection,com.zone.hmi.carmaintenance,com.ls.safetyseat]
getVehicleConfig key: VehCfg_SW_PsngAllappsList
convertToVehicleConfigValue: key[VehCfg_SW_PsngAllappsList], type[4], result[0], option[]
convertToVehicleConfigValue: valueString[com.zone.hmi.qqmusic,com.zone.hmi.mircrocos,com.zone.hmi.ximalayamusic,com.zone.hmi.usbmusic,com.zone.hmi.btmusic,com.zone.hmi.radio,com.qiyi.video.iv,com.bilibili.bilithings,com.zone.service.projection,com.tencent.karaokecar,com.zone.hmi.ecodomain,com.zone.hmi.carlink,com.zone.hmi.appstore,cn.kuwo.kwmusiccar,bubei.tingshu.hd,com.zone.hmi.carlog,com.zone.hmi.photoalbum,com.zone.hmi.wiredprojection]
AppBusinessConfig drivePackages = [com.zone.hmi.navi, com.zone.hmi.qqmusic, com.zone.hmi.mircrocos, com.zone.hmi.ximalayamusic, com.zone.hmi.usbmusic, com.zone.hmi.btmusic, com.zone.hmi.radio, com.zone.hmi.settings, com.qiyi.video.iv, com.bilibili.bilithings, com.zone.service.projection, com.tencent.karaokecar, com.zone.hmi.ecodomain, com.zone.hmi.carlog, com.zone.hmi.photoalbum, com.zone.service.avmservice, com.zone.hmi.btphone, com.zone.hmi.account, com.zone.hmi.smartscene, com.zone.hmi.appstore, cn.kuwo.kwmusiccar, bubei.tingshu.hd, com.zone.hmi.lightshow, com.zone.hmi.showroom, com.zone.hmi.themecenter, com.zone.hmi.calendar, com.zone.hmi.carlink, com.zone.hmi.usermanual, com.zone.hmi.wiredprojection, com.zone.hmi.carmaintenance, com.ls.safetyseat] copilotPackages = [com.zone.hmi.qqmusic, com.zone.hmi.mircrocos, com.zone.hmi.ximalayamusic, com.zone.hmi.usbmusic, com.zone.hmi.btmusic, com.zone.hmi.radio, com.qiyi.video.iv, com.bilibili.bilithings, com.zone.service.projection, com.tencent.karaokecar, com.zone.hmi.ecodomain, com.zone.hmi.carlink, com.zone.hmi.appstore, cn.kuwo.kwmusiccar, bubei.tingshu.hd, com.zone.hmi.carlog, com.zone.hmi.photoalbum, com.zone.hmi.wiredprojection]
AppBusinessConfig android.content.pm.PackageManager$NameNotFoundException: com.zone.hmi.ximalayamusic
AppBusinessConfig android.content.pm.PackageManager$NameNotFoundException: com.zone.hmi.carlog
upload assist recognition data:{"grm":[{"dictcontent":[{"scene":"小憩模式"},{"scene":"宠物模式"},{"scene":"露营模式"},{"scene":"离车不下电"},{"scene":"观影模式"},{"scene":"洗车模式"},{"scene":"女王副驾模式"},{"scene":"后排观影模式"},{"scene":"行政总裁模式"}],"dictname":"scene"}]}
AppBusinessConfig android.content.pm.PackageManager$NameNotFoundException: com.zone.hmi.lightshow
SpeechEngineAdapter dict take i:1
SystemPropertyUtil getRoBuildServerEnv()
SystemPropertyUtil get property type is: ro.vendor.build.server.env, and value is: QA
SystemPropertyUtil getRoBuildServerEnv()
SystemPropertyUtil get property type is: ro.vendor.build.server.env, and value is: QA
SystemPropertyUtil getRoBuildServerEnv()
SystemPropertyUtil get property type is: ro.vendor.build.server.env, and value is: QA
SpeechEngineAdapter headers = {Origin=https://speech-zone-uat.mos.csvw.com, zone-x-appkey=10ed26a8ba686625926bf237555c68d3, zone-x-cid=pp01_default_vin_code, zone-x-model=normal, zone-x-nonce=ee36428a5c0a41c1950818e641419401, zone-x-service-SpeechService=45, zone-x-service-XunFeiSDK=102100, zone-x-sign=0ICShXw34vAPrh0mFISB80NxQRQ/Pb0IevVbppXaxPw=, zone-x-source=vehicle, zone-x-timestamp=1758195011213, zone-x-v=v1.0}
AppBusinessConfig android.content.pm.PackageManager$NameNotFoundException: com.zone.hmi.carlink
SpeechEngineAdapter setParam() modeType = 1 param = PersonalAuthInfo paramValue = {"aiui":"&zoneauth=eyJPcmlnaW4iOiJodHRwczovL3NwZWVjaC16b25lLXVhdC5tb3MuY3N2dy5jb20iLCJ6b25lLXgtYXBwa2V5IjoiMTBlZDI2YThiYTY4NjYyNTkyNmJmMjM3NTU1YzY4ZDMiLCJ6b25lLXgtY2lkIjoicHAwMV9kZWZhdWx0X3Zpbl9jb2RlIiwiem9uZS14LW1vZGVsIjoibm9ybWFsIiwiem9uZS14LW5vbmNlIjoiZWUzNjQyOGE1YzBhNDFjMTk1MDgxOGU2NDE0MTk0MDEiLCJ6b25lLXgtc2VydmljZS1TcGVlY2hTZXJ2aWNlIjoiNDUiLCJ6b25lLXgtc2VydmljZS1YdW5GZWlTREsiOiIxMDIxMDAiLCJ6b25lLXgtc2lnbiI6IjBJQ1NoWHczNHZBUHJoMG1GSVNCODBOeFFSUS9QYjBJZXZWYnBwWGF4UHdcdTAwM2QiLCJ6b25lLXgtc291cmNlIjoidmVoaWNsZSIsInpvbmUteC10aW1lc3RhbXAiOiIxNzU4MTk1MDExMjEzIiwiem9uZS14LXYiOiJ2MS4wIn0="} index = -1
[2025-09-18 19:30:11 216][5424095][INF][P0x59f4][T0x5a37][libissms_jni.cpp][Java_com_iflytek_speech_libissms_setParam][463] setParam
[2025-09-18 19:30:11 216][5424095][INF][P0x59f4][T0x5a37][issms.cpp][ISSMSSetParam][175] ISSMSSetParam | hISSMSObj = 0xb4000071d1614110, nModeType = 1, szParam = PersonalAuthInfo,szParamValue = {"aiui":"&zoneauth=eyJPcmlnaW4iOiJodHRwczovL3NwZWVjaC16b25lLXVhdC5tb3MuY3N2dy5jb20iLCJ6b25lLXgtYXBwa2V5IjoiMTBlZDI2YThiYTY4NjYyNTkyNmJmMjM3NTU1YzY4ZDMiLCJ6b25lLXgtY2lkIjoicHAwMV9kZWZhdWx0X3Zpbl9jb2RlIiwiem9uZS14LW1vZGVsIjoibm9ybWFsIiwiem9uZS14LW5vbmNlIjoiZWUzNjQyOGE1YzBhNDFjMTk1MDgxOGU2NDE0MTk0MDEiLCJ6b25lLXgtc2VydmljZS1TcGVlY2hTZXJ2aWNlIjoiNDUiLCJ6b25lLXgtc2VydmljZS1YdW5GZWlTREsiOiIxMDIxMDAiLCJ6b25lLXgtc2lnbiI6IjBJQ1NoWHczNHZBUHJoMG1GSVNCODBOeFFSUS9QYjBJZXZWYnBwWGF4UHdcdTAwM2QiLCJ6b25lLXgtc291cmNlIjoidmVoaWNsZSIsInpvbmUteC10aW1lc3RhbXAiOiIxNzU4MTk1MDExMjEzIiwiem9uZS14LXYiOiJ2MS4wIn0="},nSRInstIndex = -1
[2025-09-18 19:30:11 216][5424095][INF][P0x59f4][T0x5a37][libisssr2.cpp][ISSSR2SetParam][171] ISSSR2SetParam | nInstIndex[-1], szParam: PersonalAuthInfo, szParamValue: {"aiui":"&zoneauth=eyJPcmlnaW4iOiJodHRwczovL3NwZWVjaC16b25lLXVhdC5tb3MuY3N2dy5jb20iLCJ6b25lLXgtYXBwa2V5IjoiMTBlZDI2YThiYTY4NjYyNTkyNmJmMjM3NTU1YzY4ZDMiLCJ6b25lLXgtY2lkIjoicHAwMV9kZWZhdWx0X3Zpbl9jb2RlIiwiem9uZS14LW1vZGVsIjoibm9ybWFsIiwiem9uZS14LW5vbmNlIjoiZWUzNjQyOGE1YzBhNDFjMTk1MDgxOGU2NDE0MTk0MDEiLCJ6b25lLXgtc2VydmljZS1TcGVlY2hTZXJ2aWNlIjoiNDUiLCJ6b25lLXgtc2VydmljZS1YdW5GZWlTREsiOiIxMDIxMDAiLCJ6b25lLXgtc2lnbiI6IjBJQ1NoWHczNHZBUHJoMG1GSVNCODBOeFFSUS9QYjBJZXZWYnBwWGF4UHdcdTAwM2QiLCJ6b25lLXgtc291cmNlIjoidmVoaWNsZSIsInpvbmUteC10aW1lc3RhbXAiOiIxNzU4MTk1MDExMjEzIiwiem9uZS14LXYiOiJ2MS4wIn0="}
[2025-09-18 19:30:11 216][5424095][INF][P0x59f4][T0x5a37][issmsImpl.cpp][SaveSrParamAndValue][2904] SaveSrParamAndValue | SRInst=-1, strParam = PersonalAuthInfo, strParamValue={"aiui":"&zoneauth=eyJPcmlnaW4iOiJodHRwczovL3NwZWVjaC16b25lLXVhdC5tb3MuY3N2dy5jb20iLCJ6b25lLXgtYXBwa2V5IjoiMTBlZDI2YThiYTY4NjYyNTkyNmJmMjM3NTU1YzY4ZDMiLCJ6b25lLXgtY2lkIjoicHAwMV9kZWZhdWx0X3Zpbl9jb2RlIiwiem9uZS14LW1vZGVsIjoibm9ybWFsIiwiem9uZS14LW5vbmNlIjoiZWUzNjQyOGE1YzBhNDFjMTk1MDgxOGU2NDE0MTk0MDEiLCJ6b25lLXgtc2VydmljZS1TcGVlY2hTZXJ2aWNlIjoiNDUiLCJ6b25lLXgtc2VydmljZS1YdW5GZWlTREsiOiIxMDIxMDAiLCJ6b25lLXgtc2lnbiI6IjBJQ1NoWHczNHZBUHJoMG1GSVNCODBOeFFSUS9QYjBJZXZWYnBwWGF4UHdcdTAwM2QiLCJ6b25lLXgtc291cmNlIjoidmVoaWNsZSIsInpvbmUteC10aW1lc3RhbXAiOiIxNzU4MTk1MDExMjEzIiwiem9uZS14LXYiOiJ2MS4wIn0="}
[2025-09-18 19:30:11 216][5424095][INF][P0x59f4][T0x5a37][libissms_jni.cpp][Java_com_iflytek_speech_libissms_setParam][493] setParam leave
[2025-09-18 19:30:11 216][5424095][INF][P0x59f4][T0x5a37][libissms_jni.cpp][Java_com_iflytek_speech_libissms_srUploadDict][750] srUploadDict
[2025-09-18 19:30:11 216][5424096][INF][P0x59f4][T0x5a37][issms.cpp][ISSMSSRUpLoadDict][543] ISSMSSRUpLoadDict | hISSMSObj = 0xb4000071d1614110, szList = {"grm":[{"dictcontent":[{"scene":"小憩模式"},{"scene":"宠物模式"},{"scene":"露营模式"},{"scene":"离车不下电"},{"scene":"观影模式"},{"scene":"洗车模式"},{"scene":"女王副驾模式"},{"scene":"后排观影模式"},{"scene":"行政总裁模式"}],"dictname":"scene"}]}, iUpLoadMode = 0, nSRInstIndex=-1
[2025-09-18 19:30:11 216][5424096][INF][P0x59f4][T0x5a37][libisssr2.cpp][ISSSR2UpLoadDict][316] ISSSR2UpLoadDict | nInstIndex[-1], nUploadMode: 0
[2025-09-18 19:30:11 216][5424096][INF][P0x59f4][T0x5a37][CIssSr.cpp][UpLoadDict][3841] strList: {"grm":[{"dictcontent":[{"scene":"小憩模式"},{"scene":"宠物模式"},{"scene":"露营模式"},{"scene":"离车不下电"},{"scene":"观影模式"},{"scene":"洗车模式"},{"scene":"女王副驾模式"},{"scene":"后排观影模式"},{"scene":"行政总裁模式"}],"dictname":"scene"}]}
[2025-09-18 19:30:11 216][5424096][WAN][P0x59f4][T0x5a37][MscUploadDict.cpp][Parser][52] parse beamIndex error,ret(0)
[2025-09-18 19:30:11 216][5424096][WAN][P0x59f4][T0x5a37][MscUploadDict.cpp][Parser][60] parse grmId error,ret(0)
[2025-09-18 19:30:11 216][5424096][ERR][P0x59f4][T0x5a37][MscUploadDict.cpp][GetDictContent][125] CloudDict can not find dictname(app).
[2025-09-18 19:30:11 216][5424096][ERR][P0x59f4][T0x5a37][MscUploadDict.cpp][GetDictContent][125] CloudDict can not find dictname(applet).
[2025-09-18 19:30:11 216][5424096][ERR][P0x59f4][T0x5a37][MscUploadDict.cpp][GetDictContent][125] CloudDict can not find dictname(car_status).
[2025-09-18 19:30:11 216][5424096][ERR][P0x59f4][T0x5a37][MscUploadDict.cpp][GetDictContent][125] CloudDict can not find dictname(contact).
[2025-09-18 19:30:11 216][5424096][ERR][P0x59f4][T0x5a37][MscUploadDict.cpp][GetDictContent][125] CloudDict can not find dictname(habit).
[2025-09-18 19:30:11 216][5424096][ERR][P0x59f4][T0x5a37][MscUploadDict.cpp][GetDictContent][125] CloudDict can not find dictname(poi).
AppBusinessConfig android.content.pm.PackageManager$NameNotFoundException: com.zone.hmi.ximalayamusic
AppBusinessConfig android.content.pm.PackageManager$NameNotFoundException: com.zone.hmi.carlink
AppBusinessConfig android.content.pm.PackageManager$NameNotFoundException: com.zone.hmi.carlog
AppBusinessConfig mMapAppPackageDrive = {儿童座椅=com.ls.safetyseat, 地图=com.zone.hmi.navi, 蓝牙电话=com.zone.hmi.btphone, 电话=com.zone.hmi.btphone, 自动泊车=com.zone.service.avmservice, 车设=com.zone.hmi.settings, 车辆设置=com.zone.hmi.settings, 懒人听书=bubei.tingshu.hd, 视频投屏=com.zone.service.projection, 日历=com.zone.hmi.calendar, 奥迪泊车辅助=com.zone.service.avmservice, 有线投屏=com.zone.hmi.wiredprojection, 车控=com.zone.hmi.settings, 电台=com.zone.hmi.radio, 酷我音乐=cn.kuwo.kwmusiccar, U盘音乐=com.zone.hmi.usbmusic, B站=com.bilibili.bilithings, 智能泊车=com.zone.service.avmservice, 车辆控制=com.zone.hmi.settings, 相册=com.zone.hmi.photoalbum, 全民K歌=com.tencent.karaokecar, 展车模式=com.zone.hmi.showroom, 设置=com.zone.hmi.settings, K歌=com.tencent.karaokecar, AUDI手机互联=com.zone.hmi.ecodomain, 小宇宙=com.zone.hmi.mircrocos, QQ音乐=com.zone.hmi.qqmusic, 应用商店=com.zone.hmi.appstore, 手机互联=com.zone.hmi.ecodomain, 车控车设=com.zone.hmi.settings, 奥迪互联=com.zone.hmi.ecodomain, 车辆=com.zone.hmi.settings, 哔哩哔哩=com.bilibili.bilithings, audi connect=com.zone.hmi.ecodomain, 爱奇艺=com.qiyi.video.iv, 场景模式=com.zone.hmi.smartscene, 用车手册=com.zone.hmi.usermanual, 用户中心=com.zone.hmi.account, 蓝牙音乐=com.zone.hmi.btmusic, 主题与壁纸=com.zone.hmi.themecenter, 泊车辅助=com.zone.service.avmservice, 维保预约=com.zone.hmi.carmaintenance} mMapAppPackageCopilot = {K歌=com.tencent.karaokecar, AUDI手机互联=com.zone.hmi.ecodomain, 小宇宙=com.zone.hmi.mircrocos, QQ音乐=com.zone.hmi.qqmusic, 应用商店=com.zone.hmi.appstore, 手机互联=com.zone.hmi.ecodomain, 懒人听书=bubei.tingshu.hd, 视频投屏=com.zone.service.projection, 奥迪互联=com.zone.hmi.ecodomain, 有线投屏=com.zone.hmi.wiredprojection, 哔哩哔哩=com.bilibili.bilithings, audi connect=com.zone.hmi.ecodomain, 爱奇艺=com.qiyi.video.iv, 电台=com.zone.hmi.radio, 酷我音乐=cn.kuwo.kwmusiccar, U盘音乐=com.zone.hmi.usbmusic, B站=com.bilibili.bilithings, 相册=com.zone.hmi.photoalbum, 蓝牙音乐=com.zone.hmi.btmusic, 全民K歌=com.tencent.karaokecar}
AppBusinessConfig getAppNameList() list = [儿童座椅, 地图, 蓝牙电话, 电话, 自动泊车, 车设, 车辆设置, 懒人听书, 视频投屏, 日历, 奥迪泊车辅助, 有线投屏, 车控, 电台, 酷我音乐, U盘音乐, B站, 智能泊车, 车辆控制, 相册, 全民K歌, 展车模式, 设置, K歌, AUDI手机互联, 小宇宙, QQ音乐, 应用商店, 手机互联, 车控车设, 奥迪互联, 车辆, 哔哩哔哩, audi connect, 爱奇艺, 场景模式, 用车手册, 用户中心, 蓝牙音乐, 主题与壁纸, 泊车辅助, 维保预约]
getVehicleConfig key: VehCfg_Media_appletEnable
convertToVehicleConfigValue: key[VehCfg_Media_appletEnable], type[1], result[0], option[]
convertToVehicleConfigValue: valueBool[false]
AppSpeechExecutor isAppletCenterExist: isConfig = false
runAction method:isServiceReady
runAction method:uploadCustomizedRecognitionCmds
SpeechDialogueBusinessManager onUploadUserData result = 0
addCallback---before---->manager = class com.zone.api.vehicle.internal.window.WindowManager callback=com.zone.service.speech.executor.vehiclecontrol.window.CarWindowBusiness$WindowCallback@ef14c2f flags = [8, 11]
printFlagMap------->mFlagMap.size() = 0
addCallback---after---->manager = class com.zone.api.vehicle.internal.window.WindowManager callback=com.zone.service.speech.executor.vehiclecontrol.window.CarWindowBusiness$WindowCallback@ef14c2f RegisterflagList = [8, 11]
printFlagMap------->mFlagMap.size() = 2
printFlagMap------->index:0 key:8 value:[com.zone.service.speech.executor.vehiclecontrol.window.CarWindowBusiness$WindowCallback@ef14c2f]
printFlagMap------->index:1 key:11 value:[com.zone.service.speech.executor.vehiclecontrol.window.CarWindowBusiness$WindowCallback@ef14c2f]
RegisterDataChangeListener-------->manager = class com.zone.api.vehicle.internal.window.WindowManager RegisterflagList = [WINDOW_REAR_LOCK, SKY_LIGHT_LEVEL]
[2025-09-18 19:30:11 226][5424106][ERR][P0x59f4][T0x5a37][MscUploadDict.cpp][GetDictContent][125] CloudDict can not find dictname(speaker).
[2025-09-18 19:30:11 226][5424106][ERR][P0x59f4][T0x5a37][MscUploadDict.cpp][GetDictContent][125] CloudDict can not find dictname(video).
[2025-09-18 19:30:11 226][5424106][ERR][P0x59f4][T0x5a37][MscUploadDict.cpp][GetDictContent][125] CloudDict can not find dictname(wechat).
[2025-09-18 19:30:11 226][5424106][WAN][P0x59f4][T0x5aa6][MscUploadDict.cpp][Parser][52] parse beamIndex error,ret(0)
[2025-09-18 19:30:11 226][5424106][WAN][P0x59f4][T0x5aa6][MscUploadDict.cpp][Parser][60] parse grmId error,ret(0)
[2025-09-18 19:30:11 227][5424106][ERR][P0x59f4][T0x5aa6][Grm.cpp][ParseGrmForDict][694] no such dictattr(alias)
[2025-09-18 19:30:11 227][5424106][ERR][P0x59f4][T0x5aa6][Grm.cpp][ParseGrmForDict][694] no such dictattr(scene_cata)
[2025-09-18 19:30:11 227][5424106][INF][P0x59f4][T0x5aa6][EMNlu.cpp][callBuildRes][388] out_gram_filename(/data/user_de/10/com.zone.service.speech/vr/iflytek/Active/SRRes/ResMandarin/GrmSR/nli_sceneMode_scene.bin)
[2025-09-18 19:30:11 227][5424106][INF][P0x59f4][T0x5aa6][EMNlu.cpp][callBuildRes][401] iFlyPResBuildProcess sceneMode_scene.
[2025-09-18 19:30:11 227][5424107][INF][P0x59f4][T0x5aa6][EMNlu.cpp][callBuildRes][458] iFlyPResBuildDestroyInst ret 0.
CarWindowAdapter getWindowLockStatus:  direction == 10, result == 0
[2025-09-18 19:30:11 228][5424107][INF][P0x59f4][T0x5a37][libissms_jni.cpp][Java_com_iflytek_speech_libissms_srUploadDict][773] srUploadDict leave
[2025-09-18 19:30:11 228][5424108][INF][P0x59f4][T0x5aa6][ResLoader.cpp][LoadInnerFromMemory][235] FsaMemManager FsaMemAdd fsa name: AnswerCall, len: 9816
runAction method:isServiceReady
runAction method:uploadStatusToLLM
SpeechDialogueBusinessManager onUploadLLMData result = 0, Bundle[{key.llm.upload={"request_id":"1439c4c5cc1542358421933e7214377a","request_type":"add","resource_value":[{"id":"vehicle_control_0009","subresource":[{"switch":"关闭","position":"后排"}]}],"vehicle_id":""}}]
[2025-09-18 19:30:11 228][5424108][INF][P0x59f4][T0x5aa6][ResLoader.cpp][Update][418] fsa: AnswerCall, id: 10014, slot: scene
addCallback---before---->manager = class com.zone.api.vehicle.internal.doorlock.DoorLockManager callback=com.zone.service.speech.executor.vehiclecontrol.door.CarDoorBusiness$DoorLockCallback@d4df23c flags = [1, 9]
printFlagMap------->mFlagMap.size() = 0
addCallback---after---->manager = class com.zone.api.vehicle.internal.doorlock.DoorLockManager callback=com.zone.service.speech.executor.vehiclecontrol.door.CarDoorBusiness$DoorLockCallback@d4df23c RegisterflagList = [1, 9]
printFlagMap------->mFlagMap.size() = 2
printFlagMap------->index:0 key:1 value:[com.zone.service.speech.executor.vehiclecontrol.door.CarDoorBusiness$DoorLockCallback@d4df23c]
printFlagMap------->index:1 key:9 value:[com.zone.service.speech.executor.vehiclecontrol.door.CarDoorBusiness$DoorLockCallback@d4df23c]
RegisterDataChangeListener-------->manager = class com.zone.api.vehicle.internal.doorlock.DoorLockManager RegisterflagList = [DOOR_CHILD_PROTECT_STATUS, REMOTE_COMFORT_LOCK_STATUS]
[2025-09-18 19:30:11 229][5424109][INF][P0x59f4][T0x5aa6][ResLoader.cpp][ResSave][387] FsaMemManager FsaMemAdd fsa name: AnswerCall, size: 12060
[2025-09-18 19:30:11 229][5424109][INF][P0x59f4][T0x5aa9][ResLoader.cpp][LoadInnerFromMemory][224] FsaMemManager GetFsaMem fsa name: AnswerCall, size: 12060
SpeechEngineAdapter upload customized data result == 0, uploadData = {"grm":[{"dictcontent":[{"scene":"小憩模式"},{"scene":"宠物模式"},{"scene":"露营模式"},{"scene":"离车不下电"},{"scene":"观影模式"},{"scene":"洗车模式"},{"scene":"女王副驾模式"},{"scene":"后排观影模式"},{"scene":"行政总裁模式"}],"dictname":"scene"}]}
[2025-09-18 19:30:11 229][5424109][INF][P0x59f4][T0x5aa9][EMNlu.cpp][loadCustomRes][86] loadCustomRes | szType: sceneMode_scene
[2025-09-18 19:30:11 229][5424109][INF][P0x59f4][T0x5aa9][EMNlu.cpp][uploadCustomRes][484] NLIAddRes sceneMode_scene.
SpeechEngineAdapter onMSMsgProc_() uMsg = 20001 wParam = 0 iParam = scene nIndex = 1
[2025-09-18 19:30:11 230][5424109][INF][P0x59f4][T0x5aa9][issmsImpl.cpp][CallBackMsgWithFullLog][544] VAMSImpl::m_pfnMSMsgCallback pUsrArg=0x1956,nSRInstIndex=1,uMsg=20001,wParam=0,lParam=scene
upload assist recognition data:{"grm":[{"dictcontent":[{"name":"儿童座椅"},{"name":"地图"},{"name":"蓝牙电话"},{"name":"电话"},{"name":"自动泊车"},{"name":"车设"},{"name":"车辆设置"},{"name":"懒人听书"},{"name":"视频投屏"},{"name":"日历"},{"name":"奥迪泊车辅助"},{"name":"有线投屏"},{"name":"车控"},{"name":"电台"},{"name":"酷我音乐"},{"name":"U盘音乐"},{"name":"B站"},{"name":"智能泊车"},{"name":"车辆控制"},{"name":"相册"},{"name":"全民K歌"},{"name":"展车模式"},{"name":"设置"},{"name":"K歌"},{"name":"AUDI手机互联"},{"name":"小宇宙"},{"name":"QQ音乐"},{"name":"应用商店"},{"name":"手机互联"},{"name":"车控车设"},{"name":"奥迪互联"},{"name":"车辆"},{"name":"哔哩哔哩"},{"name":"audi connect"},{"name":"爱奇艺"},{"name":"场景模式"},{"name":"用车手册"},{"name":"用户中心"},{"name":"蓝牙音乐"},{"name":"主题与壁纸"},{"name":"泊车辅助"},{"name":"维保预约"}],"dictname":"app"}]}
CarDoorLockAdapter getChildSafetyLockStatus : status = 0, 2000
CarDoorLockAdapter getChildSafetyLockStatus : status = 0, 2000
runAction method:isServiceReady
runAction method:uploadStatusToLLM
SpeechDialogueBusinessManager onUploadLLMData result = 0, Bundle[{key.llm.upload={"request_id":"e6e95eb396fe4d9fa958834554cb2cdd","request_type":"add","resource_value":[{"id":"vehicle_control_0011","subresource":[{"switch":"关闭","position":"左后"}]}],"vehicle_id":""}}]
runAction method:isServiceReady
runAction method:uploadStatusToLLM
SpeechDialogueBusinessManager onUploadLLMData result = 0, Bundle[{key.llm.upload={"request_id":"2faa1876ce6442ddb8dd2e4b27f1e624","request_type":"add","resource_value":[{"id":"vehicle_control_0011","subresource":[{"switch":"关闭","position":"右后"}]}],"vehicle_id":""}}]
CarDoorLockAdapter 2000 <--- getDoorLockStatus : status = 0
runAction method:isServiceReady
runAction method:uploadStatusToLLM
SpeechDialogueBusinessManager onUploadLLMData result = 0, Bundle[{key.llm.upload={"request_id":"f2d0e4809ac24b579bfbbe6d7ee511d1","request_type":"add","resource_value":[{"id":"vehicle_control_0010","subresource":[{"switch":"关闭"}]}],"vehicle_id":""}}]
CarSeatAdapter isSeatVentilationConfig: direction == 1, front_left_config == true, front_right_config == true, rear_left_config == true, rear_right_config == true, isConfig == true
CarSeatAdapter getSeatVentilationLevel: 0,0,0,0
CarSeatAdapter getSeatVentilationLevel: direction == 1, level == 0
CarSeatsBusiness getPosition: 主驾
runAction method:isServiceReady
runAction method:uploadStatusToLLM
SpeechDialogueBusinessManager onUploadLLMData result = 0, Bundle[{key.llm.upload={"request_id":"cc3b4096b02949b99f2dfba867400967","request_type":"add","resource_value":[{"id":"vehicle_control_0006","subresource":[{"level":"0","position":"主驾"}]}],"vehicle_id":""}}]
CarSeatAdapter isSeatHeatConfig: direction == 1, front_left_config == true, front_right_config == true, rear_left_config == true, rear_right_config == true, isConfig == true
CarSeatAdapter getSeatHeatLevel: 0,0,0,0
CarSeatAdapter getSeatHeatLevel: direction == 1, level == 0
CarSeatsBusiness getPosition: 主驾
runAction method:isServiceReady
runAction method:uploadStatusToLLM
SpeechDialogueBusinessManager onUploadLLMData result = 0, Bundle[{key.llm.upload={"request_id":"6981c06b9bf64c8287101a3c067547d3","request_type":"add","resource_value":[{"id":"vehicle_control_0007","subresource":[{"level":"0","position":"主驾"}]}],"vehicle_id":""}}]
CarSeatAdapter isSeatMassageConfig: direction == 1, front_left_config == false, front_right_config == false, rear_config == true, isConfig == false
CarSeatAdapter isSeatVentilationConfig: direction == 2, front_left_config == true, front_right_config == true, rear_left_config == true, rear_right_config == true, isConfig == true
CarSeatAdapter getSeatVentilationLevel: 0,0,0,0
CarSeatAdapter getSeatVentilationLevel: direction == 2, level == 0
CarSeatsBusiness getPosition: 副驾
runAction method:isServiceReady
runAction method:uploadStatusToLLM
SpeechDialogueBusinessManager onUploadLLMData result = 0, Bundle[{key.llm.upload={"request_id":"086d076a27044c9d95ff55089c71c567","request_type":"add","resource_value":[{"id":"vehicle_control_0006","subresource":[{"level":"0","position":"副驾"}]}],"vehicle_id":""}}]
CarSeatAdapter isSeatHeatConfig: direction == 2, front_left_config == true, front_right_config == true, rear_left_config == true, rear_right_config == true, isConfig == true
CarSeatAdapter getSeatHeatLevel: 0,0,0,0
CarSeatAdapter getSeatHeatLevel: direction == 2, level == 0
CarSeatsBusiness getPosition: 副驾
runAction method:isServiceReady
runAction method:uploadStatusToLLM
SpeechDialogueBusinessManager onUploadLLMData result = 0, Bundle[{key.llm.upload={"request_id":"bbf381eb67e94a46ac65e5d2572e7420","request_type":"add","resource_value":[{"id":"vehicle_control_0007","subresource":[{"level":"0","position":"副驾"}]}],"vehicle_id":""}}]
CarSeatAdapter isSeatMassageConfig: direction == 2, front_left_config == false, front_right_config == false, rear_config == true, isConfig == false
CarSeatAdapter isSeatVentilationConfig: direction == 3, front_left_config == true, front_right_config == true, rear_left_config == true, rear_right_config == true, isConfig == true
CarSeatAdapter getSeatVentilationLevel: 0,0,0,0
CarSeatAdapter getSeatVentilationLevel: direction == 3, level == 0
CarSeatsBusiness getPosition: 左后
runAction method:isServiceReady
runAction method:uploadStatusToLLM
SpeechDialogueBusinessManager onUploadLLMData result = 0, Bundle[{key.llm.upload={"request_id":"bf2cfdbd75ce404e9de9624b0706b2a2","request_type":"add","resource_value":[{"id":"vehicle_control_0006","subresource":[{"level":"0","position":"左后"}]}],"vehicle_id":""}}]
CarSeatAdapter isSeatHeatConfig: direction == 3, front_left_config == true, front_right_config == true, rear_left_config == true, rear_right_config == true, isConfig == true
CarSeatAdapter getSeatHeatLevel: 0,0,0,0
CarSeatAdapter getSeatHeatLevel: direction == 3, level == 0
CarSeatsBusiness getPosition: 左后
runAction method:isServiceReady
runAction method:uploadStatusToLLM
SpeechDialogueBusinessManager onUploadLLMData result = 0, Bundle[{key.llm.upload={"request_id":"dc59e580b0c14be5a7272b78938315a3","request_type":"add","resource_value":[{"id":"vehicle_control_0007","subresource":[{"level":"0","position":"左后"}]}],"vehicle_id":""}}]
CarSeatAdapter isSeatMassageConfig: direction == 3, front_left_config == false, front_right_config == false, rear_config == true, isConfig == true
CarSeatAdapter getSeatMassageLevel: direction == 3, level == 0
CarSeatsBusiness getPosition: 左后
runAction method:isServiceReady
runAction method:uploadStatusToLLM
SpeechDialogueBusinessManager onUploadLLMData result = 0, Bundle[{key.llm.upload={"request_id":"14e31bddd3524ac0986fb1575edae605","request_type":"add","resource_value":[{"id":"vehicle_control_0008","subresource":[{"level":"0","position":"左后"}]}],"vehicle_id":""}}]
CarSeatAdapter isSeatVentilationConfig: direction == 4, front_left_config == true, front_right_config == true, rear_left_config == true, rear_right_config == true, isConfig == true
CarSeatAdapter getSeatVentilationLevel: 0,0,0,0
CarSeatAdapter getSeatVentilationLevel: direction == 4, level == 0
CarSeatsBusiness getPosition: 右后
runAction method:isServiceReady
runAction method:uploadStatusToLLM
SpeechDialogueBusinessManager onUploadLLMData result = 0, Bundle[{key.llm.upload={"request_id":"078ff876b33443bea4e56e31956c9a74","request_type":"add","resource_value":[{"id":"vehicle_control_0006","subresource":[{"level":"0","position":"右后"}]}],"vehicle_id":""}}]
CarSeatAdapter isSeatHeatConfig: direction == 4, front_left_config == true, front_right_config == true, rear_left_config == true, rear_right_config == true, isConfig == true
CarSeatAdapter getSeatHeatLevel: 0,0,0,0
CarSeatAdapter getSeatHeatLevel: direction == 4, level == 0
CarSeatsBusiness getPosition: 右后
runAction method:isServiceReady
runAction method:uploadStatusToLLM
SpeechDialogueBusinessManager onUploadLLMData result = 0, Bundle[{key.llm.upload={"request_id":"ccd63c5fff4548a48f2e419503ec9150","request_type":"add","resource_value":[{"id":"vehicle_control_0007","subresource":[{"level":"0","position":"右后"}]}],"vehicle_id":""}}]
CarSeatAdapter isSeatMassageConfig: direction == 4, front_left_config == false, front_right_config == false, rear_config == true, isConfig == true
SpeechUtils Found file with prefix: semanticSource20250918192812
CarSeatAdapter getSeatMassageLevel: direction == 4, level == 0
CarSeatsBusiness getPosition: 右后
runAction method:isServiceReady
runAction method:uploadStatusToLLM
SpeechDialogueBusinessManager onUploadLLMData result = 0, Bundle[{key.llm.upload={"request_id":"cacabf247ddb43238df1fa802802dd1c","request_type":"add","resource_value":[{"id":"vehicle_control_0008","subresource":[{"level":"0","position":"右后"}]}],"vehicle_id":""}}]
subscribeMessage : listener = com.zone.service.speech.executor.vehiclecontrol.vehicleinfo.InfoQueryBusiness$MultiDisplayCallback@669bc5, messageIds = [9001]
subscribeMessage : request server to subscribe! listener = com.zone.service.multidisplay@1.0::IMultiDisplayListener@Stub, message id = [9001]
AdasAdapter getAiPilotMode: ret = 2000
runAction method:isServiceReady
runAction method:uploadStatusToLLM
SpeechDialogueBusinessManager onUploadLLMData result = 0, Bundle[{key.llm.upload={"request_id":"b9b3f2eca4c3410baaa557e04f1f5b54","request_type":"add","resource_value":[{"id":"adsd_0001","subresource":[{"switch":"关闭"}]}],"vehicle_id":""}}]
runAction method:isServiceReady
runAction method:uploadStatusToLLM
SpeechDialogueBusinessManager onUploadLLMData result = 0, Bundle[{key.llm.upload={"request_id":"feee028816604a7c820d1ba5330394ed","request_type":"add","resource_value":[{"id":"adsd_0002","subresource":[{"switch":"打开"}]}],"vehicle_id":""}}]
runAction method:isServiceReady
runAction method:uploadStatusToLLM
SpeechDialogueBusinessManager onUploadLLMData result = 0, Bundle[{key.llm.upload={"request_id":"0497f9aae1b54716aee8219b447c3d1c","request_type":"add","resource_value":[{"id":"adsd_0007","subresource":[{"switch":"打开"}]}],"vehicle_id":""}}]
AdasAdapter getNoaStatus: ret = 2000
runAction method:isServiceReady
runAction method:uploadStatusToLLM
SpeechDialogueBusinessManager onUploadLLMData result = 0, Bundle[{key.llm.upload={"request_id":"8d95ecdaa541446b8e83e16038580cb8","request_type":"add","resource_value":[{"id":"adsd_0003","subresource":[{"switch":"关闭"}]}],"vehicle_id":""}}]
AdasAdapter getLaneChangeCfmStatus: ret = 2000
runAction method:isServiceReady
runAction method:uploadStatusToLLM
SpeechDialogueBusinessManager onUploadLLMData result = 0, Bundle[{key.llm.upload={"request_id":"6262cbf6d10b471d9edf1e87467a67e1","request_type":"add","resource_value":[{"id":"adsd_0004","subresource":[{"switch":"打开"}]}],"vehicle_id":""}}]
AdasAdapter getAiPilotAudStatus: ret = 2000
runAction method:isServiceReady
runAction method:uploadStatusToLLM
SpeechDialogueBusinessManager onUploadLLMData result = 0, Bundle[{key.llm.upload={"request_id":"7d02fa5ffcf84268b8e96f8e6aa94f47","request_type":"add","resource_value":[{"id":"adsd_0005","subresource":[{"switch":"打开"}]}],"vehicle_id":""}}]
AdasAdapter getNopCityStatus: ret = 2000
runAction method:isServiceReady
runAction method:uploadStatusToLLM
SpeechDialogueBusinessManager onUploadLLMData result = 0, Bundle[{key.llm.upload={"request_id":"787825e448264bfbba1ec1ba19c06c35","request_type":"add","resource_value":[{"id":"adsd_0006","subresource":[{"switch":"关闭"}]}],"vehicle_id":""}}]
AdasAdapter getPilotDriveMode: ret = 3000009
runAction method:isServiceReady
runAction method:uploadStatusToLLM
SpeechDialogueBusinessManager onUploadLLMData result = 0, Bundle[{key.llm.upload={"request_id":"847d0c8e9d904825bebb8a994dc8b8bf","request_type":"add","resource_value":[{"id":"adsd_0009","subresource":[{"switch":""}]}],"vehicle_id":""}}]
AdasAdapter getTrfcLightStatus: ret = 2000
runAction method:isServiceReady
runAction method:uploadStatusToLLM
SpeechDialogueBusinessManager onUploadLLMData result = 0, Bundle[{key.llm.upload={"request_id":"4991025f422b4c7e8ce7218a41cb5842","request_type":"add","resource_value":[{"id":"adsd_0010","subresource":[{"switch":"关闭"}]}],"vehicle_id":""}}]
runAction method:isServiceReady
runAction method:uploadStatusToLLM
SpeechDialogueBusinessManager onUploadLLMData result = 0, Bundle[{key.llm.upload={"request_id":"614faa43d46d4af49aa27a668dd37553","request_type":"add","resource_value":[{"id":"SYSTEM_CONTROL_0001","subresource":[{"switch":"简洁"}]}],"vehicle_id":""}}]
AdasAdapter getSpeedRegulationMode: ret = 3000012
AdasAdapter getSpeedRegulationInfo: ret = 3000012
AdasAdapter getSpdLmtAlertStatus: ret = 3000009
runAction method:isServiceReady
runAction method:uploadStatusToLLM
SpeechDialogueBusinessManager onUploadLLMData result = 0, Bundle[{key.llm.upload={"request_id":"202012556dfe400f86b9f4272c06d059","request_type":"add","resource_value":[{"id":"adsd_0014","subresource":[{"switch":"关闭"}]}],"vehicle_id":""}}]
AdasAdapter getFcwStatus: ret = 2000
runAction method:isServiceReady
runAction method:uploadStatusToLLM
SpeechDialogueBusinessManager onUploadLLMData result = 0, Bundle[{key.llm.upload={"request_id":"1c6c730124e940b395e182a9757a094a","request_type":"add","resource_value":[{"id":"adsd_0015","subresource":[{"switch":"关闭"}]}],"vehicle_id":""}}]
AdasAdapter getFcwSensitiveLvl: ret = 2000
runAction method:isServiceReady
runAction method:uploadStatusToLLM
SpeechDialogueBusinessManager onUploadLLMData result = 0, Bundle[{key.llm.upload={"request_id":"e36703e8617443569241491f652ae515","request_type":"add","resource_value":[{"id":"adsd_0016","subresource":[{"switch":""}]}],"vehicle_id":""}}]
AdasAdapter getAebStatus: ret = 2000
runAction method:isServiceReady
runAction method:uploadStatusToLLM
SpeechDialogueBusinessManager onUploadLLMData result = 0, Bundle[{key.llm.upload={"request_id":"10a9f61af8f6435ca67d6bd0146a35b0","request_type":"add","resource_value":[{"id":"adsd_0017","subresource":[{"switch":"打开"}]}],"vehicle_id":""}}]
AdasAdapter getRdaStatus: ret = 2000
runAction method:isServiceReady
runAction method:uploadStatusToLLM
SpeechDialogueBusinessManager onUploadLLMData result = 0, Bundle[{key.llm.upload={"request_id":"9f4ad7620f7046f2a8c836dacd17cb33","request_type":"add","resource_value":[{"id":"adsd_0018","subresource":[{"switch":"打开"}]}],"vehicle_id":""}}]
AdasAdapter getBsdSelStatus: ret = 2000
runAction method:isServiceReady
runAction method:uploadStatusToLLM
SpeechDialogueBusinessManager onUploadLLMData result = 0, Bundle[{key.llm.upload={"request_id":"44cb8e761dd04fc0916a5df0b1aedc1d","request_type":"add","resource_value":[{"id":"adsd_0019","subresource":[{"switch":"打开"}]}],"vehicle_id":""}}]
AdasAdapter getRctSysStatus: ret = 2000
runAction method:isServiceReady
runAction method:uploadStatusToLLM
SpeechDialogueBusinessManager onUploadLLMData result = 0, Bundle[{key.llm.upload={"request_id":"7e0cca1e423445a0a731e787b80e2634","request_type":"add","resource_value":[{"id":"adsd_0020","subresource":[{"switch":"警示"}]}],"vehicle_id":""}}]
AdasAdapter getDoorOpenSelStatus: ret = 2000
runAction method:isServiceReady
runAction method:uploadStatusToLLM
SpeechDialogueBusinessManager onUploadLLMData result = 0, Bundle[{key.llm.upload={"request_id":"5923b0820f054722aae8dd8564788de3","request_type":"add","resource_value":[{"id":"adsd_0021","subresource":[{"switch":"打开"}]}],"vehicle_id":""}}]
AdasAdapter getLdwLKaStatus: ret = 2000
runAction method:isServiceReady
runAction method:uploadStatusToLLM
SpeechDialogueBusinessManager onUploadLLMData result = 0, Bundle[{key.llm.upload={"request_id":"4e588db1ec78490d80d0f8d834b0054a","request_type":"add","resource_value":[{"id":"adsd_0022","subresource":[{"switch":"关闭"}]}],"vehicle_id":""}}]
AdasAdapter getLdwSensitiveLvl: ret = 2000
runAction method:isServiceReady
runAction method:uploadStatusToLLM
SpeechDialogueBusinessManager onUploadLLMData result = 0, Bundle[{key.llm.upload={"request_id":"c7b495c927d94dacb53e1708561972c3","request_type":"add","resource_value":[{"id":"adsd_0023","subresource":[{"switch":"中"}]}],"vehicle_id":""}}]
AdasAdapter getLdwWarningMode: ret = 2000
runAction method:isServiceReady
runAction method:uploadStatusToLLM
SpeechDialogueBusinessManager onUploadLLMData result = 0, Bundle[{key.llm.upload={"request_id":"46b515a74c274b999469d36fee1ff215","request_type":"add","resource_value":[{"id":"adsd_0024","subresource":[{"switch":"声音+振动"}]}],"vehicle_id":""}}]
AdasAdapter getElkStatus: ret = 2000
runAction method:isServiceReady
runAction method:uploadStatusToLLM
SpeechDialogueBusinessManager onUploadLLMData result = 0, Bundle[{key.llm.upload={"request_id":"9227e4dee2274694b60d981dfadcc7f2","request_type":"add","resource_value":[{"id":"adsd_0025","subresource":[{"switch":"打开"}]}],"vehicle_id":""}}]
addCallback---before---->manager = class com.zone.api.vehicle.internal.ads.AdsManager callback=com.zone.service.speech.executor.vehiclecontrol.adas.AdasBusiness$AdsCallback@e84891a flags = [21, 179, 182, 183, 22, 180, 184, 186, 187, 45, 27, 46, 170, 31, 34, 35, 188, 189]
printFlagMap------->mFlagMap.size() = 0
addCallback---after---->manager = class com.zone.api.vehicle.internal.ads.AdsManager callback=com.zone.service.speech.executor.vehiclecontrol.adas.AdasBusiness$AdsCallback@e84891a RegisterflagList = [21, 179, 182, 183, 22, 180, 184, 186, 187, 45, 27, 46, 170, 31, 34, 35, 188, 189]
printFlagMap------->mFlagMap.size() = 18
printFlagMap------->index:0 key:21 value:[com.zone.service.speech.executor.vehiclecontrol.adas.AdasBusiness$AdsCallback@e84891a]
printFlagMap------->index:1 key:22 value:[com.zone.service.speech.executor.vehiclecontrol.adas.AdasBusiness$AdsCallback@e84891a]
printFlagMap------->index:2 key:27 value:[com.zone.service.speech.executor.vehiclecontrol.adas.AdasBusiness$AdsCallback@e84891a]
printFlagMap------->index:3 key:31 value:[com.zone.service.speech.executor.vehiclecontrol.adas.AdasBusiness$AdsCallback@e84891a]
printFlagMap------->index:4 key:34 value:[com.zone.service.speech.executor.vehiclecontrol.adas.AdasBusiness$AdsCallback@e84891a]
printFlagMap------->index:5 key:35 value:[com.zone.service.speech.executor.vehiclecontrol.adas.AdasBusiness$AdsCallback@e84891a]
printFlagMap------->index:6 key:45 value:[com.zone.service.speech.executor.vehiclecontrol.adas.AdasBusiness$AdsCallback@e84891a]
printFlagMap------->index:7 key:46 value:[com.zone.service.speech.executor.vehiclecontrol.adas.AdasBusiness$AdsCallback@e84891a]
printFlagMap------->index:8 key:170 value:[com.zone.service.speech.executor.vehiclecontrol.adas.AdasBusiness$AdsCallback@e84891a]
printFlagMap------->index:9 key:179 value:[com.zone.service.speech.executor.vehiclecontrol.adas.AdasBusiness$AdsCallback@e84891a]
printFlagMap------->index:10 key:180 value:[com.zone.service.speech.executor.vehiclecontrol.adas.AdasBusiness$AdsCallback@e84891a]
printFlagMap------->index:11 key:182 value:[com.zone.service.speech.executor.vehiclecontrol.adas.AdasBusiness$AdsCallback@e84891a]
printFlagMap------->index:12 key:183 value:[com.zone.service.speech.executor.vehiclecontrol.adas.AdasBusiness$AdsCallback@e84891a]
printFlagMap------->index:13 key:184 value:[com.zone.service.speech.executor.vehiclecontrol.adas.AdasBusiness$AdsCallback@e84891a]
printFlagMap------->index:14 key:186 value:[com.zone.service.speech.executor.vehiclecontrol.adas.AdasBusiness$AdsCallback@e84891a]
printFlagMap------->index:15 key:187 value:[com.zone.service.speech.executor.vehiclecontrol.adas.AdasBusiness$AdsCallback@e84891a]
printFlagMap------->index:16 key:188 value:[com.zone.service.speech.executor.vehiclecontrol.adas.AdasBusiness$AdsCallback@e84891a]
printFlagMap------->index:17 key:189 value:[com.zone.service.speech.executor.vehiclecontrol.adas.AdasBusiness$AdsCallback@e84891a]
RegisterDataChangeListener-------->manager = class com.zone.api.vehicle.internal.ads.AdsManager RegisterflagList = [NOP_SW_ST, AIPILOT, AIPILOT_LC_CONFIRM_SW, AIPILOT_AUDIO_SW, NOP_CITY_SW_ST, AIPILOT_MODE, AIPILOT_TLF_SWITCH, SPD_REGULATION_MODE, SPD_REGULATION_INFO, FCW, FCW_SNSTV_LVL, AEB, ADAS_RDA_MODE, BSD_SEL_STS, LDWLKA, LDW_SNSTVT_LVL, LDW_WRNNG_MODE, ADAS_RDA_SYS_STATE]
registerValueChangedListener, mKeyAndListenerMap:{Account_Voice_SeatBackRight=[com.zone.service.speech.dialogue.setting.SpeechSettingRepository$1@2b6e352], Account_Voice_SwitchWakeUp=[com.zone.service.speech.dialogue.setting.SpeechSettingRepository$1@2b6e352], Account_Voice_SwitchNoWakeUp=[com.zone.service.speech.dialogue.setting.SpeechSettingRepository$1@2b6e352], Account_Voice_CustomWordsName=[com.zone.service.speech.dialogue.setting.SpeechSettingRepository$1@2b6e352], Account_Voice_SeatFrontRight=[com.zone.service.speech.dialogue.setting.SpeechSettingRepository$1@2b6e352], Account_Voice_TTS_PlayMode=[com.zone.service.speech.dialogue.setting.SpeechSettingRepository$1@2b6e352], Account_Voice_SeatBackLeft=[com.zone.service.speech.dialogue.setting.SpeechSettingRepository$1@2b6e352], Private_DataManager_db_Current_Account=[com.zone.service.speech.dialogue.setting.SpeechSettingRepository$1@2b6e352], Account_Voice_SwitchOneShot=[com.zone.service.speech.dialogue.setting.SpeechSettingRepository$1@2b6e352], Account_Voice_DelayListening=[com.zone.service.speech.dialogue.setting.SpeechSettingRepository$1@2b6e352], Account_Voice_SwitchWakeFree=[com.zone.service.speech.dialogue.setting.SpeechSettingRepository$1@2b6e352], Account_Voice_Use_SalutionName=[com.zone.service.speech.dialogue.setting.SpeechSettingRepository$1@2b6e352], Account_Voice_SalutionName=[com.zone.service.speech.dialogue.setting.SpeechSettingRepository$1@2b6e352], Account_Voice_SwitchLongTermMemory=[com.zone.service.speech.dialogue.setting.SpeechSettingRepository$1@2b6e352], Account_RPilot_Voice_Report_Style=[com.zone.service.speech.executor.vehiclecontrol.adas.AdasBusiness$3@4507c4b]}
registerValueChangedListener, keys:[Account_Voice_SeatBackRight, Account_Voice_SwitchWakeUp, Account_Voice_SwitchNoWakeUp, Account_Voice_CustomWordsName, Account_Voice_SeatFrontRight, Account_Voice_TTS_PlayMode, Account_Voice_SeatBackLeft, Private_DataManager_db_Current_Account, Account_Voice_SwitchOneShot, Account_Voice_DelayListening, Account_Voice_SwitchWakeFree, Account_Voice_Use_SalutionName, Account_Voice_SalutionName, Account_Voice_SwitchLongTermMemory, Account_RPilot_Voice_Report_Style]
AdasAdapter getAiPilotMode: ret = 2000
runAction method:isServiceReady
runAction method:uploadStatusToLLM
SpeechDialogueBusinessManager onUploadLLMData result = 0, Bundle[{key.llm.upload={"request_id":"7b24772924c844b6935b98219a2b91ef","request_type":"add","resource_value":[{"id":"adsd_0001","subresource":[{"switch":"关闭"}]}],"vehicle_id":""}}]
runAction method:isServiceReady
runAction method:uploadStatusToLLM
SpeechDialogueBusinessManager onUploadLLMData result = 0, Bundle[{key.llm.upload={"request_id":"b1939d5f497b4a5b912910c18c2f0751","request_type":"add","resource_value":[{"id":"adsd_0002","subresource":[{"switch":"打开"}]}],"vehicle_id":""}}]
runAction method:isServiceReady
runAction method:uploadStatusToLLM
SpeechDialogueBusinessManager onUploadLLMData result = 0, Bundle[{key.llm.upload={"request_id":"4e4a78d0877d4f9983141edaebeb8cb5","request_type":"add","resource_value":[{"id":"adsd_0007","subresource":[{"switch":"打开"}]}],"vehicle_id":""}}]
AdasAdapter getNoaStatus: ret = 2000
runAction method:isServiceReady
runAction method:uploadStatusToLLM
SpeechDialogueBusinessManager onUploadLLMData result = 0, Bundle[{key.llm.upload={"request_id":"aab1c8f3f1c540ec80a4938dead0773b","request_type":"add","resource_value":[{"id":"adsd_0003","subresource":[{"switch":"关闭"}]}],"vehicle_id":""}}]
AdasAdapter getLaneChangeCfmStatus: ret = 2000
runAction method:isServiceReady
runAction method:uploadStatusToLLM
SpeechDialogueBusinessManager onUploadLLMData result = 0, Bundle[{key.llm.upload={"request_id":"13bd497573ad4905acbdb82b5ab9509e","request_type":"add","resource_value":[{"id":"adsd_0004","subresource":[{"switch":"打开"}]}],"vehicle_id":""}}]
AdasAdapter getAiPilotAudStatus: ret = 2000
runAction method:isServiceReady
runAction method:uploadStatusToLLM
SpeechDialogueBusinessManager onUploadLLMData result = 0, Bundle[{key.llm.upload={"request_id":"4ab469bda30c46eaa55b4c2daf7174a8","request_type":"add","resource_value":[{"id":"adsd_0005","subresource":[{"switch":"打开"}]}],"vehicle_id":""}}]
AdasAdapter getNopCityStatus: ret = 2000
runAction method:isServiceReady
runAction method:uploadStatusToLLM
SpeechDialogueBusinessManager onUploadLLMData result = 0, Bundle[{key.llm.upload={"request_id":"53b7ac9c618c4b0b9612b8dfad6b52b5","request_type":"add","resource_value":[{"id":"adsd_0006","subresource":[{"switch":"关闭"}]}],"vehicle_id":""}}]
AdasAdapter getPilotDriveMode: ret = 3000009
runAction method:isServiceReady
runAction method:uploadStatusToLLM
SpeechDialogueBusinessManager onUploadLLMData result = 0, Bundle[{key.llm.upload={"request_id":"a1664b73b70c475f808b52035c2e1fbf","request_type":"add","resource_value":[{"id":"adsd_0009","subresource":[{"switch":""}]}],"vehicle_id":""}}]
AdasAdapter getTrfcLightStatus: ret = 2000
runAction method:isServiceReady
runAction method:uploadStatusToLLM
SpeechDialogueBusinessManager onUploadLLMData result = 0, Bundle[{key.llm.upload={"request_id":"f28a92e93392409a8af1bb36fae0bfa8","request_type":"add","resource_value":[{"id":"adsd_0010","subresource":[{"switch":"关闭"}]}],"vehicle_id":""}}]
runAction method:isServiceReady
runAction method:uploadStatusToLLM
SpeechDialogueBusinessManager onUploadLLMData result = 0, Bundle[{key.llm.upload={"request_id":"b28b890f1b3246a0b0861a70b09ef58e","request_type":"add","resource_value":[{"id":"SYSTEM_CONTROL_0001","subresource":[{"switch":"简洁"}]}],"vehicle_id":""}}]
AdasAdapter getSpeedRegulationMode: ret = 3000012
AdasAdapter getSpeedRegulationInfo: ret = 3000012
AdasAdapter getSpdLmtAlertStatus: ret = 3000009
runAction method:isServiceReady
runAction method:uploadStatusToLLM
SpeechDialogueBusinessManager onUploadLLMData result = 0, Bundle[{key.llm.upload={"request_id":"32fd02919b864f64880e6db6a8d02927","request_type":"add","resource_value":[{"id":"adsd_0014","subresource":[{"switch":"关闭"}]}],"vehicle_id":""}}]
AdasAdapter getFcwStatus: ret = 2000
runAction method:isServiceReady
runAction method:uploadStatusToLLM
SpeechDialogueBusinessManager onUploadLLMData result = 0, Bundle[{key.llm.upload={"request_id":"333984a056f24b70a7b854060f3f4f76","request_type":"add","resource_value":[{"id":"adsd_0015","subresource":[{"switch":"关闭"}]}],"vehicle_id":""}}]
AdasAdapter getFcwSensitiveLvl: ret = 2000
runAction method:isServiceReady
runAction method:uploadStatusToLLM
SpeechDialogueBusinessManager onUploadLLMData result = 0, Bundle[{key.llm.upload={"request_id":"293e08c5add94be18fa317179107f580","request_type":"add","resource_value":[{"id":"adsd_0016","subresource":[{"switch":""}]}],"vehicle_id":""}}]
AdasAdapter getAebStatus: ret = 2000
runAction method:isServiceReady
runAction method:uploadStatusToLLM
SpeechDialogueBusinessManager onUploadLLMData result = 0, Bundle[{key.llm.upload={"request_id":"bb34e20c546c464099d07ba8d0ce5350","request_type":"add","resource_value":[{"id":"adsd_0017","subresource":[{"switch":"打开"}]}],"vehicle_id":""}}]
AdasAdapter getRdaStatus: ret = 2000
runAction method:isServiceReady
runAction method:uploadStatusToLLM
SpeechDialogueBusinessManager onUploadLLMData result = 0, Bundle[{key.llm.upload={"request_id":"ff9802b7f3e446b7b5e6d81ac90dee2d","request_type":"add","resource_value":[{"id":"adsd_0018","subresource":[{"switch":"打开"}]}],"vehicle_id":""}}]
AdasAdapter getBsdSelStatus: ret = 2000
runAction method:isServiceReady
runAction method:uploadStatusToLLM
SpeechDialogueBusinessManager onUploadLLMData result = 0, Bundle[{key.llm.upload={"request_id":"1405d523133b4636a9280c1888746e79","request_type":"add","resource_value":[{"id":"adsd_0019","subresource":[{"switch":"打开"}]}],"vehicle_id":""}}]
AdasAdapter getRctSysStatus: ret = 2000
runAction method:isServiceReady
runAction method:uploadStatusToLLM
SpeechDialogueBusinessManager onUploadLLMData result = 0, Bundle[{key.llm.upload={"request_id":"122618e46a0744f9b028780e0d610323","request_type":"add","resource_value":[{"id":"adsd_0020","subresource":[{"switch":"警示"}]}],"vehicle_id":""}}]
AdasAdapter getDoorOpenSelStatus: ret = 2000
runAction method:isServiceReady
runAction method:uploadStatusToLLM
SpeechDialogueBusinessManager onUploadLLMData result = 0, Bundle[{key.llm.upload={"request_id":"5ae606b0c6d946c18a9ed4f692b4b963","request_type":"add","resource_value":[{"id":"adsd_0021","subresource":[{"switch":"打开"}]}],"vehicle_id":""}}]
AdasAdapter getLdwLKaStatus: ret = 2000
runAction method:isServiceReady
runAction method:uploadStatusToLLM
SpeechDialogueBusinessManager onUploadLLMData result = 0, Bundle[{key.llm.upload={"request_id":"7b9eda4cef7a457abd46dc683b525853","request_type":"add","resource_value":[{"id":"adsd_0022","subresource":[{"switch":"关闭"}]}],"vehicle_id":""}}]
AdasAdapter getLdwSensitiveLvl: ret = 2000
runAction method:isServiceReady
runAction method:uploadStatusToLLM
SpeechDialogueBusinessManager onUploadLLMData result = 0, Bundle[{key.llm.upload={"request_id":"cf3c8ebff0a649d3b9201f0f5720adbf","request_type":"add","resource_value":[{"id":"adsd_0023","subresource":[{"switch":"中"}]}],"vehicle_id":""}}]
AdasAdapter getLdwWarningMode: ret = 2000
runAction method:isServiceReady
runAction method:uploadStatusToLLM
SpeechDialogueBusinessManager onUploadLLMData result = 0, Bundle[{key.llm.upload={"request_id":"4c5a0c0cc3014c3a9921afdb197bb645","request_type":"add","resource_value":[{"id":"adsd_0024","subresource":[{"switch":"声音+振动"}]}],"vehicle_id":""}}]
AdasAdapter getElkStatus: ret = 2000
runAction method:isServiceReady
runAction method:uploadStatusToLLM
SpeechDialogueBusinessManager onUploadLLMData result = 0, Bundle[{key.llm.upload={"request_id":"0b0ed32793644299bb7bbd63897decf1","request_type":"add","resource_value":[{"id":"adsd_0025","subresource":[{"switch":"打开"}]}],"vehicle_id":""}}]
addCallback---before---->manager = class com.zone.api.vehicle.internal.ads.AdsManager callback=com.zone.service.speech.executor.vehiclecontrol.adas.AdasBusiness$AdsCallback@925f628 flags = [21, 179, 182, 183, 22, 180, 184, 186, 187, 45, 27, 46, 170, 31, 34, 35, 188, 189]
printFlagMap------->mFlagMap.size() = 18
printFlagMap------->index:0 key:21 value:[com.zone.service.speech.executor.vehiclecontrol.adas.AdasBusiness$AdsCallback@e84891a]
printFlagMap------->index:1 key:22 value:[com.zone.service.speech.executor.vehiclecontrol.adas.AdasBusiness$AdsCallback@e84891a]
printFlagMap------->index:2 key:27 value:[com.zone.service.speech.executor.vehiclecontrol.adas.AdasBusiness$AdsCallback@e84891a]
printFlagMap------->index:3 key:31 value:[com.zone.service.speech.executor.vehiclecontrol.adas.AdasBusiness$AdsCallback@e84891a]
printFlagMap------->index:4 key:34 value:[com.zone.service.speech.executor.vehiclecontrol.adas.AdasBusiness$AdsCallback@e84891a]
printFlagMap------->index:5 key:35 value:[com.zone.service.speech.executor.vehiclecontrol.adas.AdasBusiness$AdsCallback@e84891a]
printFlagMap------->index:6 key:45 value:[com.zone.service.speech.executor.vehiclecontrol.adas.AdasBusiness$AdsCallback@e84891a]
printFlagMap------->index:7 key:46 value:[com.zone.service.speech.executor.vehiclecontrol.adas.AdasBusiness$AdsCallback@e84891a]
printFlagMap------->index:8 key:170 value:[com.zone.service.speech.executor.vehiclecontrol.adas.AdasBusiness$AdsCallback@e84891a]
printFlagMap------->index:9 key:179 value:[com.zone.service.speech.executor.vehiclecontrol.adas.AdasBusiness$AdsCallback@e84891a]
printFlagMap------->index:10 key:180 value:[com.zone.service.speech.executor.vehiclecontrol.adas.AdasBusiness$AdsCallback@e84891a]
printFlagMap------->index:11 key:182 value:[com.zone.service.speech.executor.vehiclecontrol.adas.AdasBusiness$AdsCallback@e84891a]
printFlagMap------->index:12 key:183 value:[com.zone.service.speech.executor.vehiclecontrol.adas.AdasBusiness$AdsCallback@e84891a]
printFlagMap------->index:13 key:184 value:[com.zone.service.speech.executor.vehiclecontrol.adas.AdasBusiness$AdsCallback@e84891a]
printFlagMap------->index:14 key:186 value:[com.zone.service.speech.executor.vehiclecontrol.adas.AdasBusiness$AdsCallback@e84891a]
printFlagMap------->index:15 key:187 value:[com.zone.service.speech.executor.vehiclecontrol.adas.AdasBusiness$AdsCallback@e84891a]
printFlagMap------->index:16 key:188 value:[com.zone.service.speech.executor.vehiclecontrol.adas.AdasBusiness$AdsCallback@e84891a]
printFlagMap------->index:17 key:189 value:[com.zone.service.speech.executor.vehiclecontrol.adas.AdasBusiness$AdsCallback@e84891a]
addCallback---after---->manager = class com.zone.api.vehicle.internal.ads.AdsManager callback=com.zone.service.speech.executor.vehiclecontrol.adas.AdasBusiness$AdsCallback@925f628 RegisterflagList = []
printFlagMap------->mFlagMap.size() = 18
printFlagMap------->index:0 key:21 value:[com.zone.service.speech.executor.vehiclecontrol.adas.AdasBusiness$AdsCallback@e84891a, com.zone.service.speech.executor.vehiclecontrol.adas.AdasBusiness$AdsCallback@925f628]
printFlagMap------->index:1 key:22 value:[com.zone.service.speech.executor.vehiclecontrol.adas.AdasBusiness$AdsCallback@e84891a, com.zone.service.speech.executor.vehiclecontrol.adas.AdasBusiness$AdsCallback@925f628]
printFlagMap------->index:2 key:27 value:[com.zone.service.speech.executor.vehiclecontrol.adas.AdasBusiness$AdsCallback@e84891a, com.zone.service.speech.executor.vehiclecontrol.adas.AdasBusiness$AdsCallback@925f628]
printFlagMap------->index:3 key:31 value:[com.zone.service.speech.executor.vehiclecontrol.adas.AdasBusiness$AdsCallback@e84891a, com.zone.service.speech.executor.vehiclecontrol.adas.AdasBusiness$AdsCallback@925f628]
printFlagMap------->index:4 key:34 value:[com.zone.service.speech.executor.vehiclecontrol.adas.AdasBusiness$AdsCallback@e84891a, com.zone.service.speech.executor.vehiclecontrol.adas.AdasBusiness$AdsCallback@925f628]
printFlagMap------->index:5 key:35 value:[com.zone.service.speech.executor.vehiclecontrol.adas.AdasBusiness$AdsCallback@e84891a, com.zone.service.speech.executor.vehiclecontrol.adas.AdasBusiness$AdsCallback@925f628]
printFlagMap------->index:6 key:45 value:[com.zone.service.speech.executor.vehiclecontrol.adas.AdasBusiness$AdsCallback@e84891a, com.zone.service.speech.executor.vehiclecontrol.adas.AdasBusiness$AdsCallback@925f628]
printFlagMap------->index:7 key:46 value:[com.zone.service.speech.executor.vehiclecontrol.adas.AdasBusiness$AdsCallback@e84891a, com.zone.service.speech.executor.vehiclecontrol.adas.AdasBusiness$AdsCallback@925f628]
printFlagMap------->index:8 key:170 value:[com.zone.service.speech.executor.vehiclecontrol.adas.AdasBusiness$AdsCallback@e84891a, com.zone.service.speech.executor.vehiclecontrol.adas.AdasBusiness$AdsCallback@925f628]
printFlagMap------->index:9 key:179 value:[com.zone.service.speech.executor.vehiclecontrol.adas.AdasBusiness$AdsCallback@e84891a, com.zone.service.speech.executor.vehiclecontrol.adas.AdasBusiness$AdsCallback@925f628]
printFlagMap------->index:10 key:180 value:[com.zone.service.speech.executor.vehiclecontrol.adas.AdasBusiness$AdsCallback@e84891a, com.zone.service.speech.executor.vehiclecontrol.adas.AdasBusiness$AdsCallback@925f628]
printFlagMap------->index:11 key:182 value:[com.zone.service.speech.executor.vehiclecontrol.adas.AdasBusiness$AdsCallback@e84891a, com.zone.service.speech.executor.vehiclecontrol.adas.AdasBusiness$AdsCallback@925f628]
printFlagMap------->index:12 key:183 value:[com.zone.service.speech.executor.vehiclecontrol.adas.AdasBusiness$AdsCallback@e84891a, com.zone.service.speech.executor.vehiclecontrol.adas.AdasBusiness$AdsCallback@925f628]
printFlagMap------->index:13 key:184 value:[com.zone.service.speech.executor.vehiclecontrol.adas.AdasBusiness$AdsCallback@e84891a, com.zone.service.speech.executor.vehiclecontrol.adas.AdasBusiness$AdsCallback@925f628]
printFlagMap------->index:14 key:186 value:[com.zone.service.speech.executor.vehiclecontrol.adas.AdasBusiness$AdsCallback@e84891a, com.zone.service.speech.executor.vehiclecontrol.adas.AdasBusiness$AdsCallback@925f628]
printFlagMap------->index:15 key:187 value:[com.zone.service.speech.executor.vehiclecontrol.adas.AdasBusiness$AdsCallback@e84891a, com.zone.service.speech.executor.vehiclecontrol.adas.AdasBusiness$AdsCallback@925f628]
printFlagMap------->index:16 key:188 value:[com.zone.service.speech.executor.vehiclecontrol.adas.AdasBusiness$AdsCallback@e84891a, com.zone.service.speech.executor.vehiclecontrol.adas.AdasBusiness$AdsCallback@925f628]
printFlagMap------->index:17 key:189 value:[com.zone.service.speech.executor.vehiclecontrol.adas.AdasBusiness$AdsCallback@e84891a, com.zone.service.speech.executor.vehiclecontrol.adas.AdasBusiness$AdsCallback@925f628]
registerValueChangedListener, mKeyAndListenerMap:{Account_Voice_SeatBackRight=[com.zone.service.speech.dialogue.setting.SpeechSettingRepository$1@2b6e352], Account_Voice_SwitchWakeUp=[com.zone.service.speech.dialogue.setting.SpeechSettingRepository$1@2b6e352], Account_Voice_SwitchNoWakeUp=[com.zone.service.speech.dialogue.setting.SpeechSettingRepository$1@2b6e352], Account_Voice_CustomWordsName=[com.zone.service.speech.dialogue.setting.SpeechSettingRepository$1@2b6e352], Account_Voice_SeatFrontRight=[com.zone.service.speech.dialogue.setting.SpeechSettingRepository$1@2b6e352], Account_Voice_TTS_PlayMode=[com.zone.service.speech.dialogue.setting.SpeechSettingRepository$1@2b6e352], Account_Voice_SeatBackLeft=[com.zone.service.speech.dialogue.setting.SpeechSettingRepository$1@2b6e352], Private_DataManager_db_Current_Account=[com.zone.service.speech.dialogue.setting.SpeechSettingRepository$1@2b6e352], Account_Voice_SwitchOneShot=[com.zone.service.speech.dialogue.setting.SpeechSettingRepository$1@2b6e352], Account_Voice_DelayListening=[com.zone.service.speech.dialogue.setting.SpeechSettingRepository$1@2b6e352], Account_Voice_SwitchWakeFree=[com.zone.service.speech.dialogue.setting.SpeechSettingRepository$1@2b6e352], Account_Voice_Use_SalutionName=[com.zone.service.speech.dialogue.setting.SpeechSettingRepository$1@2b6e352], Account_Voice_SalutionName=[com.zone.service.speech.dialogue.setting.SpeechSettingRepository$1@2b6e352], Account_Voice_SwitchLongTermMemory=[com.zone.service.speech.dialogue.setting.SpeechSettingRepository$1@2b6e352], Account_RPilot_Voice_Report_Style=[com.zone.service.speech.executor.vehiclecontrol.adas.AdasBusiness$3@4507c4b, com.zone.service.speech.executor.vehiclecontrol.adas.AdasBusiness$3@11a2f41]}
registerValueChangedListener, keys:[Account_Voice_SeatBackRight, Account_Voice_SwitchWakeUp, Account_Voice_SwitchNoWakeUp, Account_Voice_CustomWordsName, Account_Voice_SeatFrontRight, Account_Voice_TTS_PlayMode, Account_Voice_SeatBackLeft, Private_DataManager_db_Current_Account, Account_Voice_SwitchOneShot, Account_Voice_DelayListening, Account_Voice_SwitchWakeFree, Account_Voice_Use_SalutionName, Account_Voice_SalutionName, Account_Voice_SwitchLongTermMemory, Account_RPilot_Voice_Report_Style]
TtsPromptPlaybackManager init
VehicleAccountAdapter registerAccountStatusListener
isServiceReady: true
getCurrentUserId
checkServiceIsReady
getCurrentUserId: null
TtsPromptPlaybackManager setAccountId account = 0
IMateAdapter.setIMateEnable(): IMateAdapter setIMateEnable = true
ThirdPartyControllerAdapter initAppList
Created from parcel: CursorWindow{name=/data/user/10/com.zone.service.ecodomain/databases/CarLink, fd=-1, size=0, inflatedSize=0, allocOffset=0, slotsOffset=0, numRows=0, numColumns=8}
ThirdPartyControllerAdapter list = [] list.size = 0
AppSpeechExecutor upLoadAppList
AppBusinessConfig updateAppNameList()
getVehicleConfig key: VehCfg_SW_DrvrAllappsList
convertToVehicleConfigValue: key[VehCfg_SW_DrvrAllappsList], type[4], result[0], option[]
convertToVehicleConfigValue: valueString[com.zone.hmi.navi,com.zone.hmi.qqmusic,com.zone.hmi.mircrocos,com.zone.hmi.ximalayamusic,com.zone.hmi.usbmusic,com.zone.hmi.btmusic,com.zone.hmi.radio,com.zone.hmi.settings,com.qiyi.video.iv,com.bilibili.bilithings,com.zone.service.projection,com.tencent.karaokecar,com.zone.hmi.ecodomain,com.zone.hmi.carlog,com.zone.hmi.photoalbum,com.zone.service.avmservice,com.zone.hmi.btphone,com.zone.hmi.account,com.zone.hmi.smartscene,com.zone.hmi.appstore,cn.kuwo.kwmusiccar,bubei.tingshu.hd,com.zone.hmi.lightshow,com.zone.hmi.showroom,com.zone.hmi.themecenter,com.zone.hmi.calendar,com.zone.hmi.carlink,com.zone.hmi.usermanual,com.zone.hmi.wiredprojection,com.zone.hmi.carmaintenance,com.ls.safetyseat]
getVehicleConfig key: VehCfg_SW_PsngAllappsList
convertToVehicleConfigValue: key[VehCfg_SW_PsngAllappsList], type[4], result[0], option[]
convertToVehicleConfigValue: valueString[com.zone.hmi.qqmusic,com.zone.hmi.mircrocos,com.zone.hmi.ximalayamusic,com.zone.hmi.usbmusic,com.zone.hmi.btmusic,com.zone.hmi.radio,com.qiyi.video.iv,com.bilibili.bilithings,com.zone.service.projection,com.tencent.karaokecar,com.zone.hmi.ecodomain,com.zone.hmi.carlink,com.zone.hmi.appstore,cn.kuwo.kwmusiccar,bubei.tingshu.hd,com.zone.hmi.carlog,com.zone.hmi.photoalbum,com.zone.hmi.wiredprojection]
AppBusinessConfig drivePackages = [com.zone.hmi.navi, com.zone.hmi.qqmusic, com.zone.hmi.mircrocos, com.zone.hmi.ximalayamusic, com.zone.hmi.usbmusic, com.zone.hmi.btmusic, com.zone.hmi.radio, com.zone.hmi.settings, com.qiyi.video.iv, com.bilibili.bilithings, com.zone.service.projection, com.tencent.karaokecar, com.zone.hmi.ecodomain, com.zone.hmi.carlog, com.zone.hmi.photoalbum, com.zone.service.avmservice, com.zone.hmi.btphone, com.zone.hmi.account, com.zone.hmi.smartscene, com.zone.hmi.appstore, cn.kuwo.kwmusiccar, bubei.tingshu.hd, com.zone.hmi.lightshow, com.zone.hmi.showroom, com.zone.hmi.themecenter, com.zone.hmi.calendar, com.zone.hmi.carlink, com.zone.hmi.usermanual, com.zone.hmi.wiredprojection, com.zone.hmi.carmaintenance, com.ls.safetyseat] copilotPackages = [com.zone.hmi.qqmusic, com.zone.hmi.mircrocos, com.zone.hmi.ximalayamusic, com.zone.hmi.usbmusic, com.zone.hmi.btmusic, com.zone.hmi.radio, com.qiyi.video.iv, com.bilibili.bilithings, com.zone.service.projection, com.tencent.karaokecar, com.zone.hmi.ecodomain, com.zone.hmi.carlink, com.zone.hmi.appstore, cn.kuwo.kwmusiccar, bubei.tingshu.hd, com.zone.hmi.carlog, com.zone.hmi.photoalbum, com.zone.hmi.wiredprojection]
AppBusinessConfig android.content.pm.PackageManager$NameNotFoundException: com.zone.hmi.ximalayamusic
AppBusinessConfig android.content.pm.PackageManager$NameNotFoundException: com.zone.hmi.carlog
AppBusinessConfig android.content.pm.PackageManager$NameNotFoundException: com.zone.hmi.lightshow
AppBusinessConfig android.content.pm.PackageManager$NameNotFoundException: com.zone.hmi.carlink
AppBusinessConfig android.content.pm.PackageManager$NameNotFoundException: com.zone.hmi.ximalayamusic
AppBusinessConfig android.content.pm.PackageManager$NameNotFoundException: com.zone.hmi.carlink
AppBusinessConfig android.content.pm.PackageManager$NameNotFoundException: com.zone.hmi.carlog
AppBusinessConfig mMapAppPackageDrive = {儿童座椅=com.ls.safetyseat, 地图=com.zone.hmi.navi, 蓝牙电话=com.zone.hmi.btphone, 电话=com.zone.hmi.btphone, 自动泊车=com.zone.service.avmservice, 车设=com.zone.hmi.settings, 车辆设置=com.zone.hmi.settings, 懒人听书=bubei.tingshu.hd, 视频投屏=com.zone.service.projection, 日历=com.zone.hmi.calendar, 奥迪泊车辅助=com.zone.service.avmservice, 有线投屏=com.zone.hmi.wiredprojection, 车控=com.zone.hmi.settings, 电台=com.zone.hmi.radio, 酷我音乐=cn.kuwo.kwmusiccar, U盘音乐=com.zone.hmi.usbmusic, B站=com.bilibili.bilithings, 智能泊车=com.zone.service.avmservice, 车辆控制=com.zone.hmi.settings, 相册=com.zone.hmi.photoalbum, 全民K歌=com.tencent.karaokecar, 展车模式=com.zone.hmi.showroom, 设置=com.zone.hmi.settings, K歌=com.tencent.karaokecar, AUDI手机互联=com.zone.hmi.ecodomain, 小宇宙=com.zone.hmi.mircrocos, QQ音乐=com.zone.hmi.qqmusic, 应用商店=com.zone.hmi.appstore, 手机互联=com.zone.hmi.ecodomain, 车控车设=com.zone.hmi.settings, 奥迪互联=com.zone.hmi.ecodomain, 车辆=com.zone.hmi.settings, 哔哩哔哩=com.bilibili.bilithings, audi connect=com.zone.hmi.ecodomain, 爱奇艺=com.qiyi.video.iv, 场景模式=com.zone.hmi.smartscene, 用车手册=com.zone.hmi.usermanual, 用户中心=com.zone.hmi.account, 蓝牙音乐=com.zone.hmi.btmusic, 主题与壁纸=com.zone.hmi.themecenter, 泊车辅助=com.zone.service.avmservice, 维保预约=com.zone.hmi.carmaintenance} mMapAppPackageCopilot = {K歌=com.tencent.karaokecar, AUDI手机互联=com.zone.hmi.ecodomain, 小宇宙=com.zone.hmi.mircrocos, QQ音乐=com.zone.hmi.qqmusic, 应用商店=com.zone.hmi.appstore, 手机互联=com.zone.hmi.ecodomain, 懒人听书=bubei.tingshu.hd, 视频投屏=com.zone.service.projection, 奥迪互联=com.zone.hmi.ecodomain, 有线投屏=com.zone.hmi.wiredprojection, 哔哩哔哩=com.bilibili.bilithings, audi connect=com.zone.hmi.ecodomain, 爱奇艺=com.qiyi.video.iv, 电台=com.zone.hmi.radio, 酷我音乐=cn.kuwo.kwmusiccar, U盘音乐=com.zone.hmi.usbmusic, B站=com.bilibili.bilithings, 相册=com.zone.hmi.photoalbum, 蓝牙音乐=com.zone.hmi.btmusic, 全民K歌=com.tencent.karaokecar}
AppBusinessConfig getAppNameList() list = [儿童座椅, 地图, 蓝牙电话, 电话, 自动泊车, 车设, 车辆设置, 懒人听书, 视频投屏, 日历, 奥迪泊车辅助, 有线投屏, 车控, 电台, 酷我音乐, U盘音乐, B站, 智能泊车, 车辆控制, 相册, 全民K歌, 展车模式, 设置, K歌, AUDI手机互联, 小宇宙, QQ音乐, 应用商店, 手机互联, 车控车设, 奥迪互联, 车辆, 哔哩哔哩, audi connect, 爱奇艺, 场景模式, 用车手册, 用户中心, 蓝牙音乐, 主题与壁纸, 泊车辅助, 维保预约]
getVehicleConfig key: VehCfg_Media_appletEnable
convertToVehicleConfigValue: key[VehCfg_Media_appletEnable], type[1], result[0], option[]
convertToVehicleConfigValue: valueBool[false]
AppSpeechExecutor isAppletCenterExist: isConfig = false
runAction method:isServiceReady
runAction method:uploadCustomizedRecognitionCmds
SpeechDialogueBusinessManager onUploadUserData result = 0
<-- 200 OK https://speech-pre.z-onesoftware.com/speech/resource/checkResourceStatus (455ms)
Date: Thu, 18 Sep 2025 11:30:11 GMT
Content-Type: application/json
Transfer-Encoding: chunked
Connection: keep-alive
Access-Control-Allow-Origin: *
Access-Control-Expose-Headers: traceresponse
Access-Control-Expose-Headers: x-br-response
traceresponse: 00-d1f0458a3f191fe2ba1841f86c46223a-e47631aecb5a49a2-00
Access-Control-Expose-Headers: traceresponse
Access-Control-Expose-Headers: x-br-response
x-br-response: sn=c3BlZWNoLWdhdGV3YXkuYmFzZS5wcmU=,si=1095
X-Kong-Upstream-Latency: 55
X-Kong-Proxy-Latency: 0
X-Frame-Options: SAMEORIGIN
Cache-Control: no-cache
X-Content-Type-Options: nosniff
Strict-Transport-Security: max-age=63072000
x-via: 1.1 PS-HFE-01XYu55:6 (Cdn Cache Server V2.0), 1.1 PS-SHA-01rMa77:5 (Cdn Cache Server V2.0)
x-ws-request-id: 68cbed43_PS-SHA-01rMa77_14959-6126
{"code":200,"message":"成功","result":[],"updateResource":false}
<-- END HTTP (66-byte body)
NetworkLog: <-- 200 OK https://speech-pre.z-onesoftware.com/speech/resource/checkResourceStatus (457ms)
NetworkLog: Date: Thu, 18 Sep 2025 11:30:11 GMT
NetworkLog: Content-Type: application/json
NetworkLog: Transfer-Encoding: chunked
NetworkLog: Connection: keep-alive
NetworkLog: Access-Control-Allow-Origin: *
NetworkLog: Access-Control-Expose-Headers: traceresponse
NetworkLog: Access-Control-Expose-Headers: x-br-response
NetworkLog: traceresponse: 00-d1f0458a3f191fe2ba1841f86c46223a-e47631aecb5a49a2-00
NetworkLog: Access-Control-Expose-Headers: traceresponse
NetworkLog: Access-Control-Expose-Headers: x-br-response
NetworkLog: x-br-response: sn=c3BlZWNoLWdhdGV3YXkuYmFzZS5wcmU=,si=1095
NetworkLog: X-Kong-Upstream-Latency: 55
NetworkLog: X-Kong-Proxy-Latency: 0
NetworkLog: X-Frame-Options: SAMEORIGIN
NetworkLog: Cache-Control: no-cache
NetworkLog: X-Content-Type-Options: nosniff
NetworkLog: Strict-Transport-Security: max-age=63072000
NetworkLog: x-via: 1.1 PS-HFE-01XYu55:6 (Cdn Cache Server V2.0), 1.1 PS-SHA-01rMa77:5 (Cdn Cache Server V2.0)
NetworkLog: x-ws-request-id: 68cbed43_PS-SHA-01rMa77_14959-6126
NetworkLog: 
NetworkLog: {"code":200,"message":"成功","result":[],"updateResource":false}
NetworkLog: <-- END HTTP (66-byte body)
upload assist recognition data:{"grm":[{"dictcontent":[{"name":"儿童座椅"},{"name":"地图"},{"name":"蓝牙电话"},{"name":"电话"},{"name":"自动泊车"},{"name":"车设"},{"name":"车辆设置"},{"name":"懒人听书"},{"name":"视频投屏"},{"name":"日历"},{"name":"奥迪泊车辅助"},{"name":"有线投屏"},{"name":"车控"},{"name":"电台"},{"name":"酷我音乐"},{"name":"U盘音乐"},{"name":"B站"},{"name":"智能泊车"},{"name":"车辆控制"},{"name":"相册"},{"name":"全民K歌"},{"name":"展车模式"},{"name":"设置"},{"name":"K歌"},{"name":"AUDI手机互联"},{"name":"小宇宙"},{"name":"QQ音乐"},{"name":"应用商店"},{"name":"手机互联"},{"name":"车控车设"},{"name":"奥迪互联"},{"name":"车辆"},{"name":"哔哩哔哩"},{"name":"audi connect"},{"name":"爱奇艺"},{"name":"场景模式"},{"name":"用车手册"},{"name":"用户中心"},{"name":"蓝牙音乐"},{"name":"主题与壁纸"},{"name":"泊车辅助"},{"name":"维保预约"}],"dictname":"app"}]}
SemanticCloud fsaVersionResult: okhttp3.ResponseBody$1@fe2953f
SemanticDataManager$1.onSuccess(): SemanticDataManager handleSemanticSource page:  cloudData=fsaVersionResult: 
upload assist recognition data:{"grm":[{"dictcontant":[{"car_status":"{\"request_id\":\"f90c7b217d814b2bb8dc5e39782d6924\",\"request_type\":\"full\",\"resource_value\":[{\"id\":\"51dc7cf6082149c08cb151b08c4bf07f\",\"subresource\":[{\"vehicle_id\":\"pp01_default_vin_code\"}]}],\"vehicle_id\":\"pp01_default_vin_code\"}"}],"dictname":"car_status"}]}
VehicleAccountAdapter registerAccountStatusListener
isVehicleOwnerAccount mAccountManager = com.zone.api.usercenter.AccountHelper@df5465b
isServiceReady: true
Start get the account role
getAccountType
getAccountType
checkServiceIsReady
Get the account role type = 0
SpeechCore Init duration(ms) = 14
[2025-09-18 19:30:11 604][5424484][INF][P0x59f4][T0x5a5c][CAIUIClientMgr.cpp][OnAllEvent][224] OnAllEvent aikitHandle = 0xb400007081e1b350, usrContext = 0xb4000070c158b088, pThis = 0xb4000071716041f0
[2025-09-18 19:30:11 604][5424484][INF][P0x59f4][T0x5a5c][CiatFunc.cpp][OnEvent][267] m_nInstId[1],CAIUIClient::OnEvent | Tag = [IFLYTEK.sceneMode_Scene], eventType: 15
[2025-09-18 19:30:11 605][5424484][INF][P0x59f4][T0x5a5c][CiatFunc.cpp][OnEvent][273] CAIUIClient::OnEvent | key: (null), len: 0, type: -1
[2025-09-18 19:30:11 605][5424484][INF][P0x59f4][T0x5a5d][CAIUIClientMgr.cpp][OnAllOutput][211] OnAllOutput aikitHandle = 0xb400007081e1b350, usrContext = 0xb4000070c158b088, pThis = 0xb4000071716041f0
[2025-09-18 19:30:11 605][5424484][INF][P0x59f4][T0x5a5d][CiatFunc.cpp][OnOutput][215] m_nInstId[1],Tag = [ IFLYTEK.sceneMode_Scene ], len: 81, type: 0, status: 3, result type: [header], resultStr = {
	"code":	0,
	"message":	"success",
	"sid":	"hgw0001f1bd@dx1995c96ced06619802"
}
[2025-09-18 19:30:11 605][5424484][INF][P0x59f4][T0x5a5d][CIssSr.cpp][ProcessIatMsg][2008] m_nInstId[1],ISS_SR_MSG_UpLoadDictToCloudStatus, wParam=0
[2025-09-18 19:30:11 605][5424484][INF][P0x59f4][T0x5a5d][CIssSr.cpp][ProcessIatMsg][2010] DictName: {"code":0,"message":"success","sid":"hgw0001f1bd@dx1995c96ced06619802","tag":"IFLYTEK.sceneMode_Scene"}
.
SpeechEngineAdapter onMSMsgProc_() uMsg = 20002 wParam = 0 iParam = {"code":0,"message":"success","sid":"hgw0001f1bd@dx1995c96ced06619802","tag":"IFLYTEK.sceneMode_Scene"}
 nIndex = 1
[2025-09-18 19:30:11 605][5424485][INF][P0x59f4][T0x5a5d][issmsImpl.cpp][CallBackMsgWithFullLog][544] VAMSImpl::m_pfnMSMsgCallback pUsrArg=0x1956,nSRInstIndex=1,uMsg=20002,wParam=0,lParam={"code":0,"message":"success","sid":"hgw0001f1bd@dx1995c96ced06619802","tag":"IFLYTEK.sceneMode_Scene"}
SpeechEngineAdapter dict take i:2
SystemPropertyUtil getRoBuildServerEnv()
SystemPropertyUtil get property type is: ro.vendor.build.server.env, and value is: QA
SystemPropertyUtil getRoBuildServerEnv()
SystemPropertyUtil get property type is: ro.vendor.build.server.env, and value is: QA
SystemPropertyUtil getRoBuildServerEnv()
SystemPropertyUtil get property type is: ro.vendor.build.server.env, and value is: QA
SpeechEngineAdapter headers = {Origin=https://speech-zone-uat.mos.csvw.com, zone-x-appkey=10ed26a8ba686625926bf237555c68d3, zone-x-cid=pp01_default_vin_code, zone-x-model=normal, zone-x-nonce=446e99293f424707baa2a2ba88c5308d, zone-x-service-SpeechService=45, zone-x-service-XunFeiSDK=102100, zone-x-sign=Z4e9pVFMxAiSiH6X6cqJ6K7CMH7hG+/jaL8GecFNFzw=, zone-x-source=vehicle, zone-x-timestamp=1758195011630, zone-x-v=v1.0}
SpeechEngineAdapter setParam() modeType = 1 param = PersonalAuthInfo paramValue = {"aiui":"&zoneauth=eyJPcmlnaW4iOiJodHRwczovL3NwZWVjaC16b25lLXVhdC5tb3MuY3N2dy5jb20iLCJ6b25lLXgtYXBwa2V5IjoiMTBlZDI2YThiYTY4NjYyNTkyNmJmMjM3NTU1YzY4ZDMiLCJ6b25lLXgtY2lkIjoicHAwMV9kZWZhdWx0X3Zpbl9jb2RlIiwiem9uZS14LW1vZGVsIjoibm9ybWFsIiwiem9uZS14LW5vbmNlIjoiNDQ2ZTk5MjkzZjQyNDcwN2JhYTJhMmJhODhjNTMwOGQiLCJ6b25lLXgtc2VydmljZS1TcGVlY2hTZXJ2aWNlIjoiNDUiLCJ6b25lLXgtc2VydmljZS1YdW5GZWlTREsiOiIxMDIxMDAiLCJ6b25lLXgtc2lnbiI6Ilo0ZTlwVkZNeEFpU2lINlg2Y3FKNks3Q01IN2hHKy9qYUw4R2VjRk5GendcdTAwM2QiLCJ6b25lLXgtc291cmNlIjoidmVoaWNsZSIsInpvbmUteC10aW1lc3RhbXAiOiIxNzU4MTk1MDExNjMwIiwiem9uZS14LXYiOiJ2MS4wIn0="} index = -1
[2025-09-18 19:30:11 631][5424511][INF][P0x59f4][T0x5a37][libissms_jni.cpp][Java_com_iflytek_speech_libissms_setParam][463] setParam
[2025-09-18 19:30:11 631][5424511][INF][P0x59f4][T0x5a37][issms.cpp][ISSMSSetParam][175] ISSMSSetParam | hISSMSObj = 0xb4000071d1614110, nModeType = 1, szParam = PersonalAuthInfo,szParamValue = {"aiui":"&zoneauth=eyJPcmlnaW4iOiJodHRwczovL3NwZWVjaC16b25lLXVhdC5tb3MuY3N2dy5jb20iLCJ6b25lLXgtYXBwa2V5IjoiMTBlZDI2YThiYTY4NjYyNTkyNmJmMjM3NTU1YzY4ZDMiLCJ6b25lLXgtY2lkIjoicHAwMV9kZWZhdWx0X3Zpbl9jb2RlIiwiem9uZS14LW1vZGVsIjoibm9ybWFsIiwiem9uZS14LW5vbmNlIjoiNDQ2ZTk5MjkzZjQyNDcwN2JhYTJhMmJhODhjNTMwOGQiLCJ6b25lLXgtc2VydmljZS1TcGVlY2hTZXJ2aWNlIjoiNDUiLCJ6b25lLXgtc2VydmljZS1YdW5GZWlTREsiOiIxMDIxMDAiLCJ6b25lLXgtc2lnbiI6Ilo0ZTlwVkZNeEFpU2lINlg2Y3FKNks3Q01IN2hHKy9qYUw4R2VjRk5GendcdTAwM2QiLCJ6b25lLXgtc291cmNlIjoidmVoaWNsZSIsInpvbmUteC10aW1lc3RhbXAiOiIxNzU4MTk1MDExNjMwIiwiem9uZS14LXYiOiJ2MS4wIn0="},nSRInstIndex = -1
[2025-09-18 19:30:11 631][5424511][INF][P0x59f4][T0x5a37][libisssr2.cpp][ISSSR2SetParam][171] ISSSR2SetParam | nInstIndex[-1], szParam: PersonalAuthInfo, szParamValue: {"aiui":"&zoneauth=eyJPcmlnaW4iOiJodHRwczovL3NwZWVjaC16b25lLXVhdC5tb3MuY3N2dy5jb20iLCJ6b25lLXgtYXBwa2V5IjoiMTBlZDI2YThiYTY4NjYyNTkyNmJmMjM3NTU1YzY4ZDMiLCJ6b25lLXgtY2lkIjoicHAwMV9kZWZhdWx0X3Zpbl9jb2RlIiwiem9uZS14LW1vZGVsIjoibm9ybWFsIiwiem9uZS14LW5vbmNlIjoiNDQ2ZTk5MjkzZjQyNDcwN2JhYTJhMmJhODhjNTMwOGQiLCJ6b25lLXgtc2VydmljZS1TcGVlY2hTZXJ2aWNlIjoiNDUiLCJ6b25lLXgtc2VydmljZS1YdW5GZWlTREsiOiIxMDIxMDAiLCJ6b25lLXgtc2lnbiI6Ilo0ZTlwVkZNeEFpU2lINlg2Y3FKNks3Q01IN2hHKy9qYUw4R2VjRk5GendcdTAwM2QiLCJ6b25lLXgtc291cmNlIjoidmVoaWNsZSIsInpvbmUteC10aW1lc3RhbXAiOiIxNzU4MTk1MDExNjMwIiwiem9uZS14LXYiOiJ2MS4wIn0="}
[2025-09-18 19:30:11 631][5424511][INF][P0x59f4][T0x5a37][issmsImpl.cpp][SaveSrParamAndValue][2904] SaveSrParamAndValue | SRInst=-1, strParam = PersonalAuthInfo, strParamValue={"aiui":"&zoneauth=eyJPcmlnaW4iOiJodHRwczovL3NwZWVjaC16b25lLXVhdC5tb3MuY3N2dy5jb20iLCJ6b25lLXgtYXBwa2V5IjoiMTBlZDI2YThiYTY4NjYyNTkyNmJmMjM3NTU1YzY4ZDMiLCJ6b25lLXgtY2lkIjoicHAwMV9kZWZhdWx0X3Zpbl9jb2RlIiwiem9uZS14LW1vZGVsIjoibm9ybWFsIiwiem9uZS14LW5vbmNlIjoiNDQ2ZTk5MjkzZjQyNDcwN2JhYTJhMmJhODhjNTMwOGQiLCJ6b25lLXgtc2VydmljZS1TcGVlY2hTZXJ2aWNlIjoiNDUiLCJ6b25lLXgtc2VydmljZS1YdW5GZWlTREsiOiIxMDIxMDAiLCJ6b25lLXgtc2lnbiI6Ilo0ZTlwVkZNeEFpU2lINlg2Y3FKNks3Q01IN2hHKy9qYUw4R2VjRk5GendcdTAwM2QiLCJ6b25lLXgtc291cmNlIjoidmVoaWNsZSIsInpvbmUteC10aW1lc3RhbXAiOiIxNzU4MTk1MDExNjMwIiwiem9uZS14LXYiOiJ2MS4wIn0="}
[2025-09-18 19:30:11 632][5424511][INF][P0x59f4][T0x5a37][libissms_jni.cpp][Java_com_iflytek_speech_libissms_setParam][493] setParam leave
[2025-09-18 19:30:11 632][5424512][INF][P0x59f4][T0x5a37][libissms_jni.cpp][Java_com_iflytek_speech_libissms_srUploadDict][750] srUploadDict
[392908623|0][2025-09-18 19:30:11 632][5424512][INF][P0x59f4][T0x5a37][issms.cpp][ISSMSSRUpLoadDict][543] ISSMSSRUpLoadDict | hISSMSObj = 0xb4000071d1614110, szList = {"grm":[{"dictcontent":[{"name":"儿童座椅"},{"name":"地图"},{"name":"蓝牙电话"},{"name":"电话"},{"name":"自动泊车"},{"name":"车设"},{"name":"车辆设置"},{"name":"懒人听书"},{"name":"视频投屏"},{"name":"日历"},{"name":"奥迪泊车辅助"},{"name":"有线投屏"},{"name":"车控"},{"name":"电台"},{"name":"酷我音乐"},{"name":"U盘音乐"},{"name":"B站"},{"name":"智能泊车"},{"name":"车辆控制"},{"name":"相册"},{"name":"全民K歌"},{"name":"展车模式"},{"name":"设置"},{"name":"K歌"},{"name":"AUDI手机互联"},{"name":"小宇宙"},{"name":"QQ音乐"},{"name":"应用商店"},{"name":"手机互联"},{"name":"车控车设"},{"name":"奥迪互联"},{"name":"车辆"},{"name":"哔哩哔哩"},{"name":"audi connect"},{"name":"爱奇艺"},{"name":"场景模式"},{"name":"用车手册"},{"name":
[392908623|-1]"用户中心"},{"name":"蓝牙音乐"},{"name":"主题与壁纸"},{"name":"泊车辅助"},{"name":"维保预约"}],"dictname":"app"}]}, iUpLoadMode = 0, nSRInstIndex=-1
[2025-09-18 19:30:11 632][5424512][INF][P0x59f4][T0x5a37][libisssr2.cpp][ISSSR2UpLoadDict][316] ISSSR2UpLoadDict | nInstIndex[-1], nUploadMode: 0
[1247587180|0][2025-09-18 19:30:11 632][5424512][INF][P0x59f4][T0x5a37][CIssSr.cpp][UpLoadDict][3841] strList: {"grm":[{"dictcontent":[{"name":"儿童座椅"},{"name":"地图"},{"name":"蓝牙电话"},{"name":"电话"},{"name":"自动泊车"},{"name":"车设"},{"name":"车辆设置"},{"name":"懒人听书"},{"name":"视频投屏"},{"name":"日历"},{"name":"奥迪泊车辅助"},{"name":"有线投屏"},{"name":"车控"},{"name":"电台"},{"name":"酷我音乐"},{"name":"U盘音乐"},{"name":"B站"},{"name":"智能泊车"},{"name":"车辆控制"},{"name":"相册"},{"name":"全民K歌"},{"name":"展车模式"},{"name":"设置"},{"name":"K歌"},{"name":"AUDI手机互联"},{"name":"小宇宙"},{"name":"QQ音乐"},{"name":"应用商店"},{"name":"手机互联"},{"name":"车控车设"},{"name":"奥迪互联"},{"name":"车辆"},{"name":"哔哩哔哩"},{"name":"audi connect"},{"name":"爱奇艺"},{"name":"场景模式"},{"name":"用车手册"},{"name":"用户中心"},{"name":"蓝牙音乐"},{"name":"主题?
[1247587180|-1]?壁纸"},{"name":"泊车辅助"},{"name":"维保预约"}],"dictname":"app"}]}
[2025-09-18 19:30:11 632][5424512][WAN][P0x59f4][T0x5a37][MscUploadDict.cpp][Parser][52] parse beamIndex error,ret(0)
[2025-09-18 19:30:11 632][5424512][WAN][P0x59f4][T0x5a37][MscUploadDict.cpp][Parser][60] parse grmId error,ret(0)
[2025-09-18 19:30:11 632][5424512][ERR][P0x59f4][T0x5a37][MscUploadDict.cpp][GetDictContent][125] CloudDict can not find dictname(applet).
[2025-09-18 19:30:11 632][5424512][ERR][P0x59f4][T0x5a37][MscUploadDict.cpp][GetDictContent][125] CloudDict can not find dictname(car_status).
[2025-09-18 19:30:11 632][5424512][ERR][P0x59f4][T0x5a37][MscUploadDict.cpp][GetDictContent][125] CloudDict can not find dictname(contact).
[2025-09-18 19:30:11 632][5424512][ERR][P0x59f4][T0x5a37][MscUploadDict.cpp][GetDictContent][125] CloudDict can not find dictname(habit).
[2025-09-18 19:30:11 632][5424512][ERR][P0x59f4][T0x5a37][MscUploadDict.cpp][GetDictContent][125] CloudDict can not find dictname(poi).
[2025-09-18 19:30:11 632][5424512][ERR][P0x59f4][T0x5a37][MscUploadDict.cpp][GetDictContent][125] CloudDict can not find dictname(scene).
[2025-09-18 19:30:11 632][5424512][ERR][P0x59f4][T0x5a37][MscUploadDict.cpp][GetDictContent][125] CloudDict can not find dictname(speaker).
[2025-09-18 19:30:11 632][5424512][ERR][P0x59f4][T0x5a37][MscUploadDict.cpp][GetDictContent][125] CloudDict can not find dictname(video).
[2025-09-18 19:30:11 632][5424512][ERR][P0x59f4][T0x5a37][MscUploadDict.cpp][GetDictContent][125] CloudDict can not find dictname(wechat).
[2025-09-18 19:30:11 633][5424512][INF][P0x59f4][T0x5a37][libissms_jni.cpp][Java_com_iflytek_speech_libissms_srUploadDict][773] srUploadDict leave
SpeechEngineAdapter upload customized data result == 0, uploadData = {"grm":[{"dictcontent":[{"name":"儿童座椅"},{"name":"地图"},{"name":"蓝牙电话"},{"name":"电话"},{"name":"自动泊车"},{"name":"车设"},{"name":"车辆设置"},{"name":"懒人听书"},{"name":"视频投屏"},{"name":"日历"},{"name":"奥迪泊车辅助"},{"name":"有线投屏"},{"name":"车控"},{"name":"电台"},{"name":"酷我音乐"},{"name":"U盘音乐"},{"name":"B站"},{"name":"智能泊车"},{"name":"车辆控制"},{"name":"相册"},{"name":"全民K歌"},{"name":"展车模式"},{"name":"设置"},{"name":"K歌"},{"name":"AUDI手机互联"},{"name":"小宇宙"},{"name":"QQ音乐"},{"name":"应用商店"},{"name":"手机互联"},{"name":"车控车设"},{"name":"奥迪互联"},{"name":"车辆"},{"name":"哔哩哔哩"},{"name":"audi connect"},{"name":"爱奇艺"},{"name":"场景模式"},{"name":"用车手册"},{"name":"用户中心"},{"name":"蓝牙音乐"},{"name":"主题与壁纸"},{"name":"泊车辅助"},{"name":"维保预约"}],"dictname":"app"}]}
[2025-09-18 19:30:11 633][5424512][WAN][P0x59f4][T0x5aa6][MscUploadDict.cpp][Parser][52] parse beamIndex error,ret(0)
[2025-09-18 19:30:11 633][5424512][WAN][P0x59f4][T0x5aa6][MscUploadDict.cpp][Parser][60] parse grmId error,ret(0)
[2025-09-18 19:30:11 633][5424513][ERR][P0x59f4][T0x5aa6][Grm.cpp][ParseGrmForDict][694] no such dictattr(alias)
[2025-09-18 19:30:11 634][5424513][INF][P0x59f4][T0x5aa6][SrCata.cpp][BuildRes][639] type: app
[2025-09-18 19:30:11 669][5424548][INF][P0x59f4][T0x5aa6][EMNlu.cpp][callBuildRes][388] out_gram_filename(/data/user_de/10/com.zone.service.speech/vr/iflytek/Active/SRRes/ResMandarin/GrmSR/nli_app_name.bin)
[2025-09-18 19:30:11 669][5424549][INF][P0x59f4][T0x5aa6][EMNlu.cpp][callBuildRes][401] iFlyPResBuildProcess app_name.
[2025-09-18 19:30:11 669][5424549][INF][P0x59f4][T0x5aa6][EMNlu.cpp][callBuildRes][458] iFlyPResBuildDestroyInst ret 0.
[2025-09-18 19:30:11 674][5424553][INF][P0x59f4][T0x5aa6][ResLoader.cpp][LoadInnerFromMemory][235] FsaMemManager FsaMemAdd fsa name: App, len: 516124
SpeechUtils Found file with prefix: sourceSlot20250918191141
[2025-09-18 19:30:11 681][5424561][INF][P0x59f4][T0x5aa6][ResLoader.cpp][Update][418] fsa: App, id: 10016, slot: applist
SemanticFileDataUtils preLoadSemantic end..
SemanticDataManager end init SemanticData.
[2025-09-18 19:30:11 710][5424590][INF][P0x59f4][T0x5aa6][ResLoader.cpp][ResSave][387] FsaMemManager FsaMemAdd fsa name: App, size: 493880
[2025-09-18 19:30:11 711][5424591][INF][P0x59f4][T0x5aa9][ResLoader.cpp][LoadInnerFromMemory][224] FsaMemManager GetFsaMem fsa name: App, size: 493880
[2025-09-18 19:30:11 716][5424596][INF][P0x59f4][T0x5aa9][EMNlu.cpp][loadCustomRes][86] loadCustomRes | szType: app_name
[2025-09-18 19:30:11 716][5424596][INF][P0x59f4][T0x5aa9][EMNlu.cpp][uploadCustomRes][484] NLIAddRes app_name.
SpeechEngineAdapter onMSMsgProc_() uMsg = 20001 wParam = 0 iParam = app nIndex = 1
[2025-09-18 19:30:11 716][5424596][INF][P0x59f4][T0x5aa9][issmsImpl.cpp][CallBackMsgWithFullLog][544] VAMSImpl::m_pfnMSMsgCallback pUsrArg=0x1956,nSRInstIndex=1,uMsg=20001,wParam=0,lParam=app
[2025-09-18 19:30:11 953][5424833][ERR][P0x59f4][T0x5a41][idas_module.h][TrackingCfgDownload][91] download config failed, ret is [28], respone is [].
[2025-09-18 19:30:12 012][5424892][INF][P0x59f4][T0x5a61][CAIUIClientMgr.cpp][OnAllEvent][224] OnAllEvent aikitHandle = 0xb400007081e3c5f0, usrContext = 0xb4000070c1629d18, pThis = 0xb4000071716041f0
[2025-09-18 19:30:12 012][5424892][INF][P0x59f4][T0x5a61][CiatFunc.cpp][OnEvent][267] m_nInstId[1],CAIUIClient::OnEvent | Tag = [IFLYTEK.app_namelist], eventType: 15
[2025-09-18 19:30:12 012][5424892][INF][P0x59f4][T0x5a63][CAIUIClientMgr.cpp][OnAllOutput][211] OnAllOutput aikitHandle = 0xb400007081e3c5f0, usrContext = 0xb4000070c1629d18, pThis = 0xb4000071716041f0
[2025-09-18 19:30:12 013][5424892][INF][P0x59f4][T0x5a63][CiatFunc.cpp][OnOutput][215] m_nInstId[1],Tag = [ IFLYTEK.app_namelist ], len: 81, type: 0, status: 3, result type: [header], resultStr = {
	"code":	0,
	"message":	"success",
	"sid":	"hgw0001f1be@dx1995c96d0af6619802"
}
[2025-09-18 19:30:12 012][5424892][INF][P0x59f4][T0x5a61][CiatFunc.cpp][OnEvent][273] CAIUIClient::OnEvent | key: (null), len: 0, type: -1
[2025-09-18 19:30:12 013][5424892][INF][P0x59f4][T0x5a63][CIssSr.cpp][ProcessIatMsg][2008] m_nInstId[1],ISS_SR_MSG_UpLoadDictToCloudStatus, wParam=0
[2025-09-18 19:30:12 013][5424892][INF][P0x59f4][T0x5a63][CIssSr.cpp][ProcessIatMsg][2010] DictName: {"code":0,"message":"success","sid":"hgw0001f1be@dx1995c96d0af6619802","tag":"IFLYTEK.app_namelist"}
.
SpeechEngineAdapter onMSMsgProc_() uMsg = 20002 wParam = 0 iParam = {"code":0,"message":"success","sid":"hgw0001f1be@dx1995c96d0af6619802","tag":"IFLYTEK.app_namelist"}
 nIndex = 1
[2025-09-18 19:30:12 013][5424893][INF][P0x59f4][T0x5a63][issmsImpl.cpp][CallBackMsgWithFullLog][544] VAMSImpl::m_pfnMSMsgCallback pUsrArg=0x1956,nSRInstIndex=1,uMsg=20002,wParam=0,lParam={"code":0,"message":"success","sid":"hgw0001f1be@dx1995c96d0af6619802","tag":"IFLYTEK.app_namelist"}
SpeechEngineAdapter dict take i:3
SystemPropertyUtil getRoBuildServerEnv()
SystemPropertyUtil get property type is: ro.vendor.build.server.env, and value is: QA
SystemPropertyUtil getRoBuildServerEnv()
SystemPropertyUtil get property type is: ro.vendor.build.server.env, and value is: QA
SystemPropertyUtil getRoBuildServerEnv()
SystemPropertyUtil get property type is: ro.vendor.build.server.env, and value is: QA
SpeechEngineAdapter headers = {Origin=https://speech-zone-uat.mos.csvw.com, zone-x-appkey=10ed26a8ba686625926bf237555c68d3, zone-x-cid=pp01_default_vin_code, zone-x-model=normal, zone-x-nonce=b467a8afd9ae41e3acb353f5db47db59, zone-x-service-SpeechService=45, zone-x-service-XunFeiSDK=102100, zone-x-sign=BKIP0nRevrT6p77e8Inu5SNYD2qKQiontxrlaxRkrNA=, zone-x-source=vehicle, zone-x-timestamp=1758195012034, zone-x-v=v1.0}
SpeechEngineAdapter setParam() modeType = 1 param = PersonalAuthInfo paramValue = {"aiui":"&zoneauth=eyJPcmlnaW4iOiJodHRwczovL3NwZWVjaC16b25lLXVhdC5tb3MuY3N2dy5jb20iLCJ6b25lLXgtYXBwa2V5IjoiMTBlZDI2YThiYTY4NjYyNTkyNmJmMjM3NTU1YzY4ZDMiLCJ6b25lLXgtY2lkIjoicHAwMV9kZWZhdWx0X3Zpbl9jb2RlIiwiem9uZS14LW1vZGVsIjoibm9ybWFsIiwiem9uZS14LW5vbmNlIjoiYjQ2N2E4YWZkOWFlNDFlM2FjYjM1M2Y1ZGI0N2RiNTkiLCJ6b25lLXgtc2VydmljZS1TcGVlY2hTZXJ2aWNlIjoiNDUiLCJ6b25lLXgtc2VydmljZS1YdW5GZWlTREsiOiIxMDIxMDAiLCJ6b25lLXgtc2lnbiI6IkJLSVAwblJldnJUNnA3N2U4SW51NVNOWUQycUtRaW9udHhybGF4UmtyTkFcdTAwM2QiLCJ6b25lLXgtc291cmNlIjoidmVoaWNsZSIsInpvbmUteC10aW1lc3RhbXAiOiIxNzU4MTk1MDEyMDM0Iiwiem9uZS14LXYiOiJ2MS4wIn0="} index = -1
[2025-09-18 19:30:12 035][5424915][INF][P0x59f4][T0x5a37][libissms_jni.cpp][Java_com_iflytek_speech_libissms_setParam][463] setParam
[2025-09-18 19:30:12 035][5424915][INF][P0x59f4][T0x5a37][issms.cpp][ISSMSSetParam][175] ISSMSSetParam | hISSMSObj = 0xb4000071d1614110, nModeType = 1, szParam = PersonalAuthInfo,szParamValue = {"aiui":"&zoneauth=eyJPcmlnaW4iOiJodHRwczovL3NwZWVjaC16b25lLXVhdC5tb3MuY3N2dy5jb20iLCJ6b25lLXgtYXBwa2V5IjoiMTBlZDI2YThiYTY4NjYyNTkyNmJmMjM3NTU1YzY4ZDMiLCJ6b25lLXgtY2lkIjoicHAwMV9kZWZhdWx0X3Zpbl9jb2RlIiwiem9uZS14LW1vZGVsIjoibm9ybWFsIiwiem9uZS14LW5vbmNlIjoiYjQ2N2E4YWZkOWFlNDFlM2FjYjM1M2Y1ZGI0N2RiNTkiLCJ6b25lLXgtc2VydmljZS1TcGVlY2hTZXJ2aWNlIjoiNDUiLCJ6b25lLXgtc2VydmljZS1YdW5GZWlTREsiOiIxMDIxMDAiLCJ6b25lLXgtc2lnbiI6IkJLSVAwblJldnJUNnA3N2U4SW51NVNOWUQycUtRaW9udHhybGF4UmtyTkFcdTAwM2QiLCJ6b25lLXgtc291cmNlIjoidmVoaWNsZSIsInpvbmUteC10aW1lc3RhbXAiOiIxNzU4MTk1MDEyMDM0Iiwiem9uZS14LXYiOiJ2MS4wIn0="},nSRInstIndex = -1
[2025-09-18 19:30:12 035][5424915][INF][P0x59f4][T0x5a37][libisssr2.cpp][ISSSR2SetParam][171] ISSSR2SetParam | nInstIndex[-1], szParam: PersonalAuthInfo, szParamValue: {"aiui":"&zoneauth=eyJPcmlnaW4iOiJodHRwczovL3NwZWVjaC16b25lLXVhdC5tb3MuY3N2dy5jb20iLCJ6b25lLXgtYXBwa2V5IjoiMTBlZDI2YThiYTY4NjYyNTkyNmJmMjM3NTU1YzY4ZDMiLCJ6b25lLXgtY2lkIjoicHAwMV9kZWZhdWx0X3Zpbl9jb2RlIiwiem9uZS14LW1vZGVsIjoibm9ybWFsIiwiem9uZS14LW5vbmNlIjoiYjQ2N2E4YWZkOWFlNDFlM2FjYjM1M2Y1ZGI0N2RiNTkiLCJ6b25lLXgtc2VydmljZS1TcGVlY2hTZXJ2aWNlIjoiNDUiLCJ6b25lLXgtc2VydmljZS1YdW5GZWlTREsiOiIxMDIxMDAiLCJ6b25lLXgtc2lnbiI6IkJLSVAwblJldnJUNnA3N2U4SW51NVNOWUQycUtRaW9udHhybGF4UmtyTkFcdTAwM2QiLCJ6b25lLXgtc291cmNlIjoidmVoaWNsZSIsInpvbmUteC10aW1lc3RhbXAiOiIxNzU4MTk1MDEyMDM0Iiwiem9uZS14LXYiOiJ2MS4wIn0="}
[2025-09-18 19:30:12 035][5424915][INF][P0x59f4][T0x5a37][issmsImpl.cpp][SaveSrParamAndValue][2904] SaveSrParamAndValue | SRInst=-1, strParam = PersonalAuthInfo, strParamValue={"aiui":"&zoneauth=eyJPcmlnaW4iOiJodHRwczovL3NwZWVjaC16b25lLXVhdC5tb3MuY3N2dy5jb20iLCJ6b25lLXgtYXBwa2V5IjoiMTBlZDI2YThiYTY4NjYyNTkyNmJmMjM3NTU1YzY4ZDMiLCJ6b25lLXgtY2lkIjoicHAwMV9kZWZhdWx0X3Zpbl9jb2RlIiwiem9uZS14LW1vZGVsIjoibm9ybWFsIiwiem9uZS14LW5vbmNlIjoiYjQ2N2E4YWZkOWFlNDFlM2FjYjM1M2Y1ZGI0N2RiNTkiLCJ6b25lLXgtc2VydmljZS1TcGVlY2hTZXJ2aWNlIjoiNDUiLCJ6b25lLXgtc2VydmljZS1YdW5GZWlTREsiOiIxMDIxMDAiLCJ6b25lLXgtc2lnbiI6IkJLSVAwblJldnJUNnA3N2U4SW51NVNOWUQycUtRaW9udHhybGF4UmtyTkFcdTAwM2QiLCJ6b25lLXgtc291cmNlIjoidmVoaWNsZSIsInpvbmUteC10aW1lc3RhbXAiOiIxNzU4MTk1MDEyMDM0Iiwiem9uZS14LXYiOiJ2MS4wIn0="}
[2025-09-18 19:30:12 035][5424915][INF][P0x59f4][T0x5a37][libissms_jni.cpp][Java_com_iflytek_speech_libissms_setParam][493] setParam leave
[2025-09-18 19:30:12 035][5424915][INF][P0x59f4][T0x5a37][libissms_jni.cpp][Java_com_iflytek_speech_libissms_srUploadDict][750] srUploadDict
[2025-09-18 19:30:12 035][5424915][INF][P0x59f4][T0x5a37][issms.cpp][ISSMSSRUpLoadDict][543] ISSMSSRUpLoadDict | hISSMSObj = 0xb4000071d1614110, szList = {"grm":[{"dictcontant":[{"car_status":"{\"request_id\":\"f90c7b217d814b2bb8dc5e39782d6924\",\"request_type\":\"full\",\"resource_value\":[{\"id\":\"51dc7cf6082149c08cb151b08c4bf07f\",\"subresource\":[{\"vehicle_id\":\"pp01_default_vin_code\"}]}],\"vehicle_id\":\"pp01_default_vin_code\"}"}],"dictname":"car_status"}]}, iUpLoadMode = 0, nSRInstIndex=-1
[2025-09-18 19:30:12 035][5424915][INF][P0x59f4][T0x5a37][libisssr2.cpp][ISSSR2UpLoadDict][316] ISSSR2UpLoadDict | nInstIndex[-1], nUploadMode: 0
[2025-09-18 19:30:12 035][5424915][INF][P0x59f4][T0x5a37][CIssSr.cpp][UpLoadDict][3841] strList: {"grm":[{"dictcontant":[{"car_status":"{\"request_id\":\"f90c7b217d814b2bb8dc5e39782d6924\",\"request_type\":\"full\",\"resource_value\":[{\"id\":\"51dc7cf6082149c08cb151b08c4bf07f\",\"subresource\":[{\"vehicle_id\":\"pp01_default_vin_code\"}]}],\"vehicle_id\":\"pp01_default_vin_code\"}"}],"dictname":"car_status"}]}
[2025-09-18 19:30:12 035][5424915][WAN][P0x59f4][T0x5a37][MscUploadDict.cpp][Parser][52] parse beamIndex error,ret(0)
[2025-09-18 19:30:12 035][5424915][WAN][P0x59f4][T0x5a37][MscUploadDict.cpp][Parser][60] parse grmId error,ret(0)
[2025-09-18 19:30:12 035][5424915][ERR][P0x59f4][T0x5a37][MscUploadDict.cpp][GetDictContent][125] CloudDict can not find dictname(app).
[2025-09-18 19:30:12 035][5424915][ERR][P0x59f4][T0x5a37][MscUploadDict.cpp][GetDictContent][125] CloudDict can not find dictname(applet).
[2025-09-18 19:30:12 036][5424915][ERR][P0x59f4][T0x5a37][MscUploadDict.cpp][GetDictContent][125] CloudDict can not find dictname(contact).
[2025-09-18 19:30:12 036][5424915][ERR][P0x59f4][T0x5a37][MscUploadDict.cpp][GetDictContent][125] CloudDict can not find dictname(habit).
[2025-09-18 19:30:12 036][5424915][ERR][P0x59f4][T0x5a37][MscUploadDict.cpp][GetDictContent][125] CloudDict can not find dictname(poi).
[2025-09-18 19:30:12 036][5424915][ERR][P0x59f4][T0x5a37][MscUploadDict.cpp][GetDictContent][125] CloudDict can not find dictname(scene).
[2025-09-18 19:30:12 036][5424915][ERR][P0x59f4][T0x5a37][MscUploadDict.cpp][GetDictContent][125] CloudDict can not find dictname(speaker).
[2025-09-18 19:30:12 036][5424916][ERR][P0x59f4][T0x5a37][MscUploadDict.cpp][GetDictContent][125] CloudDict can not find dictname(video).
[2025-09-18 19:30:12 036][5424916][ERR][P0x59f4][T0x5a37][MscUploadDict.cpp][GetDictContent][125] CloudDict can not find dictname(wechat).
[2025-09-18 19:30:12 036][5424916][INF][P0x59f4][T0x5a37][libissms_jni.cpp][Java_com_iflytek_speech_libissms_srUploadDict][773] srUploadDict leave
[2025-09-18 19:30:12 036][5424916][WAN][P0x59f4][T0x5aa6][MscUploadDict.cpp][Parser][52] parse beamIndex error,ret(0)
[2025-09-18 19:30:12 036][5424916][WAN][P0x59f4][T0x5aa6][MscUploadDict.cpp][Parser][60] parse grmId error,ret(0)
[2025-09-18 19:30:12 036][5424916][ERR][P0x59f4][T0x5aa6][Grm.cpp][ParseGrm][618] no such dictname(car_status)
SpeechEngineAdapter upload customized data result == 0, uploadData = {"grm":[{"dictcontant":[{"car_status":"{\"request_id\":\"f90c7b217d814b2bb8dc5e39782d6924\",\"request_type\":\"full\",\"resource_value\":[{\"id\":\"51dc7cf6082149c08cb151b08c4bf07f\",\"subresource\":[{\"vehicle_id\":\"pp01_default_vin_code\"}]}],\"vehicle_id\":\"pp01_default_vin_code\"}"}],"dictname":"car_status"}]}
[2025-09-18 19:30:12 036][5424916][WAN][P0x59f4][T0x5aa9][GrmBuildControl.cpp][OnMsgGrmHasCommit][68] Failed to uploadDict to local 1, lparam(car_status), err(10002)
SpeechEngineAdapter onMSMsgProc_() uMsg = 20001 wParam = 10002 iParam = car_status nIndex = 1
[2025-09-18 19:30:12 037][5424916][INF][P0x59f4][T0x5aa9][issmsImpl.cpp][CallBackMsgWithFullLog][544] VAMSImpl::m_pfnMSMsgCallback pUsrArg=0x1956,nSRInstIndex=1,uMsg=20001,wParam=10002,lParam=car_status
[2025-09-18 19:30:12 661][5425541][INF][P0x59f4][T0x5a5a][CAIUIClientMgr.cpp][OnAllEvent][224] OnAllEvent aikitHandle = 0xb400007081e3e0c0, usrContext = 0xb4000070c1597488, pThis = 0xb4000071716041f0
[2025-09-18 19:30:12 661][5425541][INF][P0x59f4][T0x5a5a][CiatFunc.cpp][OnEvent][267] m_nInstId[1],CAIUIClient::OnEvent | Tag = [IFLYTEK.car_status], eventType: 15
[2025-09-18 19:30:12 661][5425541][INF][P0x59f4][T0x5a58][CAIUIClientMgr.cpp][OnAllOutput][211] OnAllOutput aikitHandle = 0xb400007081e3e0c0, usrContext = 0xb4000070c1597488, pThis = 0xb4000071716041f0
[2025-09-18 19:30:12 661][5425541][INF][P0x59f4][T0x5a58][CiatFunc.cpp][OnOutput][215] m_nInstId[1],Tag = [ IFLYTEK.car_status ], len: 37, type: 0, status: 3, result type: [header], resultStr = {
	"code":	0,
	"message":	"success"
}
[2025-09-18 19:30:12 661][5425541][INF][P0x59f4][T0x5a5a][CiatFunc.cpp][OnEvent][273] CAIUIClient::OnEvent | key: (null), len: 0, type: -1
[2025-09-18 19:30:12 661][5425541][INF][P0x59f4][T0x5a58][CIssSr.cpp][ProcessIatMsg][2008] m_nInstId[1],ISS_SR_MSG_UpLoadDictToCloudStatus, wParam=0
[2025-09-18 19:30:12 661][5425541][INF][P0x59f4][T0x5a58][CIssSr.cpp][ProcessIatMsg][2010] DictName: {"code":0,"message":"success","tag":"IFLYTEK.car_status"}
.
SpeechEngineAdapter onMSMsgProc_() uMsg = 20002 wParam = 0 iParam = {"code":0,"message":"success","tag":"IFLYTEK.car_status"}
 nIndex = 1
[2025-09-18 19:30:12 662][5425542][INF][P0x59f4][T0x5a58][issmsImpl.cpp][CallBackMsgWithFullLog][544] VAMSImpl::m_pfnMSMsgCallback pUsrArg=0x1956,nSRInstIndex=1,uMsg=20002,wParam=0,lParam={"code":0,"message":"success","tag":"IFLYTEK.car_status"}
[2025-09-18 19:30:13 755][5426635][INF][P0x59f4][T0x5a6e][CWakeMsgMgr.cpp][ParseIvwMsg][189] mvwRltMsg->nCallerType:0, ParseIvwMsg()-->wake up result(Decode): {"rlt":[{"sid":"undefine","version":"3.17.17.70.9","istart":203,"iresid":2,"iduration":11,"nfillerscore":2097,"nkeywordscore":11447,"ncm":834,"keyword":"heyaudi","nChannelId":2}]}
[2025-09-18 19:30:13 756][5426635][WAN][P0x59f4][T0x5a6e][CWakeMsgMgr.cpp][ParseIvwMsg][216] ParseIvwMsg(): Fail to read VadGapFrames
[2025-09-18 19:30:13 756][5426635][WAN][P0x59f4][T0x5a6e][CWakeMsgMgr.cpp][ParseIvwMsg][220] ParseIvwMsg(): Fail to read Alpha
[2025-09-18 19:30:13 756][5426635][INF][P0x59f4][T0x5a6e][CWakeMsgMgr.cpp][ProcessPreWakeUpCallBack][126] ===Road 3, Pre Wake.===
[2025-09-18 19:30:13 756][5426635][INF][P0x59f4][T0x5a70][CIVW.cpp][IssVwCBWorking][4592] MVW_RLT_PRE_WAKE_UP
[2025-09-18 19:30:20 531][5433411][INF][P0x59f4][T0x5a6e][CIVW.cpp][IssVwWorking][4385] IVWLogPrint m_iAppendAudioDataIvw:1280000,iBufSize:320 logPrintInterval :1000 m_nInputNumForMulIvw:4
[2025-09-18 19:30:21 722][5434602][INF][P0x59f4][T0x5a6e][CWakeMsgMgr.cpp][ParseIvwMsg][189] mvwRltMsg->nCallerType:0, ParseIvwMsg()-->wake up result(Decode): {"rlt":[{"sid":"undefine","version":"3.17.17.70.9","istart":1018,"iresid":2,"iduration":7,"nfillerscore":1865,"nkeywordscore":7383,"ncm":723,"keyword":"heyaudi","nChannelId":3}]}
[2025-09-18 19:30:21 722][5434602][WAN][P0x59f4][T0x5a6e][CWakeMsgMgr.cpp][ParseIvwMsg][216] ParseIvwMsg(): Fail to read VadGapFrames
[2025-09-18 19:30:21 722][5434602][WAN][P0x59f4][T0x5a6e][CWakeMsgMgr.cpp][ParseIvwMsg][220] ParseIvwMsg(): Fail to read Alpha
[2025-09-18 19:30:21 722][5434602][INF][P0x59f4][T0x5a6e][CWakeMsgMgr.cpp][ProcessPreWakeUpCallBack][126] ===Road 4, Pre Wake.===
[2025-09-18 19:30:21 722][5434602][INF][P0x59f4][T0x5a70][CIVW.cpp][IssVwCBWorking][4592] MVW_RLT_PRE_WAKE_UP
[2025-09-18 19:30:30 549][5443429][INF][P0x59f4][T0x5a6e][CIVW.cpp][IssVwWorking][4385] IVWLogPrint m_iAppendAudioDataIvw:2560000,iBufSize:320 logPrintInterval :1000 m_nInputNumForMulIvw:4
[2025-09-18 19:30:40 533][5453413][INF][P0x59f4][T0x5a6e][CIVW.cpp][IssVwWorking][4385] IVWLogPrint m_iAppendAudioDataIvw:3840000,iBufSize:320 logPrintInterval :1000 m_nInputNumForMulIvw:4
SpeechAudioService Handle raw speech audio
[2025-09-18 19:30:50 545][5463425][INF][P0x59f4][T0x5a6e][CIVW.cpp][IssVwWorking][4385] IVWLogPrint m_iAppendAudioDataIvw:5120000,iBufSize:320 logPrintInterval :1000 m_nInputNumForMulIvw:4
[2025-09-18 19:31:00 533][5473413][INF][P0x59f4][T0x5a6e][CIVW.cpp][IssVwWorking][4385] IVWLogPrint m_iAppendAudioDataIvw:6400000,iBufSize:320 logPrintInterval :1000 m_nInputNumForMulIvw:4
[2025-09-18 19:31:10 545][5483425][INF][P0x59f4][T0x5a6e][CIVW.cpp][IssVwWorking][4385] IVWLogPrint m_iAppendAudioDataIvw:7680000,iBufSize:320 logPrintInterval :1000 m_nInputNumForMulIvw:4
SpeechAudioService Handle raw speech audio



onBinderUnavailable serviceName = ZoneSpeechService
disconnect
SpeechDialogueBusinessManager$3.onServiceDisconnected(): SpeechDialogueBusinessManager onServiceDisconnected
[BaseManager][UserIntentManager deInit]
[ServiceConnectManager][unRegisterBinderListener]Begin, size:3
[ServiceConnectManager][unRegisterBinderListener]End, size:2
DSM-IdleState Exit IdleState
DSM-UnavailableState Enter UnavailableState
DSM clearAllListeningTimeout
VehicleAudioFocusAdapter abandonAudioFocus
DSM notifyStateChanged start state = STATE_UNAVAILABLE
SpeechHmiManager notifySpeechStateChange = STATE_UNAVAILABLE area = 1
[DisplayManager][notifyVrPos]pos:1
[DisplayManager][displayAction]start:false business:VR action:IDLE listener:com.zone.api.imate.display.DisplayManager$1@76ec3c1
IMateAdapter showAsrText isFinalNlu = false, content = 
[DisplayManager][displayAsrText]{"text":"","type":1}
TtsPromptPlaybackManager onStateChange = STATE_UNAVAILABLE
SpeechTaskRouter stopTimer
DSM notifyStateChanged end
AppStoreManager intent.getAction() = android.intent.action.PACKAGE_REMOVED
AppStoreManager updateAppList[]
AppStoreManager mAppInfoList.size = 0
AppSpeechExecutor upLoadAppList
AppBusinessConfig updateAppNameList()
getVehicleConfig key: VehCfg_SW_DrvrAllappsList
convertToVehicleConfigValue: key[VehCfg_SW_DrvrAllappsList], type[4], result[0], option[]
convertToVehicleConfigValue: valueString[com.zone.hmi.navi,com.zone.hmi.qqmusic,com.zone.hmi.mircrocos,com.zone.hmi.ximalayamusic,com.zone.hmi.usbmusic,com.zone.hmi.btmusic,com.zone.hmi.radio,com.zone.hmi.settings,com.qiyi.video.iv,com.bilibili.bilithings,com.zone.service.projection,com.tencent.karaokecar,com.zone.hmi.ecodomain,com.zone.hmi.carlog,com.zone.hmi.photoalbum,com.zone.service.avmservice,com.zone.hmi.btphone,com.zone.hmi.account,com.zone.hmi.smartscene,com.zone.hmi.appstore,cn.kuwo.kwmusiccar,bubei.tingshu.hd,com.zone.hmi.lightshow,com.zone.hmi.showroom,com.zone.hmi.themecenter,com.zone.hmi.calendar,com.zone.hmi.carlink,com.zone.hmi.usermanual,com.zone.hmi.wiredprojection,com.zone.hmi.carmaintenance,com.ls.safetyseat]
getVehicleConfig key: VehCfg_SW_PsngAllappsList
convertToVehicleConfigValue: key[VehCfg_SW_PsngAllappsList], type[4], result[0], option[]
convertToVehicleConfigValue: valueString[com.zone.hmi.qqmusic,com.zone.hmi.mircrocos,com.zone.hmi.ximalayamusic,com.zone.hmi.usbmusic,com.zone.hmi.btmusic,com.zone.hmi.radio,com.qiyi.video.iv,com.bilibili.bilithings,com.zone.service.projection,com.tencent.karaokecar,com.zone.hmi.ecodomain,com.zone.hmi.carlink,com.zone.hmi.appstore,cn.kuwo.kwmusiccar,bubei.tingshu.hd,com.zone.hmi.carlog,com.zone.hmi.photoalbum,com.zone.hmi.wiredprojection]
AppBusinessConfig drivePackages = [com.zone.hmi.navi, com.zone.hmi.qqmusic, com.zone.hmi.mircrocos, com.zone.hmi.ximalayamusic, com.zone.hmi.usbmusic, com.zone.hmi.btmusic, com.zone.hmi.radio, com.zone.hmi.settings, com.qiyi.video.iv, com.bilibili.bilithings, com.zone.service.projection, com.tencent.karaokecar, com.zone.hmi.ecodomain, com.zone.hmi.carlog, com.zone.hmi.photoalbum, com.zone.service.avmservice, com.zone.hmi.btphone, com.zone.hmi.account, com.zone.hmi.smartscene, com.zone.hmi.appstore, cn.kuwo.kwmusiccar, bubei.tingshu.hd, com.zone.hmi.lightshow, com.zone.hmi.showroom, com.zone.hmi.themecenter, com.zone.hmi.calendar, com.zone.hmi.carlink, com.zone.hmi.usermanual, com.zone.hmi.wiredprojection, com.zone.hmi.carmaintenance, com.ls.safetyseat] copilotPackages = [com.zone.hmi.qqmusic, com.zone.hmi.mircrocos, com.zone.hmi.ximalayamusic, com.zone.hmi.usbmusic, com.zone.hmi.btmusic, com.zone.hmi.radio, com.qiyi.video.iv, com.bilibili.bilithings, com.zone.service.projection, com.tencent.karaokecar, com.zone.hmi.ecodomain, com.zone.hmi.carlink, com.zone.hmi.appstore, cn.kuwo.kwmusiccar, bubei.tingshu.hd, com.zone.hmi.carlog, com.zone.hmi.photoalbum, com.zone.hmi.wiredprojection]
AppBusinessConfig android.content.pm.PackageManager$NameNotFoundException: com.zone.hmi.ximalayamusic
AppBusinessConfig android.content.pm.PackageManager$NameNotFoundException: com.zone.hmi.carlog
AppBusinessConfig android.content.pm.PackageManager$NameNotFoundException: com.zone.hmi.lightshow
AppBusinessConfig android.content.pm.PackageManager$NameNotFoundException: com.zone.hmi.carlink
AppBusinessConfig android.content.pm.PackageManager$NameNotFoundException: com.zone.hmi.ximalayamusic
AppBusinessConfig android.content.pm.PackageManager$NameNotFoundException: com.zone.hmi.carlink
AppBusinessConfig android.content.pm.PackageManager$NameNotFoundException: com.zone.hmi.carlog
AppBusinessConfig mMapAppPackageDrive = {儿童座椅=com.ls.safetyseat, 地图=com.zone.hmi.navi, 蓝牙电话=com.zone.hmi.btphone, 电话=com.zone.hmi.btphone, 自动泊车=com.zone.service.avmservice, 车设=com.zone.hmi.settings, 车辆设置=com.zone.hmi.settings, 懒人听书=bubei.tingshu.hd, 视频投屏=com.zone.service.projection, 日历=com.zone.hmi.calendar, 奥迪泊车辅助=com.zone.service.avmservice, 有线投屏=com.zone.hmi.wiredprojection, 车控=com.zone.hmi.settings, 电台=com.zone.hmi.radio, 酷我音乐=cn.kuwo.kwmusiccar, U盘音乐=com.zone.hmi.usbmusic, B站=com.bilibili.bilithings, 智能泊车=com.zone.service.avmservice, 车辆控制=com.zone.hmi.settings, 相册=com.zone.hmi.photoalbum, 全民K歌=com.tencent.karaokecar, 展车模式=com.zone.hmi.showroom, 设置=com.zone.hmi.settings, K歌=com.tencent.karaokecar, AUDI手机互联=com.zone.hmi.ecodomain, 小宇宙=com.zone.hmi.mircrocos, QQ音乐=com.zone.hmi.qqmusic, 应用商店=com.zone.hmi.appstore, 手机互联=com.zone.hmi.ecodomain, 车控车设=com.zone.hmi.settings, 奥迪互联=com.zone.hmi.ecodomain, 车辆=com.zone.hmi.settings, 哔哩哔哩=com.bilibili.bilithings, audi connect=com.zone.hmi.ecodomain, 爱奇艺=com.qiyi.video.iv, 场景模式=com.zone.hmi.smartscene, 用车手册=com.zone.hmi.usermanual, 用户中心=com.zone.hmi.account, 蓝牙音乐=com.zone.hmi.btmusic, 主题与壁纸=com.zone.hmi.themecenter, 泊车辅助=com.zone.service.avmservice, 维保预约=com.zone.hmi.carmaintenance} mMapAppPackageCopilot = {K歌=com.tencent.karaokecar, AUDI手机互联=com.zone.hmi.ecodomain, 小宇宙=com.zone.hmi.mircrocos, QQ音乐=com.zone.hmi.qqmusic, 应用商店=com.zone.hmi.appstore, 手机互联=com.zone.hmi.ecodomain, 懒人听书=bubei.tingshu.hd, 视频投屏=com.zone.service.projection, 奥迪互联=com.zone.hmi.ecodomain, 有线投屏=com.zone.hmi.wiredprojection, 哔哩哔哩=com.bilibili.bilithings, audi connect=com.zone.hmi.ecodomain, 爱奇艺=com.qiyi.video.iv, 电台=com.zone.hmi.radio, 酷我音乐=cn.kuwo.kwmusiccar, U盘音乐=com.zone.hmi.usbmusic, B站=com.bilibili.bilithings, 相册=com.zone.hmi.photoalbum, 蓝牙音乐=com.zone.hmi.btmusic, 全民K歌=com.tencent.karaokecar}
AppBusinessConfig getAppNameList() list = [儿童座椅, 地图, 蓝牙电话, 电话, 自动泊车, 车设, 车辆设置, 懒人听书, 视频投屏, 日历, 奥迪泊车辅助, 有线投屏, 车控, 电台, 酷我音乐, U盘音乐, B站, 智能泊车, 车辆控制, 相册, 全民K歌, 展车模式, 设置, K歌, AUDI手机互联, 小宇宙, QQ音乐, 应用商店, 手机互联, 车控车设, 奥迪互联, 车辆, 哔哩哔哩, audi connect, 爱奇艺, 场景模式, 用车手册, 用户中心, 蓝牙音乐, 主题与壁纸, 泊车辅助, 维保预约]
getVehicleConfig key: VehCfg_Media_appletEnable
convertToVehicleConfigValue: key[VehCfg_Media_appletEnable], type[1], result[0], option[]
convertToVehicleConfigValue: valueBool[false]
AppSpeechExecutor isAppletCenterExist: isConfig = false
AppStoreManager intent.getAction() = android.intent.action.PACKAGE_ADDED
AppStoreManager updateAppList[]
AppStoreManager mAppInfoList.size = 0
AppSpeechExecutor upLoadAppList
AppBusinessConfig updateAppNameList()
getVehicleConfig key: VehCfg_SW_DrvrAllappsList
convertToVehicleConfigValue: key[VehCfg_SW_DrvrAllappsList], type[4], result[0], option[]
convertToVehicleConfigValue: valueString[com.zone.hmi.navi,com.zone.hmi.qqmusic,com.zone.hmi.mircrocos,com.zone.hmi.ximalayamusic,com.zone.hmi.usbmusic,com.zone.hmi.btmusic,com.zone.hmi.radio,com.zone.hmi.settings,com.qiyi.video.iv,com.bilibili.bilithings,com.zone.service.projection,com.tencent.karaokecar,com.zone.hmi.ecodomain,com.zone.hmi.carlog,com.zone.hmi.photoalbum,com.zone.service.avmservice,com.zone.hmi.btphone,com.zone.hmi.account,com.zone.hmi.smartscene,com.zone.hmi.appstore,cn.kuwo.kwmusiccar,bubei.tingshu.hd,com.zone.hmi.lightshow,com.zone.hmi.showroom,com.zone.hmi.themecenter,com.zone.hmi.calendar,com.zone.hmi.carlink,com.zone.hmi.usermanual,com.zone.hmi.wiredprojection,com.zone.hmi.carmaintenance,com.ls.safetyseat]
getVehicleConfig key: VehCfg_SW_PsngAllappsList
convertToVehicleConfigValue: key[VehCfg_SW_PsngAllappsList], type[4], result[0], option[]
convertToVehicleConfigValue: valueString[com.zone.hmi.qqmusic,com.zone.hmi.mircrocos,com.zone.hmi.ximalayamusic,com.zone.hmi.usbmusic,com.zone.hmi.btmusic,com.zone.hmi.radio,com.qiyi.video.iv,com.bilibili.bilithings,com.zone.service.projection,com.tencent.karaokecar,com.zone.hmi.ecodomain,com.zone.hmi.carlink,com.zone.hmi.appstore,cn.kuwo.kwmusiccar,bubei.tingshu.hd,com.zone.hmi.carlog,com.zone.hmi.photoalbum,com.zone.hmi.wiredprojection]
AppBusinessConfig drivePackages = [com.zone.hmi.navi, com.zone.hmi.qqmusic, com.zone.hmi.mircrocos, com.zone.hmi.ximalayamusic, com.zone.hmi.usbmusic, com.zone.hmi.btmusic, com.zone.hmi.radio, com.zone.hmi.settings, com.qiyi.video.iv, com.bilibili.bilithings, com.zone.service.projection, com.tencent.karaokecar, com.zone.hmi.ecodomain, com.zone.hmi.carlog, com.zone.hmi.photoalbum, com.zone.service.avmservice, com.zone.hmi.btphone, com.zone.hmi.account, com.zone.hmi.smartscene, com.zone.hmi.appstore, cn.kuwo.kwmusiccar, bubei.tingshu.hd, com.zone.hmi.lightshow, com.zone.hmi.showroom, com.zone.hmi.themecenter, com.zone.hmi.calendar, com.zone.hmi.carlink, com.zone.hmi.usermanual, com.zone.hmi.wiredprojection, com.zone.hmi.carmaintenance, com.ls.safetyseat] copilotPackages = [com.zone.hmi.qqmusic, com.zone.hmi.mircrocos, com.zone.hmi.ximalayamusic, com.zone.hmi.usbmusic, com.zone.hmi.btmusic, com.zone.hmi.radio, com.qiyi.video.iv, com.bilibili.bilithings, com.zone.service.projection, com.tencent.karaokecar, com.zone.hmi.ecodomain, com.zone.hmi.carlink, com.zone.hmi.appstore, cn.kuwo.kwmusiccar, bubei.tingshu.hd, com.zone.hmi.carlog, com.zone.hmi.photoalbum, com.zone.hmi.wiredprojection]
AppBusinessConfig android.content.pm.PackageManager$NameNotFoundException: com.zone.hmi.ximalayamusic
AppBusinessConfig android.content.pm.PackageManager$NameNotFoundException: com.zone.hmi.carlog
AppBusinessConfig android.content.pm.PackageManager$NameNotFoundException: com.zone.hmi.lightshow
AppBusinessConfig android.content.pm.PackageManager$NameNotFoundException: com.zone.hmi.carlink
AppBusinessConfig android.content.pm.PackageManager$NameNotFoundException: com.zone.hmi.ximalayamusic
AppBusinessConfig android.content.pm.PackageManager$NameNotFoundException: com.zone.hmi.carlink
AppBusinessConfig android.content.pm.PackageManager$NameNotFoundException: com.zone.hmi.carlog
AppBusinessConfig mMapAppPackageDrive = {儿童座椅=com.ls.safetyseat, 地图=com.zone.hmi.navi, 蓝牙电话=com.zone.hmi.btphone, 电话=com.zone.hmi.btphone, 自动泊车=com.zone.service.avmservice, 车设=com.zone.hmi.settings, 车辆设置=com.zone.hmi.settings, 懒人听书=bubei.tingshu.hd, 视频投屏=com.zone.service.projection, 日历=com.zone.hmi.calendar, 奥迪泊车辅助=com.zone.service.avmservice, 有线投屏=com.zone.hmi.wiredprojection, 车控=com.zone.hmi.settings, 电台=com.zone.hmi.radio, 酷我音乐=cn.kuwo.kwmusiccar, U盘音乐=com.zone.hmi.usbmusic, B站=com.bilibili.bilithings, 智能泊车=com.zone.service.avmservice, 车辆控制=com.zone.hmi.settings, 相册=com.zone.hmi.photoalbum, 全民K歌=com.tencent.karaokecar, 展车模式=com.zone.hmi.showroom, 设置=com.zone.hmi.settings, K歌=com.tencent.karaokecar, AUDI手机互联=com.zone.hmi.ecodomain, 小宇宙=com.zone.hmi.mircrocos, QQ音乐=com.zone.hmi.qqmusic, 应用商店=com.zone.hmi.appstore, 手机互联=com.zone.hmi.ecodomain, 车控车设=com.zone.hmi.settings, 奥迪互联=com.zone.hmi.ecodomain, 车辆=com.zone.hmi.settings, 哔哩哔哩=com.bilibili.bilithings, audi connect=com.zone.hmi.ecodomain, 爱奇艺=com.qiyi.video.iv, 场景模式=com.zone.hmi.smartscene, 用车手册=com.zone.hmi.usermanual, 用户中心=com.zone.hmi.account, 蓝牙音乐=com.zone.hmi.btmusic, 主题与壁纸=com.zone.hmi.themecenter, 泊车辅助=com.zone.service.avmservice, 维保预约=com.zone.hmi.carmaintenance} mMapAppPackageCopilot = {K歌=com.tencent.karaokecar, AUDI手机互联=com.zone.hmi.ecodomain, 小宇宙=com.zone.hmi.mircrocos, QQ音乐=com.zone.hmi.qqmusic, 应用商店=com.zone.hmi.appstore, 手机互联=com.zone.hmi.ecodomain, 懒人听书=bubei.tingshu.hd, 视频投屏=com.zone.service.projection, 奥迪互联=com.zone.hmi.ecodomain, 有线投屏=com.zone.hmi.wiredprojection, 哔哩哔哩=com.bilibili.bilithings, audi connect=com.zone.hmi.ecodomain, 爱奇艺=com.qiyi.video.iv, 电台=com.zone.hmi.radio, 酷我音乐=cn.kuwo.kwmusiccar, U盘音乐=com.zone.hmi.usbmusic, B站=com.bilibili.bilithings, 相册=com.zone.hmi.photoalbum, 蓝牙音乐=com.zone.hmi.btmusic, 全民K歌=com.tencent.karaokecar}
AppBusinessConfig getAppNameList() list = [儿童座椅, 地图, 蓝牙电话, 电话, 自动泊车, 车设, 车辆设置, 懒人听书, 视频投屏, 日历, 奥迪泊车辅助, 有线投屏, 车控, 电台, 酷我音乐, U盘音乐, B站, 智能泊车, 车辆控制, 相册, 全民K歌, 展车模式, 设置, K歌, AUDI手机互联, 小宇宙, QQ音乐, 应用商店, 手机互联, 车控车设, 奥迪互联, 车辆, 哔哩哔哩, audi connect, 爱奇艺, 场景模式, 用车手册, 用户中心, 蓝牙音乐, 主题与壁纸, 泊车辅助, 维保预约]
getVehicleConfig key: VehCfg_Media_appletEnable
convertToVehicleConfigValue: key[VehCfg_Media_appletEnable], type[1], result[0], option[]
convertToVehicleConfigValue: valueBool[false]
AppSpeechExecutor isAppletCenterExist: isConfig = false
---------------------------- PROCESS STARTED (24511) for package com.zone.service.speech ----------------------------
Compat change id reported: 171979766; UID 1010082; state: ENABLED
No service published for: game
No Network Security Config specified, using platform default
No Network Security Config specified, using platform default
SpeechContentProvider onCreate
VM with version 2.1.0 has multidex support
Installing application
VM has multidex support, MultiDex support library is disabled.
QUALCOMM build                   : f7ec86987e, I92167edf2c
Build Date                       : 11/06/24
OpenGL ES Shader Compiler Version: E031.40.08.00
Local Branch                     : 
Remote Branch                    : refs/tags/AU_LINUX_ANDROID_LA.AU.1.4.8.R2.10.00.00.1081.013
Remote Branch                    : NONE
Reconstruct Branch               : NOTHING
Build Config                     : S P 10.0.7 AArch64
Driver Path                      : /vendor/lib64/egl/libGLESv2_adreno.so
Driver Version                   : 0649.0
PFP: 0x00000000, ME: 0x00000000
<gsl_context_create:3281>: ctxt_id 205, sync_type 1
<ReadGpuID_from_sysfs:384>: Failed to open /sys/class/kgsl/kgsl-3d0/gpu_model
<ReadGpuID:408>: Reading chip ID through GSL
<gsl_context_create:3281>: ctxt_id 206, sync_type 1
ioctl c0044901 failed with code -1: Inappropriate ioctl for device
Using : Non-legacy ION heaps
onWindowFocus: DecorView@5ac27de[MainActivity] softInputMode=STATE_UNSPECIFIED|ADJUST_PAN
Restarting due to isRestartOnNextWindowFocus as true
onViewFocusChanged, hasFocus=true,view=DecorView@5ac27de[MainActivity], mServedView=null
checkFocus: view=null next=DecorView@5ac27de[MainActivity] force=true package=<none>
Starting input: view=DecorView@5ac27de[MainActivity],focus=false,windowFocus=true,autofillUiShowing=false,window=android.view.ViewRootImpl$W@226cdbf,displayId=0,temporaryDetach=false,hasImeFocus=true reason=WINDOW_FOCUS_GAIN
Starting input: tba=android.view.inputmethod.EditorInfo@deffc8c ic=null
START INPUT: view=DecorView@5ac27de[MainActivity],focus=false,windowFocus=true,autofillUiShowing=false,window=android.view.ViewRootImpl$W@226cdbf,displayId=0,temporaryDetach=false,hasImeFocus=true ic=null tba=android.view.inputmethod.EditorInfo@deffc8c startInputFlags=VIEW_HAS_FOCUS|INITIAL_CONNECTION
Starting input: Bind result=InputBindResult{result=SUCCESS_WAITING_IME_SESSION method=null id=com.baidu.input/.ImeService sequence=50 isInputMethodSuppressingSpellChecker=false}
handleMessage: MSG_SET_ACTIVE true, was false
handleMessage: MSG_BIND 50,com.baidu.input/.ImeService
Starting input: view=DecorView@5ac27de[MainActivity],focus=false,windowFocus=true,autofillUiShowing=false,window=android.view.ViewRootImpl$W@226cdbf,displayId=0,temporaryDetach=false,hasImeFocus=true reason=BOUND_TO_IMMS
Starting input: tba=android.view.inputmethod.EditorInfo@e695fd5 ic=null
Starting input: finished by someone else. view=DecorView@5ac27de[MainActivity],focus=false,windowFocus=true,autofillUiShowing=false,window=android.view.ViewRootImpl$W@226cdbf,displayId=0,temporaryDetach=false,hasImeFocus=true servedView=DecorView@5ac27de[MainActivity],focus=false,windowFocus=true,autofillUiShowing=false,window=android.view.ViewRootImpl$W@226cdbf,displayId=0,temporaryDetach=false,hasImeFocus=true mServedConnecting=false
Instantiate ZoneSpeechService
ZoneSpeechService connecting CoreServiceManager...
service: ZoneSpeechService syncServiceBinder
onCreate ZoneSpeechService
ZoneSpeechService onCreate
Constructor
connectService
HwBinder: Starting thread pool for getting: vendor.zone.vehicleconfig@1.0::IVehicleConfigProxy/default
onGetBinder, mConnectionState :STATE_INIT
service connected
onServiceConnected
onServiceConnected
registerVehicleConfigListener com.zone.service.speech.base.VehicleConfigAdapter$VehicleConfigureChangedListener@f8486db, keys: [VehCfg_SW_DeviceID, VehCfg_SW_VinCode]
registerVehicleConfigListener, mKeyAndListenerMap:{VehCfg_SW_DeviceID=[com.zone.service.speech.base.VehicleConfigAdapter$VehicleConfigureChangedListener@f8486db], VehCfg_SW_VinCode=[com.zone.service.speech.base.VehicleConfigAdapter$VehicleConfigureChangedListener@f8486db]}
registerVehicleConfigListener, keys:[VehCfg_SW_DeviceID, VehCfg_SW_VinCode]
VehicleConfigAdapter init... this = com.zone.service.speech.base.VehicleConfigAdapter@4e65578
VehicleAccountAdapter Constructor
getInstance
AccountManagerImpl
init
autoConnectService
registerServerListener
[BinderHelper] isSync = false
bindServiceCommon, service: Intent { cmp=com.zone.service.coreservicemanagerservice/.ServiceManagerService }, flags: 1, instanceName: null, user: UserHandle{10}
AudioRecordManager Constructor
AudioRecordManager audio buffer size = 8192 mBufferSize = 8192
Constructor
SpeechAudioService Constructor
connectToCoreService
Constructor
RecognitionService Constructor
SystemPropertyUtil getRoBuildServerEnv()
SystemPropertyUtil get property type is: ro.vendor.build.server.env, and value is: QA
VehicleConfigAdapter getVinCodeAsync
VehicleConfigAdapter send message success
getVehicleConfig key: VehCfg_SW_VinCode
VehicleConfigAdapter getDeviceIdAsync
VehicleConfigAdapter send message success
Constructor
convertToVehicleConfigValue: key[VehCfg_SW_VinCode], type[4], result[0], option[]
convertToVehicleConfigValue: valueString[]
VehicleConfigAdapter$LocalHandler.lambda$getVinCode$1$com-zone-service-speech-base-VehicleConfigAdapter$LocalHandler(): VehicleConfigAdapter getVinCode failed!
SystemPropertyUtil getVinCode()
SystemPropertyUtil get property type is: persist.vincode, and value is: 
getVehicleConfig key: VehCfg_SW_DeviceID
Permission - registerPermissionServiceListener_0
Permission - registerPermissionServiceListener_1
convertToVehicleConfigValue: key[VehCfg_SW_DeviceID], type[4], result[0], option[]
convertToVehicleConfigValue: valueString[]
Permission - initcom.zone.service.speech.SpeechServiceApplication@6ed2451 api version : 1.0.5 api release :true|calling pid:24511,calling uid:1010082
FsmBind - startMachine_0
FsmBind - startThread_0
VehicleConfigAdapter$LocalHandler.lambda$getDevice$0$com-zone-service-speech-base-VehicleConfigAdapter$LocalHandler(): VehicleConfigAdapter getDeviceId value failed!
FsmBind - startThread_1.0,mMsgThread:
SemanticCloud getDeviceIdAsync onError
FsmBind - startThread_1.1,mMsgThread:Thread[com.zone.api.permission.mechanism.FSMBIND_THREAD,5,main]
FsmBind - startThread_1.2:
FsmBind - startThread_2.0:
FsmBind - startThread_2.1,mMsgHandler:Handler (android.os.Handler) {d3f0c89},mCallback:com.zone.api.permission.mechanism.FsmBind$Callback@4a0448e
FsmBind - triggerToStateInit_0 STATE0
FsmBind - startMachine_1
FsmBind - handleMessage,msg:{ when=0 what=0 target=android.os.Handler },ThreadName:com.zone.api.permission.mechanism.FSMBIND_THREAD
FsmBind - initStateFunction_1
FsmBind - initStateFunction_1.1:MSG_BIND
FsmBind - triggerToStateBinding_0 STATE1
FsmBind - handleMessage,msg:{ when=0 what=1 target=android.os.Handler },ThreadName:com.zone.api.permission.mechanism.FSMBIND_THREAD
FsmBind - bindingStateFunction_0:
bindServiceCommon, service: Intent { cmp=com.zone.service.systemserver/.permission.PermissionManagerService }, flags: 1, instanceName: null, user: UserHandle{10}
publishService name:ZoneSpeechService subName:
onBinderAvailable serviceName = ZoneSpeechService
SpeechDialogueBusinessManager Connected version = 
getSpeechManager serviceName = speech.wk.service
getSpeechBaseManager serviceName = speech.wk.service
IBizDialogueImpl registerListener listenerId = {"domains":["media"],"package":"com.zone.service.mediacenter"}
getCurrentPowerState
init
requestBindToPrivateNetwork
Permission - bindService bindResult ret = true
FsmBind - bindingStateFunction_1.1
bindToWifiNetwork, network=103
getSpeechManager serviceName = speech.recognition.service
getSpeechBaseManager serviceName = speech.recognition.service
getReadyState readyType:Audio
ISpeechApisImpl.handleSystemAndPowerEvents(): SpeechCore handleSystemAndPowerEvents state = 1 reason = Start audioReady = true
bindToNetwork, network name = WIFI ret = true
SpeechUploadDataService registerListener listenerId = {"domains":["media"],"package":"com.zone.service.mediacenter"}
ZoneSpeechService powerState = 3
StackLog: [android.net.ConnectivityManager.sendRequestForNetwork(ConnectivityManager.java:3925)] [android.net.ConnectivityManager.sendRequestForNetwork(ConnectivityManager.java:3967)] [android.net.ConnectivityManager.registerNetworkCallback(ConnectivityManager.java:4349)] [android.net.ConnectivityManager.registerNetworkCallback(ConnectivityManager.java:4319)] [com.zone.api.apnmanager.ApnManager.listenPrivateAvailable(ApnManager.java:275)] [com.zone.api.apnmanager.ApnManager.requestBindToPrivateNetwork(ApnManager.java:196)] [com.zone.service.speech.base.NetworkConnectivityAdapter.init(NetworkConnectivityAdapter.java:36)] [com.zone.service.speech.ISpeechApisImpl$InitRunnable.run(ISpeechApisImpl.java:239)] [java.lang.Thread.run(Thread.java:920)]
getSpeechManager serviceName = speech.audio.service
onBind ZoneSpeechService
getSpeechBaseManager serviceName = speech.audio.service
Service connected: ComponentInfo{com.zone.service.coreservicemanagerservice/com.zone.service.coreservicemanagerservice.ServiceManagerService}!
[onServiceConnected ] mServiceReceiver is null, maybe current connect is async 
 onservice connect !
bindService
StackLog: [android.net.ConnectivityManager.sendRequestForNetwork(ConnectivityManager.java:3925)] [android.net.ConnectivityManager.sendRequestForNetwork(ConnectivityManager.java:3967)] [android.net.ConnectivityManager.registerNetworkCallback(ConnectivityManager.java:4349)] [android.net.ConnectivityManager.registerNetworkCallback(ConnectivityManager.java:4319)] [com.zone.api.apnmanager.ApnManager.listenWifiAvailable(ApnManager.java:284)] [com.zone.api.apnmanager.ApnManager.requestBindToPrivateNetwork(ApnManager.java:197)] [com.zone.service.speech.base.NetworkConnectivityAdapter.init(NetworkConnectivityAdapter.java:36)] [com.zone.service.speech.ISpeechApisImpl$InitRunnable.run(ISpeechApisImpl.java:239)] [java.lang.Thread.run(Thread.java:920)]
SpeechEngineAdapter init
SpeechEngineAdapter create success
CoreManger onServiceConnected
onStart name:ZoneSpeechServicereason:Restart
initModule
getReadyState readyType:Audio
[BaseManager][UserIntentManager init]
startResponse name: ZoneSpeechService reason:Restart
ISpeechApisImpl.handleSystemAndPowerEvents(): SpeechCore handleSystemAndPowerEvents state = 1 reason = Restart audioReady = true
onServiceDisconnected
VehicleConfigAdapter getDeviceIdAsync
VehicleConfigAdapter send message success
VehicleConfigAdapter getDeviceIdAsync
[ServiceConnectManager][registerBinderListener]Begin, size:2
VehicleConfigAdapter send message success
[ServiceConnectManager][registerBinderListener]End, service has connected, size:3
[BaseManager][UserIntentManager onServiceConnected]connected
[UserIntentManager][onBinder]
bindServiceCommon, service: Intent { cmp=com.zone.service.systemserver/.time.TimeService }, flags: 1, instanceName: null, user: UserHandle{10}
getVehicleConfig key: VehCfg_SW_DeviceID
Core service binder is null, waiting...
Connected to ComponentInfo{com.zone.service.tts/com.zone.service.tts.TtsCoreService}
[BinderHelper] isSync = false
convertToVehicleConfigValue: key[VehCfg_SW_DeviceID], type[4], result[0], option[]
convertToVehicleConfigValue: valueString[]
VehicleConfigAdapter$LocalHandler.lambda$getDevice$0$com-zone-service-speech-base-VehicleConfigAdapter$LocalHandler(): VehicleConfigAdapter getDeviceId value failed!
registerExtendListener
onUserCenterServiceReady
obtainUserDataProfile
ApnNetworkCallback.onAvailable
Permission - onServiceConnected componentName:ComponentInfo{com.zone.service.systemserver/com.zone.service.systemserver.permission.PermissionManagerService}  binder:android.os.BinderProxy@e3e1a43
Permission - linkToDeath android.os.BinderProxy@e3e1a43
FsmBind - triggerToStateBindSuccess_0 STATE2
FsmBind - triggerToStateBindSuccess_1
FsmBind - handleMessage,msg:{ when=0 what=2 target=android.os.Handler },ThreadName:com.zone.api.permission.mechanism.FSMBIND_THREAD
FsmBind - bindSuccessStateFunction_0:
FsmBind - pendingThread_0
FsmBind - pendingThread_1.1
FsmBind - pendingThread_1.2
Permission - onServiceConnected_0
HwBinder: Starting thread pool for getting: com.zone.hardware.datacollection@1.0::IDataCollection/default
Permission - onServiceConnected_1
Permission - onServiceConnected_2
Permission - onServiceConnected_3
SpeechPermissionManager Permission onServiceConnected
ApnNetworkCallback.onAvailable, network name=APN2
ManagerFactory - createManager type1
[checkHwBinder] mServiceReceiver is null, maybe current connect is async 
service connected
BaseManager - BaseManager
Permission - getManager managercom.zone.api.permission.impl.PermissionClient@f43c8c0type1
Permission - getManager mServiceMapcom.zone.api.permission.impl.PermissionClient@f43c8c0
Permission - updateBinder 
BaseManager - BaseManager setServicecom.zone.api.permission.manager.ICarPermissionManagerExt$Stub$Proxy@b8729f9
Permission - updateBinder queryBinder
Compat change id reported: 160794467; UID 1010082; state: ENABLED
PermissionManager - registerDataChangeListenerInService
BaseManager - getServicecom.zone.api.permission.manager.ICarPermissionManagerExt$Stub$Proxy@b8729f9
WifiNetworkCallback.onAvailable
WifiNetworkCallback.onAvailable, network name=WIFI
Set up connection to ComponentInfo{com.zone.service.tts/com.zone.service.tts.TtsCoreService}
getVehicleConfig key: VehCfg_SW_DeviceID
BaseManager - getServicecom.zone.api.permission.manager.ICarPermissionManagerExt$Stub$Proxy@b8729f9
convertToVehicleConfigValue: key[VehCfg_SW_DeviceID], type[4], result[0], option[]
convertToVehicleConfigValue: valueString[]
VehicleConfigAdapter$LocalHandler.lambda$getDevice$0$com-zone-service-speech-base-VehicleConfigAdapter$LocalHandler(): VehicleConfigAdapter getDeviceId value failed!
get device id failed, use the mac address to active.
ZoneSpeechService Start foreground service done
callbackNetworkBound, networkType=2
NetworkConnectivityAdapter onNetworkBound networkType = 2
callbackNetworkAvailable, networkType=2, isAvailable=true
NetworkConnectivityAdapter onBoundNetworkAvailable networkType = 2 isAvailable = true
onServiceConnected
DeviceIdentifier$1.onError(): DeviceIdentifier Invalid device, use androidId to active = f489b89a87005956
onServiceConnected - TimeSource: 3
SpeechEngineAdapter Time calibration notice！
bindToWifiNetwork, network=103
bindToNetwork, network name = WIFI ret = true
callbackNetworkAvailable, networkType=2, isAvailable=true
NetworkConnectivityAdapter onBoundNetworkAvailable networkType = 2 isAvailable = true
BaseManager - onPermissionStatusChanged packageName = com.zone.service.speech  permission=android.permission.RECORD_AUDIO  status = 2
mEstablished:true;result:0
SpeechAudioService tts init status = 0
callbackNetworkBound, networkType=2
BaseManager - sendDataChangeMessage{ when=0 what=2 target=android.os.Handler }
NetworkConnectivityAdapter onNetworkBound networkType = 2
callbackNetworkAvailable, networkType=2, isAvailable=true
NetworkConnectivityAdapter onBoundNetworkAvailable networkType = 2 isAvailable = true
SpeechPermissionManager onChanged audio record permission granted!
SpeechPermissionManager Debug permission status = 2
SpeechPermissionManager permission granted
FsmBind - bindSuccessStateFunction_1
IflytekAuthorizationImpl deviceID = f489b89a87005956
IflytekAuthorizationImpl authData = {"path":"/data/vendor_de/zone_speech/lesl.v2c","key":["sn_info"],"sn_info":"f489b89a87005956"}
SpeechEngineAdapter active code  = {"path":"/data/vendor_de/zone_speech/lesl.v2c","key":["sn_info"],"sn_info":"f489b89a87005956"}
Warning: "/data/app/~~5DROyf9nrcC0WhtFBZDFIw==/com.zone.service.speech-PoH_yc3KWiZ4vY0CxOb40w==/base.apk!/lib/arm64-v8a/libw_ivpr.so" unused DT entry: DT_RPATH (type 0xf arg 0x9ef) (ignoring)
JNI_OnLoad
gJNICachePath: /data/user_de/10/com.zone.service.speech/cache
SpeechEngineAdapter setMachine code success!!
getVehicleConfig key: VehCfg_Audio_SpeakerType
convertToVehicleConfigValue: key[VehCfg_Audio_SpeakerType], type[2], result[0], option[]
convertToVehicleConfigValue: valueInt[8]
isHignVehicle --> value:8
create --> load mode:nn_pt4.saic_audi_pp01.low_cfg
[2025-09-18 19:42:40 123][6173003][INF][P0x5fbf][T0x5fe8][libissms_jni.cpp][Java_com_iflytek_speech_libissms_setMachineCode][443] setMachineCode
[2025-09-18 19:42:40 123][6173003][INF][P0x5fbf][T0x5fe8][issms.cpp][ISSMSSetMachineCode][87] ISSMSSetMachineCode | szMachineCode = {"path":"/data/vendor_de/zone_speech/lesl.v2c","key":["sn_info"],"sn_info":"f489b89a87005956"}
[2025-09-18 19:42:40 123][6173003][INF][P0x5fbf][T0x5fe8][libissms_jni.cpp][Java_com_iflytek_speech_libissms_setMachineCode][456] setMachineCode leave
[2025-09-18 19:42:40 125][6173004][INF][P0x5fbf][T0x5fe8][libissms_jni.cpp][Java_com_iflytek_speech_libissms_create][349] create
[2025-09-18 19:42:40 125][6173004][INF][P0x5fbf][T0x5fe8][issms.cpp][ISSMSCreate][34] ISSMSCreate | phISSMSObj = 0x6fbd7fa940, szResourceDir = {
"SEResPath":"/mnt/vendor/vr/res/SERes",
"MVWResPath":"/mnt/vendor/vr/res/MVWRes/FirstRes",
"MSResPath":"/mnt/vendor/vr/res/MSRes",
"SRResPath":"/mnt/vendor/vr/res/SRRes"
}, szSEDenoiseModeName = nn_pt4.saic_audi_pp01.low_cfg, eSRAcousLang = 0, eMVWAcousLang = 0, pfnMSOnMsgProc = 0x6fbd70df68, pUsrArg = 0x1956, nSRInstCount = 1
[2025-09-18 19:42:40 125][6173005][INF][P0x5fbf][T0x5fe8][MSConfigParser.cpp][parse][21] m_strAppid = 576d9f07
[2025-09-18 19:42:40 125][6173005][INF][P0x5fbf][T0x5fe8][MSConfigParser.cpp][parse][26] m_strActivePath = /data/user_de/10/com.zone.service.speech/vr/iflytek/Active/MSRes
[2025-09-18 19:42:40 125][6173005][INF][P0x5fbf][T0x5fe8][MSConfigParser.cpp][parse][31] m_bNeedInitSE = 1
[2025-09-18 19:42:40 125][6173005][INF][P0x5fbf][T0x5fe8][MSConfigParser.cpp][parse][36] m_bNeedInitVad = 0
[2025-09-18 19:42:40 125][6173005][INF][P0x5fbf][T0x5fe8][MSConfigParser.cpp][parse][41] m_bNeedInitMVW = 1
[2025-09-18 19:42:40 125][6173005][INF][P0x5fbf][T0x5fe8][MSConfigParser.cpp][parse][46] m_bNeedBypass = 0
[2025-09-18 19:42:40 125][6173005][INF][P0x5fbf][T0x5fe8][MSConfigParser.cpp][parse][51] m_nBypassMicNum = 2
[2025-09-18 19:42:40 125][6173005][INF][P0x5fbf][T0x5fe8][MSConfigParser.cpp][parse][56] m_nMVWInstCount = 1
[2025-09-18 19:42:40 125][6173005][INF][P0x5fbf][T0x5fe8][MSConfigParser.cpp][parse][61] m_bNeedInitVPR = 0
[2025-09-18 19:42:40 125][6173005][INF][P0x5fbf][T0x5fe8][MSConfigParser.cpp][parse][66] m_bNeedVPRAfterWakeup = 0
[2025-09-18 19:42:40 125][6173005][INF][P0x5fbf][T0x5fe8][MSConfigParser.cpp][parseDialogueModeConfig][130] m_nGetCloudSemanticsResultSize = 102400
[2025-09-18 19:42:40 125][6173005][INF][P0x5fbf][T0x5fe8][MSConfigParser.cpp][parseDialogueModeConfig][135] m_bNeedFulltimeWakeup = 1
[2025-09-18 19:42:40 125][6173005][INF][P0x5fbf][T0x5fe8][MSConfigParser.cpp][parseDialogueModeConfig][140] m_bNeedFulltimeStartOneShotSr = 0
[2025-09-18 19:42:40 125][6173005][INF][P0x5fbf][T0x5fe8][MSConfigParser.cpp][parseDialogueModeConfig][145] m_bNeedMultimodelWakeup = 0
[2025-09-18 19:42:40 125][6173005][INF][P0x5fbf][T0x5fe8][MSConfigParser.cpp][parseDialogueModeConfig][150] m_bNeedSemanticTighten = 1
[2025-09-18 19:42:40 125][6173005][INF][P0x5fbf][T0x5fe8][MSConfigParser.cpp][parseDialogueModeConfig][155] m_bNeedStatusManager = 1
[2025-09-18 19:42:40 125][6173005][INF][P0x5fbf][T0x5fe8][MSConfigParser.cpp][parseDialogueModeConfig][160] m_bNeedJudgeCustomGram = 0
[2025-09-18 19:42:40 125][6173005][INF][P0x5fbf][T0x5fe8][MSConfigParser.cpp][parseDialogueModeConfig][165] m_nSrPatternManagerType = 0
[2025-09-18 19:42:40 125][6173005][INF][P0x5fbf][T0x5fe8][MSConfigParser.cpp][parseDialogueModeConfig][174] m_nIdentifyingSrMode = 0
[2025-09-18 19:42:40 125][6173005][INF][P0x5fbf][T0x5fe8][MSConfigParser.cpp][parseDialogueModeConfig][179] m_nTwiceWeakSemanticsTime = 5000
[2025-09-18 19:42:40 125][6173005][INF][P0x5fbf][T0x5fe8][MSConfigParser.cpp][parseDialogueModeConfig][188] MSConfigParser::parse m_vecTwiceWeakPassedService: 0:mapU 1:musicX 2:carControl 3:telephone 4:radio 5:airControl 6:app 7:cmdControl 8:query 9:cmd 10:train 11:flight 12:weather 13:vehicleInfo 14:internetRadio 15:stock 
[2025-09-18 19:42:40 125][6173005][INF][P0x5fbf][T0x5fe8][MSConfigParser.cpp][parseDialogueModeConfig][194] m_bNeedBrandwordsWakeup = 1
[2025-09-18 19:42:40 125][6173005][INF][P0x5fbf][T0x5fe8][MSConfigParser.cpp][parseDialogueModeConfig][199] m_nContextIntervalTime = 5000
[2025-09-18 19:42:40 125][6173005][INF][P0x5fbf][T0x5fe8][MSConfigParser.cpp][parseDialogueModeConfig][204] m_strBrandwords = 奥迪
[2025-09-18 19:42:40 125][6173005][INF][P0x5fbf][T0x5fe8][MSConfigParser.cpp][parseDialogueModeConfig][213] MSConfigParser::parse m_vecBrandwordsPassedService: 0:mapU 1:musicX 2:carControl 3:telephone 4:radio 5:airControl 6:app 7:cmdControl 8:cmd 9:train 10:query 11:flight 12:weather 13:vehicleInfo 14:internetRadio 15:stock 
[2025-09-18 19:42:40 125][6173005][INF][P0x5fbf][T0x5fe8][MSConfigParser.cpp][parseDialogueModeConfig][222] MSConfigParser::parse m_vecPassedService: 0:mapU 1:musicX 2:carControl 3:telephone 4:radio 5:airControl 6:app 7:cmdControl 8:cmd 9:train 10:query 11:flight 12:weather 13:vehicleInfo 14:internetRadio 15:stock 
[2025-09-18 19:42:40 125][6173005][INF][P0x5fbf][T0x5fe8][MSConfigParser.cpp][parseDialogueModeConfig][231] MSConfigParser::parse m_vecExecuteService: 0: 
[2025-09-18 19:42:40 125][6173005][INF][P0x5fbf][T0x5fe8][MSConfigParser.cpp][parseLogEncryptConfig][293] m_bLogEncrypt is: false
[2025-09-18 19:42:40 125][6173005][INF][P0x5fbf][T0x5fe8][MSConfigParser.cpp][parseNluResManage][307] nluResManage.enable=0.
[2025-09-18 19:42:40 125][6173005][INF][P0x5fbf][T0x5fe8][MSConfigParser.cpp][parseNluResManage][314] nluResManage.delayTime=5000.
[2025-09-18 19:42:40 127][6173007][INF][P0x5fbf][T0x5fe8][CMSIFlyLog.cpp][MsIFlyLogOpen][105] ISSMS 1031_2709
[2025-09-18 19:42:40 127][6173007][INF][P0x5fbf][T0x5fe8][CMSIFlyLog.cpp][MsIFlyLogOpen][106] ISSMS  PRJVERSION va_version: 2b352b97c, commit: 2025-08-04 18:14:26, build: 2025-08-07 14:07:38
[2025-09-18 19:42:40 127][6173007][INF][P0x5fbf][T0x5fe8][CMSIFlyLog.cpp][MsIFlyLogOpen][108] ISSMS SoftEncSet
[2025-09-18 19:42:40 127][6173007][INF][P0x5fbf][T0x5fe8][idas_inl.cpp][Init][82] workpath: /data/user_de/10/com.zone.service.speech/vr/iflytek/Active/MSRes/../Idas/ access success.
[2025-09-18 19:42:40 129][6173009][CRT][P0x5fbf][T0x5fe8][idas_inl.cpp][Init][113] IDAS.1.0.1006_1900
[2025-09-18 19:42:40 129][6173009][CRT][P0x5fbf][T0x5fe8][idas_inl.cpp][Init][114] git hash: c2bcc08, commit: 2025-05-15 15:48:45, build: 2025-05-15 15:53:14
[2025-09-18 19:42:40 129][6173009][INF][P0x5fbf][T0x5fe8][idas_inl.cpp][Init][115] params is [{"appid":"576d9f07","cfg_name":"/mnt/vendor/vr/res/MSRes/..//ISSLog//iss_log.cfg","device_id":"f489b89a87005956","platform":"android","work_path":"/data/user_de/10/com.zone.service.speech/vr/iflytek/Active/MSRes/../Idas/"}
].
[2025-09-18 19:42:40 143][6173023][INF][P0x5fbf][T0x5fe8][idas_inl.cpp][config][196] config enter.
[2025-09-18 19:42:40 144][6173023][INF][P0x5fbf][T0x5fe8][idas_inl.cpp][config][199] config queryed.
[2025-09-18 19:42:40 145][6173024][INF][P0x5fbf][T0x5fe8][idas_inl.cpp][config][228] init params | appid is 576d9f07, device_id is f489b89a87005956, platform is android.
[2025-09-18 19:42:40 147][6173027][INF][P0x5fbf][T0x5fe8][idas_dumping.cpp][Init][68] IDASDumpingInl::Init() mInited: 0, mDumpConfig.Enable() 1.
[2025-09-18 19:42:40 147][6173027][INF][P0x5fbf][T0x5fe8][idas_dumping.cpp][Init][80] dumping enable, path is /data/user_de/10/com.zone.service.speech/vr/iflytek/Active/MSRes/../Idas/dumping.
[2025-09-18 19:42:40 165][6173045][ERR][P0x5fbf][T0x6001][idas_dumping.cpp][CatchMcuException][444] CatchMcuException Open 0.
[2025-09-18 19:42:40 166][6173046][INF][P0x5fbf][T0x6000][idas_dumping.cpp][Uploading][730] IDASDumpingInl::Uploading mInited: 1
[2025-09-18 19:42:40 167][6173047][INF][P0x5fbf][T0x5fe8][issmsImpl.cpp][Create][291] SR LanguageType = 0
[2025-09-18 19:42:40 167][6173047][INF][P0x5fbf][T0x5fe8][issmsImpl.cpp][Create][292] MVW LanguageType = 0
[2025-09-18 19:42:40 168][6173047][INF][P0x5fbf][T0x6009][MsDialogueManager.cpp][DialogueWorking][132] DialogueWorking(): ThreadId=0x9b3f5cb0, Priority=0
[2025-09-18 19:42:40 168][6173047][INF][P0x5fbf][T0x5fe8][MsDialogueManager.cpp][SetIsStatusShareMode][400] SetIsStatusShareMode is 1
[2025-09-18 19:42:40 170][6173049][INF][P0x5fbf][T0x600b][CSharedSrMgr.cpp][thread_SRInitThread][69] SRInitThread(): ThreadId=0xa08ebcb0, Priority=-19
[2025-09-18 19:42:40 168][6173048][INF][P0x5fbf][T0x5fe8][libissse.cpp][ISSSECreate][52] ISSSECreate | pHandle = 0xb4000071d1612958, szResPath = /mnt/vendor/vr/res/SERes, szSEDenoiseModeName = nn_pt4.saic_audi_pp01.low_cfg
[2025-09-18 19:42:40 169][6173049][INF][P0x5fbf][T0x5fe8][CIssSe.cpp][CIssSe][82] strLogPath Dir : /mnt/vendor/vr/res/SERes/../ISSLog/iss_log.cfg !
[2025-09-18 19:42:40 169][6173049][INF][P0x5fbf][T0x5fe8][CSEIFlyLog.cpp][ParseDynamicLogDir][76] strLogCfgFile Dir : /mnt/vendor/vr/res/SERes/../ISSLog/iss_log.cfg !
[2025-09-18 19:42:40 170][6173049][INF][P0x5fbf][T0x5fe8][CIssSe.cpp][InitLog][1354] SE Log Output Car Dir : /mnt/vendor/vr/res/SERes/../ISSLog/iss_log.cfg !
[2025-09-18 19:42:40 170][6173050][INF][P0x5fbf][T0x5fe8][CSEIFlyLog.cpp][SEIFlyLogOpen][128] ISSSE 1031_2709
[2025-09-18 19:42:40 170][6173050][INF][P0x5fbf][T0x5fe8][CSEIFlyLog.cpp][SEIFlyLogOpen][129] ISSSE  PRJVERSION va_version: 2b352b97c, commit: 2025-08-04 18:14:26, build: 2025-08-07 14:07:38
[2025-09-18 19:42:40 170][6173050][INF][P0x5fbf][T0x5fe8][CSEIFlyLog.cpp][SEIFlyLogOpen][131] ISSSE SoftEnc
[2025-09-18 19:42:40 170][6173050][WAN][P0x5fbf][T0x5fe8][SeConfigParser.cpp][parseInput][120] Fail to parse BitWidth!
[2025-09-18 19:42:40 171][6173050][INF][P0x5fbf][T0x5fe8][SeConfigParser.cpp][parseInput][126] BitWidth is: 16.
[2025-09-18 19:42:40 171][6173050][INF][P0x5fbf][T0x5fe8][SeConfigParser.cpp][parseInput][127] BytePerSample is: 2.
[2025-09-18 19:42:40 171][6173050][INF][P0x5fbf][T0x5fe8][SeConfigParser.cpp][parseInput][135] SampleRate is: 16000.
[2025-09-18 19:42:40 171][6173050][INF][P0x5fbf][T0x5fe8][SeConfigParser.cpp][parseOutput][151] OutputAsrAll is: 1.
[2025-09-18 19:42:40 171][6173050][INF][P0x5fbf][T0x5fe8][SeConfigParser.cpp][parseOutput][156] m_bTDEnabled is: 0.
[2025-09-18 19:42:40 171][6173050][INF][P0x5fbf][T0x5fe8][SeConfigParser.cpp][parseOutput][161] m_bConvert2Interleaving is: 0.
[2025-09-18 19:42:40 171][6173050][INF][P0x5fbf][T0x5fe8][SeConfigParser.cpp][parseAuth][273] m_szAppid is : 576d9f07
[2025-09-18 19:42:40 171][6173050][INF][P0x5fbf][T0x5fe8][SeConfigParser.cpp][parseAuth][285] m_strAuthURL is : autodev.openspeech.cn
[2025-09-18 19:42:40 171][6173050][INF][P0x5fbf][T0x5fe8][SeConfigParser.cpp][parseAuth][309] m_iNoLicenseUseNum is : 60000
[2025-09-18 19:42:40 171][6173050][INF][P0x5fbf][T0x5fe8][SeConfigParser.cpp][parseDebug][337] EnableMoreDebugLog is: 0.
[2025-09-18 19:42:40 171][6173050][INF][P0x5fbf][T0x5fe8][SeConfigParser.cpp][parseDebug][343] IsLogPcm is: 1.
[2025-09-18 19:42:40 171][6173050][INF][P0x5fbf][T0x5fe8][SeConfigParser.cpp][parseDebug][350] PcmLogLength is: 0.
[2025-09-18 19:42:40 171][6173050][INF][P0x5fbf][T0x5fe8][SeConfigParser.cpp][parseDebug][357] PcmLogMaxCount is: 0.
[2025-09-18 19:42:40 171][6173050][INF][P0x5fbf][T0x5fe8][SeConfigParser.cpp][parseDebug][363] LogInputPcmChannel is: 0.
[2025-09-18 19:42:40 171][6173050][INF][P0x5fbf][T0x5fe8][SeConfigParser.cpp][parseDebug][368] EngineDebug is: .
[2025-09-18 19:42:40 171][6173050][INF][P0x5fbf][T0x5fe8][SeConfigParser.cpp][parseEngine][181] optimizeType is: 1.
[2025-09-18 19:42:40 171][6173050][INF][P0x5fbf][T0x5fe8][SeConfigParser.cpp][parseChannelsTransformRules][241] enable is: 0.
[2025-09-18 19:42:40 171][6173050][INF][P0x5fbf][T0x5fe8][SeConfigParser.cpp][parse][98] enableRegionManage is: 0.
[2025-09-18 19:42:40 171][6173050][INF][P0x5fbf][T0x5fe8][SeConfigParser.cpp][parse][105] enableRTF is: 0.
[2025-09-18 19:42:40 171][6173051][WAN][P0x5fbf][T0x5fe8][CIssSe.cpp][InitIdas][1218] strCfgFile: /mnt/vendor/vr/res/SERes/../ISSLog
[2025-09-18 19:42:40 171][6173051][WAN][P0x5fbf][T0x5fe8][CIssSe.cpp][CIssSe][152] not find config </mnt/vendor/vr/res/SERes/config/nn_pt4.saic_audi_pp01.low_cfg.ini.enc>
[2025-09-18 19:42:40 171][6173051][INF][P0x5fbf][T0x5fe8][CIssSe.cpp][CIssSe][169] use cfg file /mnt/vendor/vr/res/SERes/config/nn_pt4.saic_audi_pp01.low_cfg.ini
[2025-09-18 19:42:40 171][6173051][INF][P0x5fbf][T0x5fe8][SeInterface.cpp][initLibrary][94] SEInterface::initLibrary LoadLibrary libivSEEngine.so
Warning: "/data/app/~~5DROyf9nrcC0WhtFBZDFIw==/com.zone.service.speech-PoH_yc3KWiZ4vY0CxOb40w==/base.apk!/lib/arm64-v8a/libivSEEngine.so" unused DT entry: DT_RPATH (type 0xf arg 0x531) (ignoring)
[2025-09-18 19:42:40 174][6173053][INF][P0x5fbf][T0x5fe8][SeInterface.cpp][initLibrary][119] LoadLibrary libivSEEngine.so success
[2025-09-18 19:42:40 174][6173054][INF][P0x5fbf][T0x5fe8][CIssSe.cpp][CIssSe][193] CIssSe check res_version of CTTSConfigParser::m_strActivePath
[2025-09-18 19:42:40 174][6173054][INF][P0x5fbf][T0x5fe8][CIssSe.cpp][CIssSe][196] CIssSe check res_version of strDefaultActivePath
[2025-09-18 19:42:40 174][6173054][INF][P0x5fbf][T0x5fe8][CIssSe.cpp][CIssSe][210] SE_ISS SE 1031_2709
[2025-09-18 19:42:40 174][6173054][INF][P0x5fbf][T0x5fe8][CIssSe.cpp][CIssSe][211] SE_ISS SE  PRJVERSION va_version: 2b352b97c, commit: 2025-08-04 18:14:26, build: 2025-08-07 14:07:38
[2025-09-18 19:42:40 174][6173054][INF][P0x5fbf][T0x5fe8][CIssSe.cpp][CIssSe][212] ENCTYPE: SoftEnc
LESL.1.0.1015_0700 SET git hash: 6ab0d7c, commit: 2025-02-20 17:26:52, build: 2025-02-24 01:55:09
[2025-09-18 19:42:40 170][6173050][INF][P0x5fbf][T0x600b][libisssr2.cpp][ISSSR2Init][34] ISSSR2Init | szResPath: /mnt/vendor/vr/res/SRRes, eAcousLang: 0
[2025-09-18 19:42:40 171][6173050][INF][P0x5fbf][T0x600b][SrConfigParser.cpp][parseProjectConfig][304] Appid is set to 576d9f07.
[2025-09-18 19:42:40 171][6173050][INF][P0x5fbf][T0x600b][SrConfigParser.cpp][parseProjectConfig][308] NliUserId is set to car_saic_audi.
[2025-09-18 19:42:40 171][6173050][INF][P0x5fbf][T0x600b][SrConfigParser.cpp][parseProjectConfig][312] TestModeEnabled is set to 0.
[2025-09-18 19:42:40 171][6173050][INF][P0x5fbf][T0x600b][SrConfigParser.cpp][parseProjectConfig][316] ApiKey is set to c6661d29e4def897721f7a3fa6b8ccb2.
[2025-09-18 19:42:40 171][6173050][INF][P0x5fbf][T0x600b][SrConfigParser.cpp][parseProjectConfig][319] ApiSecret is set to NWZmZjk4NTI0ODYwNmE5NTYzY2U4ZGQz.
[2025-09-18 19:42:40 171][6173050][INF][P0x5fbf][T0x600b][SrConfigParser.cpp][parseProjectConfig][328] m_iNoLicenseUseNum is : 10
[2025-09-18 19:42:40 171][6173050][INF][P0x5fbf][T0x600b][SrConfigParser.cpp][parseAuthConfig][413] m_strLESLUrl set to default: autodev.openspeech.cn
[2025-09-18 19:42:40 171][6173050][INF][P0x5fbf][T0x600b][SrConfigParser.cpp][parseAuthConfig][422] m_nLESLAuthScheme set to 0
[2025-09-18 19:42:40 171][6173050][INF][P0x5fbf][T0x600b][SrConfigParser.cpp][parseResOTAConfig][1043] m_bEnableResOTA is: false
[2025-09-18 19:42:40 171][6173050][INF][P0x5fbf][T0x600b][SrConfigParser.cpp][parseResOTAConfig][1046] m_strResPathForOTA is: 
[2025-09-18 19:42:40 171][6173050][INF][P0x5fbf][T0x600b][SrConfigParser.cpp][parseResOTAConfig][1049] m_strAppidForOTA is: 
[2025-09-18 19:42:40 171][6173050][INF][P0x5fbf][T0x600b][SrConfigParser.cpp][parseResOTAConfig][1052] m_strDeviceIdForOTA is: 
[2025-09-18 19:42:40 171][6173050][INF][P0x5fbf][T0x600b][SrConfigParser.cpp][parseResOTAConfig][1055] m_strUrlForOTA is: autotest.openspeech.cn/auto-ota-web-v2
[2025-09-18 19:42:40 171][6173050][INF][P0x5fbf][T0x600b][SrConfigParser.cpp][parseResOTAConfig][1058] m_strDomainForDeviceRegister is: autopre.openspeech.cn
[2025-09-18 19:42:40 171][6173050][INF][P0x5fbf][T0x600b][SrConfigParser.cpp][parseLogEncryptConfig][1142] m_bLogEncrypt is: false
[2025-09-18 19:42:40 171][6173050][INF][P0x5fbf][T0x600b][SrConfigParser.cpp][parseUploadStatus][1152] m_bAsyncUploadStatus is: false
[2025-09-18 19:42:40 173][6173053][INF][P0x5fbf][T0x600b][SrConfigParser.cpp][parseAuthConfig][403] SR SwEncCountExpiredReminder set to 40
[2025-09-18 19:42:40 173][6173053][INF][P0x5fbf][T0x600b][SrConfigParser.cpp][parseAuthConfig][406] SR SwEncTimeExpiredReminder set to 72000
[2025-09-18 19:42:40 173][6173053][INF][P0x5fbf][T0x600b][SrConfigParser.cpp][parseAuthConfig][410] m_strLESLUrl set to autodev.openspeech.cn
[2025-09-18 19:42:40 173][6173053][INF][P0x5fbf][T0x600b][SrConfigParser.cpp][parseAuthConfig][426] m_nLESLAuthScheme set to default: 0
[2025-09-18 19:42:40 173][6173053][INF][P0x5fbf][T0x600b][SrConfigParser.cpp][parseThreadConfig][442] AbandonLocalSrResultConsideringConfidenceScore if ConfidenceScore is lower than -600.
[2025-09-18 19:42:40 173][6173053][INF][P0x5fbf][T0x600b][SrConfigParser.cpp][parseRuntimeConfig][361] m_ulMaxRingBufferSizeVad is 983040
[2025-09-18 19:42:40 173][6173053][INF][P0x5fbf][T0x600b][SrConfigParser.cpp][parseRuntimeConfig][370] m_ulMaxRingBufferSizeSR is 983040
[2025-09-18 19:42:40 173][6173053][INF][P0x5fbf][T0x600b][SrConfigParser.cpp][parseRuntimeConfig][379] m_ulMaxRingBufferSizeCIAT is 983040
[2025-09-18 19:42:40 173][6173053][INF][P0x5fbf][T0x600b][SrConfigParser.cpp][parseRuntimeConfig][383] m_bEnableConfigCenterDownload is: false
[2025-09-18 19:42:40 173][6173053][INF][P0x5fbf][T0x600b][SrConfigParser.cpp][parseRuntimeConfig][387] m_bEnableVpr is: false
[2025-09-18 19:42:40 173][6173053][INF][P0x5fbf][T0x600b][SrConfigParser.cpp][parseRuntimeConfig][391] m_nVprInstMode is: 3
[2025-09-18 19:42:40 173][6173053][INF][P0x5fbf][T0x600b][SrConfigParser.cpp][parseVadModle][464] EnableLocalSad On.
[2025-09-18 19:42:40 173][6173053][INF][P0x5fbf][T0x600b][SrConfigParser.cpp][parseVadModle][468] SwitchVad On.
[2025-09-18 19:42:40 174][6173053][INF][P0x5fbf][T0x600b][ConfigVad.cpp][parseAvvadSet][121] m_bEnableAvvad is: false
[2025-09-18 19:42:40 174][6173053][INF][P0x5fbf][T0x600b][ConfigVad.cpp][parseAvvadSet][126] m_bEnableTimeoutHandle is: false
[2025-09-18 19:42:40 174][6173053][INF][P0x5fbf][T0x600b][SrConfigParser.cpp][parseSRConfig][477] Enable Local SR.
[2025-09-18 19:42:40 174][6173053][INF][P0x5fbf][T0x600b][SrConfigParser.cpp][parseSRConfig][481] Enable Cloud SR.
[2025-09-18 19:42:40 174][6173053][INF][P0x5fbf][T0x600b][SrConfigParser.cpp][parseSRConfig][485] DisableUploadDictToCloud is false.
[2025-09-18 19:42:40 174][6173053][INF][P0x5fbf][T0x600b][SrConfigParser.cpp][parseSRConfig][489] CouldStartLocalRecogniseWhenBuildLocalGrm is true.
[2025-09-18 19:42:40 174][6173053][INF][P0x5fbf][T0x600b][SrConfigParser.cpp][parseSRConfig][493] m_nCountOfDictMax setted to 5000
[2025-09-18 19:42:40 174][6173053][INF][P0x5fbf][T0x600b][SrConfigParser.cpp][parseSRConfig][500] GetKeyValue "UploadDict" success.
[2025-09-18 19:42:40 174][6173053][INF][P0x5fbf][T0x600b][SrConfigParser.cpp][parseSRConfig][504] m_nModeSelectPoi is 0.
[2025-09-18 19:42:40 174][6173053][INF][P0x5fbf][T0x600b][SrConfigParser.cpp][parseSRConfig][508] m_iUploadDictMode is 1.
[2025-09-18 19:42:40 174][6173053][INF][P0x5fbf][T0x600b][SrConfigParser.cpp][parseSRConfig][513] m_bEnableContinuousModel is: true
[2025-09-18 19:42:40 174][6173053][INF][P0x5fbf][T0x600b][SrConfigParser.cpp][parseSRConfig][517] m_nSrEngineType set to 0
[2025-09-18 19:42:40 174][6173053][INF][P0x5fbf][T0x600b][SrConfigParser.cpp][parseSRConfig][520] m_nEsrLoadVersion set to 1
[2025-09-18 19:42:40 174][6173053][INF][P0x5fbf][T0x600b][SrConfigParser.cpp][parseSRConfig][524] NLILoadResMode set to 0
[2025-09-18 19:42:40 174][6173053][INF][P0x5fbf][T0x600b][SrConfigParser.cpp][parseSRConfig][528] ClearResultMode set to 0
[2025-09-18 19:42:40 174][6173053][INF][P0x5fbf][T0x600b][SrConfigParser.cpp][parseSRConfig][532] m_bEnableFsaMemLoad is: true
[2025-09-18 19:42:40 174][6173054][INF][P0x5fbf][T0x600b][SrConfigParser.cpp][parseHybridVRStrategy][719] Focus Name: weather
[2025-09-18 19:42:40 174][6173054][INF][P0x5fbf][T0x600b][SrConfigParser.cpp][parseHybridVRStrategy][719] Focus Name: stock
[2025-09-18 19:42:40 174][6173054][INF][P0x5fbf][T0x600b][SrConfigParser.cpp][parseHybridVRStrategy][719] Focus Name: news
[2025-09-18 19:42:40 174][6173054][INF][P0x5fbf][T0x600b][SrConfigParser.cpp][parseHybridVRStrategy][719] Focus Name: flight
[2025-09-18 19:42:40 174][6173054][INF][P0x5fbf][T0x600b][SrConfigParser.cpp][parseHybridVRStrategy][719] Focus Name: train
[2025-09-18 19:42:40 174][6173054][INF][P0x5fbf][T0x600b][SrConfigParser.cpp][parseHybridVRStrategy][719] Focus Name: restaurant
[2025-09-18 19:42:40 174][6173054][INF][P0x5fbf][T0x600b][SrConfigParser.cpp][parseHybridVRStrategy][719] Focus Name: hotel
[2025-09-18 19:42:40 174][6173054][INF][P0x5fbf][T0x600b][SrConfigParser.cpp][parsePGSConfig][804] m_bEnablePgs is: true
[2025-09-18 19:42:40 174][6173054][INF][P0x5fbf][T0x600b][SrConfigParser.cpp][parsePGSConfig][808] m_bEnableLocalPgsEnglishFilter is: false
[2025-09-18 19:42:40 174][6173054][INF][P0x5fbf][T0x600b][SrConfigParser.cpp][parsePGSConfig][812] m_iHybridPgs is: 3
[2025-09-18 19:42:40 174][6173054][INF][P0x5fbf][T0x600b][SrConfigParser.cpp][parsePGSConfig][816] m_bPgsUniformSpeed is: 1
[2025-09-18 19:42:40 174][6173054][INF][P0x5fbf][T0x600b][SrConfigParser.cpp][parsePGSConfig][820] m_iPgsMaxSpeed is: 150
[2025-09-18 19:42:40 174][6173054][INF][P0x5fbf][T0x600b][SrConfigParser.cpp][parsePGSConfig][824] m_iPgsMinSpeedTime is: 75
[2025-09-18 19:42:40 174][6173054][INF][P0x5fbf][T0x600b][SrConfigParser.cpp][parsePGSConfig][828] m_iHybridPgsTimeOut is: 800
[2025-09-18 19:42:40 174][6173054][INF][P0x5fbf][T0x600b][SrConfigParser.cpp][parsePGSConfig][832] m_bEnablePgsResultPostProcess is: false
[2025-09-18 19:42:40 174][6173054][INF][P0x5fbf][T0x600b][SrConfigParser.cpp][parseNLUConfig][870] m_bEnableLocalNLU is: true
[2025-09-18 19:42:40 174][6173054][INF][P0x5fbf][T0x600b][SrConfigParser.cpp][parseNLUConfig][874] m_bEnableSpWord is: true
[2025-09-18 19:42:40 174][6173054][INF][P0x5fbf][T0x600b][SrConfigParser.cpp][parseSWFilterConfig][884] m_bEnableSWFilter is: false
[2025-09-18 19:42:40 174][6173054][INF][P0x5fbf][T0x600b][SrConfigParser.cpp][parseSWFilterConfig][888] m_bEnableSWFilterSync is: false
[2025-09-18 19:42:40 175][6173054][INF][P0x5fbf][T0x600b][SrConfigParser.cpp][parseSWFilterConfig][892] m_strSWFilterFormat is: *
[2025-09-18 19:42:40 175][6173054][INF][P0x5fbf][T0x600b][SrConfigParser.cpp][parseCataConfig][899] m_bEnableSrCata is: true
[2025-09-18 19:42:40 175][6173054][INF][P0x5fbf][T0x600b][SrConfigParser.cpp][parseCataConfig][903] m_strCataResPath is: /../CataRes
[2025-09-18 19:42:40 175][6173054][INF][P0x5fbf][T0x600b][SrConfigParser.cpp][parseAIKitConfig][1005] m_strScene set to main
[2025-09-18 19:42:40 175][6173054][INF][P0x5fbf][T0x600b][SrConfigParser.cpp][parseAIKitConfig][1014] m_bAIUIWriteAudioCodec set to true
[2025-09-18 19:42:40 175][6173054][INF][P0x5fbf][T0x600b][SrConfigParser.cpp][parseAIKitConfig][1017] m_nAikitThreadNum set to 12
[2025-09-18 19:42:40 175][6173054][INF][P0x5fbf][T0x600b][SrConfigParser.cpp][parseAIKitConfig][1020] m_nAikitSessionSize set to 20
[2025-09-18 19:42:40 175][6173054][INF][P0x5fbf][T0x600b][SrConfigParser.cpp][parseMultiDictConfig][1031] m_bEnableMultiDict is: false
[2025-09-18 19:42:40 175][6173054][INF][P0x5fbf][T0x600b][SrConfigParser.cpp][parseMultiDictConfig][1034] m_iMultiDictNum is: 4
[2025-09-18 19:42:40 175][6173054][INF][P0x5fbf][T0x600b][SrConfigParser.cpp][parseLocalSparkConfig][1082] m_bEnableLocalSpark is: false
[2025-09-18 19:42:40 175][6173054][INF][P0x5fbf][T0x600b][SrConfigParser.cpp][parseCloudSparkConfig][1094] m_nMaxNum is: 2
[2025-09-18 19:42:40 175][6173054][INF][P0x5fbf][T0x600b][SrConfigParser.cpp][parseCloudSparkConfig][1097] m_nPolicy is: 2
[2025-09-18 19:42:40 175][6173054][INF][P0x5fbf][T0x600b][SrConfigParser.cpp][parseEncodeImageConfig][1109] m_bEnableEncodeImage is: false
[2025-09-18 19:42:40 175][6173054][INF][P0x5fbf][T0x600b][SrConfigParser.cpp][parseEncodeImageConfig][1118] ImageWidth = 1920
[2025-09-18 19:42:40 175][6173054][INF][P0x5fbf][T0x600b][SrConfigParser.cpp][parseEncodeImageConfig][1122] ImageHeigth = 1080
[2025-09-18 19:42:40 175][6173054][INF][P0x5fbf][T0x600b][SrConfigParser.cpp][parseEncodeImageConfig][1126] ImageFormat = raw_bgr
[2025-09-18 19:42:40 175][6173054][INF][P0x5fbf][T0x600b][SrConfigParser.cpp][parseIntentRecConfig][952] RecallWhiteListOnly is: false
[2025-09-18 19:42:40 175][6173054][INF][P0x5fbf][T0x600b][SrConfigParser.cpp][parseIntentRecConfig][957] m_bEnableLocalEdgeIntent is: true
[2025-09-18 19:42:40 175][6173054][INF][P0x5fbf][T0x600b][SrConfigParser.cpp][parseIntentRecConfig][960] m_bEnableIrecFilter is: true
[2025-09-18 19:42:40 175][6173054][INF][P0x5fbf][T0x600b][SrConfigParser.cpp][parseIntentRecConfig][963] m_bEnableIntentDecision is: false
[2025-09-18 19:42:40 175][6173054][INF][P0x5fbf][T0x600b][SrConfigParser.cpp][parseIntentRecConfig][966] m_bEnableLipsDetect is: false
[2025-09-18 19:42:40 175][6173054][INF][P0x5fbf][T0x600b][SrConfigParser.cpp][parseIntentRecConfig][969] m_bEnableFullTimePgs is: false
[2025-09-18 19:42:40 175][6173054][INF][P0x5fbf][T0x600b][SrConfigParser.cpp][parseIntentRecConfig][972] m_bEnableWhiteList is: false
[2025-09-18 19:42:40 175][6173054][INF][P0x5fbf][T0x600b][SrConfigParser.cpp][parseIntentRecConfig][981] m_bEnableBrandWordWakeUp is: true
[2025-09-18 19:42:40 175][6173054][INF][P0x5fbf][T0x600b][SrConfigParser.cpp][parseIntentRecConfig][985] m_nBrandWordText is: 奥迪
[2025-09-18 19:42:40 175][6173054][INF][P0x5fbf][T0x600b][SrConfigParser.cpp][parseIntentRecConfig][990] m_nBrandWordIncent is: -1
[2025-09-18 19:42:40 175][6173054][INF][P0x5fbf][T0x600b][SrConfigParser.cpp][parseIntentRecConfig][993] m_nContextIntervalTime is: 5000
[2025-09-18 19:42:40 182][6173062][INF][P0x5fbf][T0x600b][CSRIFlyLog.cpp][SRIFlyLogOpen][117] ISSSR 1031_2709
[2025-09-18 19:42:40 182][6173062][INF][P0x5fbf][T0x600b][CSRIFlyLog.cpp][SRIFlyLogOpen][118] ISSSR  PRJVERSION va_version: 2b352b97c, commit: 2025-08-04 18:14:26, build: 2025-08-07 14:07:38
[2025-09-18 19:42:40 182][6173062][INF][P0x5fbf][T0x600b][CSRIFlyLog.cpp][SRIFlyLogOpen][120] ISSSR SoftEnc
[2025-09-18 19:42:40 183][6173063][INF][P0x5fbf][T0x600b][SrConfigParser.cpp][parseProjectConfig][304] Appid is set to 576d9f07.
[2025-09-18 19:42:40 183][6173063][INF][P0x5fbf][T0x600b][SrConfigParser.cpp][parseProjectConfig][308] NliUserId is set to car_saic_audi.
[2025-09-18 19:42:40 183][6173063][INF][P0x5fbf][T0x600b][SrConfigParser.cpp][parseProjectConfig][312] TestModeEnabled is set to 0.
[2025-09-18 19:42:40 183][6173063][INF][P0x5fbf][T0x600b][SrConfigParser.cpp][parseProjectConfig][316] ApiKey is set to c6661d29e4def897721f7a3fa6b8ccb2.
[2025-09-18 19:42:40 183][6173063][INF][P0x5fbf][T0x600b][SrConfigParser.cpp][parseProjectConfig][319] ApiSecret is set to NWZmZjk4NTI0ODYwNmE5NTYzY2U4ZGQz.
[2025-09-18 19:42:40 183][6173063][INF][P0x5fbf][T0x600b][SrConfigParser.cpp][parseProjectConfig][328] m_iNoLicenseUseNum is : 10
[2025-09-18 19:42:40 183][6173063][INF][P0x5fbf][T0x600b][SrConfigParser.cpp][parseAuthConfig][413] m_strLESLUrl set to default: autodev.openspeech.cn
[2025-09-18 19:42:40 183][6173063][INF][P0x5fbf][T0x600b][SrConfigParser.cpp][parseAuthConfig][422] m_nLESLAuthScheme set to 0
[25/09/18-19:42:40 183][ERR][Px5fbf][Tx9e1f9cb0] fVBctcxOTnhPVCicYGSB+keLk2VTJIufl6q0aYW2LoYN7IbF1AfGNr7SeAXZD8DHBUEQOUE1S6uPl0o9CJzOFSlcIRqmx6yu
[2025-09-18 19:42:40 183][6173063][INF][P0x5fbf][T0x600b][SrConfigParser.cpp][parseResOTAConfig][1043] m_bEnableResOTA is: false
[2025-09-18 19:42:40 183][6173063][INF][P0x5fbf][T0x600b][SrConfigParser.cpp][parseResOTAConfig][1046] m_strResPathForOTA is: 
[2025-09-18 19:42:40 183][6173063][INF][P0x5fbf][T0x600b][SrConfigParser.cpp][parseResOTAConfig][1049] m_strAppidForOTA is: 
[2025-09-18 19:42:40 183][6173063][INF][P0x5fbf][T0x600b][SrConfigParser.cpp][parseResOTAConfig][1052] m_strDeviceIdForOTA is: 
[2025-09-18 19:42:40 184][6173063][INF][P0x5fbf][T0x600b][SrConfigParser.cpp][parseResOTAConfig][1055] m_strUrlForOTA is: autotest.openspeech.cn/auto-ota-web-v2
[2025-09-18 19:42:40 184][6173064][INF][P0x5fbf][T0x600b][SrConfigParser.cpp][parseResOTAConfig][1058] m_strDomainForDeviceRegister is: autopre.openspeech.cn
[2025-09-18 19:42:40 184][6173064][INF][P0x5fbf][T0x600b][SrConfigParser.cpp][parseLogEncryptConfig][1142] m_bLogEncrypt is: false
[2025-09-18 19:42:40 184][6173064][INF][P0x5fbf][T0x600b][SrConfigParser.cpp][parseUploadStatus][1152] m_bAsyncUploadStatus is: false
[2025-09-18 19:42:40 185][6173065][INF][P0x5fbf][T0x600b][SrConfigParser.cpp][parseAuthConfig][403] SR SwEncCountExpiredReminder set to 40
[2025-09-18 19:42:40 185][6173065][INF][P0x5fbf][T0x600b][SrConfigParser.cpp][parseAuthConfig][406] SR SwEncTimeExpiredReminder set to 72000
[2025-09-18 19:42:40 185][6173065][INF][P0x5fbf][T0x600b][SrConfigParser.cpp][parseAuthConfig][410] m_strLESLUrl set to autodev.openspeech.cn
[2025-09-18 19:42:40 185][6173065][INF][P0x5fbf][T0x600b][SrConfigParser.cpp][parseAuthConfig][426] m_nLESLAuthScheme set to default: 0
[2025-09-18 19:42:40 185][6173065][INF][P0x5fbf][T0x600b][SrConfigParser.cpp][parseThreadConfig][442] AbandonLocalSrResultConsideringConfidenceScore if ConfidenceScore is lower than -600.
[2025-09-18 19:42:40 185][6173065][INF][P0x5fbf][T0x600b][SrConfigParser.cpp][parseRuntimeConfig][361] m_ulMaxRingBufferSizeVad is 983040
[2025-09-18 19:42:40 185][6173065][INF][P0x5fbf][T0x600b][SrConfigParser.cpp][parseRuntimeConfig][370] m_ulMaxRingBufferSizeSR is 983040
[2025-09-18 19:42:40 185][6173065][INF][P0x5fbf][T0x600b][SrConfigParser.cpp][parseRuntimeConfig][379] m_ulMaxRingBufferSizeCIAT is 983040
[2025-09-18 19:42:40 185][6173065][INF][P0x5fbf][T0x600b][SrConfigParser.cpp][parseRuntimeConfig][383] m_bEnableConfigCenterDownload is: false
[2025-09-18 19:42:40 185][6173065][INF][P0x5fbf][T0x600b][SrConfigParser.cpp][parseRuntimeConfig][387] m_bEnableVpr is: false
[2025-09-18 19:42:40 185][6173065][INF][P0x5fbf][T0x600b][SrConfigParser.cpp][parseRuntimeConfig][391] m_nVprInstMode is: 3
[2025-09-18 19:42:40 185][6173065][INF][P0x5fbf][T0x600b][SrConfigParser.cpp][parseVadModle][464] EnableLocalSad On.
[2025-09-18 19:42:40 185][6173065][INF][P0x5fbf][T0x600b][SrConfigParser.cpp][parseVadModle][468] SwitchVad On.
[2025-09-18 19:42:40 185][6173065][INF][P0x5fbf][T0x600b][ConfigVad.cpp][parseAvvadSet][121] m_bEnableAvvad is: false
[2025-09-18 19:42:40 185][6173065][INF][P0x5fbf][T0x600b][ConfigVad.cpp][parseAvvadSet][126] m_bEnableTimeoutHandle is: false
[2025-09-18 19:42:40 185][6173065][INF][P0x5fbf][T0x600b][SrConfigParser.cpp][parseSRConfig][477] Enable Local SR.
[2025-09-18 19:42:40 186][6173065][INF][P0x5fbf][T0x600b][SrConfigParser.cpp][parseSRConfig][481] Enable Cloud SR.
[2025-09-18 19:42:40 186][6173065][INF][P0x5fbf][T0x600b][SrConfigParser.cpp][parseSRConfig][485] DisableUploadDictToCloud is false.
[2025-09-18 19:42:40 186][6173065][INF][P0x5fbf][T0x600b][SrConfigParser.cpp][parseSRConfig][489] CouldStartLocalRecogniseWhenBuildLocalGrm is true.
[2025-09-18 19:42:40 186][6173065][INF][P0x5fbf][T0x600b][SrConfigParser.cpp][parseSRConfig][493] m_nCountOfDictMax setted to 5000
[2025-09-18 19:42:40 186][6173065][INF][P0x5fbf][T0x600b][SrConfigParser.cpp][parseSRConfig][500] GetKeyValue "UploadDict" success.
[2025-09-18 19:42:40 186][6173065][INF][P0x5fbf][T0x600b][SrConfigParser.cpp][parseSRConfig][504] m_nModeSelectPoi is 0.
[2025-09-18 19:42:40 186][6173065][INF][P0x5fbf][T0x600b][SrConfigParser.cpp][parseSRConfig][508] m_iUploadDictMode is 1.
[2025-09-18 19:42:40 186][6173065][INF][P0x5fbf][T0x600b][SrConfigParser.cpp][parseSRConfig][513] m_bEnableContinuousModel is: true
[2025-09-18 19:42:40 186][6173065][INF][P0x5fbf][T0x600b][SrConfigParser.cpp][parseSRConfig][517] m_nSrEngineType set to 0
[2025-09-18 19:42:40 186][6173065][INF][P0x5fbf][T0x600b][SrConfigParser.cpp][parseSRConfig][520] m_nEsrLoadVersion set to 1
[2025-09-18 19:42:40 186][6173066][INF][P0x5fbf][T0x600b][SrConfigParser.cpp][parseSRConfig][524] NLILoadResMode set to 0
[2025-09-18 19:42:40 186][6173066][INF][P0x5fbf][T0x600b][SrConfigParser.cpp][parseSRConfig][528] ClearResultMode set to 0
[2025-09-18 19:42:40 186][6173066][INF][P0x5fbf][T0x600b][SrConfigParser.cpp][parseSRConfig][532] m_bEnableFsaMemLoad is: true
[2025-09-18 19:42:40 186][6173066][INF][P0x5fbf][T0x600b][SrConfigParser.cpp][parseHybridVRStrategy][719] Focus Name: weather
[2025-09-18 19:42:40 186][6173066][INF][P0x5fbf][T0x600b][SrConfigParser.cpp][parseHybridVRStrategy][719] Focus Name: stock
[2025-09-18 19:42:40 186][6173066][INF][P0x5fbf][T0x600b][SrConfigParser.cpp][parseHybridVRStrategy][719] Focus Name: news
[2025-09-18 19:42:40 186][6173066][INF][P0x5fbf][T0x600b][SrConfigParser.cpp][parseHybridVRStrategy][719] Focus Name: flight
[2025-09-18 19:42:40 186][6173066][INF][P0x5fbf][T0x600b][SrConfigParser.cpp][parseHybridVRStrategy][719] Focus Name: train
[2025-09-18 19:42:40 186][6173066][INF][P0x5fbf][T0x600b][SrConfigParser.cpp][parseHybridVRStrategy][719] Focus Name: restaurant
[2025-09-18 19:42:40 186][6173066][INF][P0x5fbf][T0x600b][SrConfigParser.cpp][parseHybridVRStrategy][719] Focus Name: hotel
[2025-09-18 19:42:40 186][6173066][INF][P0x5fbf][T0x600b][SrConfigParser.cpp][parsePGSConfig][804] m_bEnablePgs is: true
[2025-09-18 19:42:40 187][6173066][INF][P0x5fbf][T0x600b][SrConfigParser.cpp][parsePGSConfig][808] m_bEnableLocalPgsEnglishFilter is: false
[2025-09-18 19:42:40 187][6173066][INF][P0x5fbf][T0x600b][SrConfigParser.cpp][parsePGSConfig][812] m_iHybridPgs is: 3
[2025-09-18 19:42:40 187][6173066][INF][P0x5fbf][T0x600b][SrConfigParser.cpp][parsePGSConfig][816] m_bPgsUniformSpeed is: 1
[2025-09-18 19:42:40 187][6173066][INF][P0x5fbf][T0x600b][SrConfigParser.cpp][parsePGSConfig][820] m_iPgsMaxSpeed is: 150
[2025-09-18 19:42:40 187][6173066][INF][P0x5fbf][T0x600b][SrConfigParser.cpp][parsePGSConfig][824] m_iPgsMinSpeedTime is: 75
[2025-09-18 19:42:40 187][6173066][INF][P0x5fbf][T0x600b][SrConfigParser.cpp][parsePGSConfig][828] m_iHybridPgsTimeOut is: 800
[2025-09-18 19:42:40 187][6173066][INF][P0x5fbf][T0x600b][SrConfigParser.cpp][parsePGSConfig][832] m_bEnablePgsResultPostProcess is: false
[2025-09-18 19:42:40 187][6173066][INF][P0x5fbf][T0x600b][SrConfigParser.cpp][parseNLUConfig][870] m_bEnableLocalNLU is: true
[2025-09-18 19:42:40 187][6173066][INF][P0x5fbf][T0x600b][SrConfigParser.cpp][parseNLUConfig][874] m_bEnableSpWord is: true
[2025-09-18 19:42:40 187][6173066][INF][P0x5fbf][T0x600b][SrConfigParser.cpp][parseSWFilterConfig][884] m_bEnableSWFilter is: false
[2025-09-18 19:42:40 187][6173067][INF][P0x5fbf][T0x600b][SrConfigParser.cpp][parseSWFilterConfig][888] m_bEnableSWFilterSync is: false
[2025-09-18 19:42:40 187][6173067][INF][P0x5fbf][T0x600b][SrConfigParser.cpp][parseSWFilterConfig][892] m_strSWFilterFormat is: *
[2025-09-18 19:42:40 187][6173067][INF][P0x5fbf][T0x600b][SrConfigParser.cpp][parseCataConfig][899] m_bEnableSrCata is: true
[2025-09-18 19:42:40 187][6173067][INF][P0x5fbf][T0x600b][SrConfigParser.cpp][parseCataConfig][903] m_strCataResPath is: /../CataRes
[2025-09-18 19:42:40 187][6173067][INF][P0x5fbf][T0x600b][SrConfigParser.cpp][parseAIKitConfig][1005] m_strScene set to main
[2025-09-18 19:42:40 187][6173067][INF][P0x5fbf][T0x600b][SrConfigParser.cpp][parseAIKitConfig][1014] m_bAIUIWriteAudioCodec set to true
[2025-09-18 19:42:40 187][6173067][INF][P0x5fbf][T0x600b][SrConfigParser.cpp][parseAIKitConfig][1017] m_nAikitThreadNum set to 12
[2025-09-18 19:42:40 187][6173067][INF][P0x5fbf][T0x600b][SrConfigParser.cpp][parseAIKitConfig][1020] m_nAikitSessionSize set to 20
[2025-09-18 19:42:40 187][6173067][INF][P0x5fbf][T0x600b][SrConfigParser.cpp][parseMultiDictConfig][1031] m_bEnableMultiDict is: false
[2025-09-18 19:42:40 187][6173067][INF][P0x5fbf][T0x600b][SrConfigParser.cpp][parseMultiDictConfig][1034] m_iMultiDictNum is: 4
[2025-09-18 19:42:40 187][6173067][INF][P0x5fbf][T0x600b][SrConfigParser.cpp][parseLocalSparkConfig][1082] m_bEnableLocalSpark is: false
[2025-09-18 19:42:40 187][6173067][INF][P0x5fbf][T0x600b][SrConfigParser.cpp][parseCloudSparkConfig][1094] m_nMaxNum is: 2
[2025-09-18 19:42:40 187][6173067][INF][P0x5fbf][T0x600b][SrConfigParser.cpp][parseCloudSparkConfig][1097] m_nPolicy is: 2
[2025-09-18 19:42:40 187][6173067][INF][P0x5fbf][T0x600b][SrConfigParser.cpp][parseEncodeImageConfig][1109] m_bEnableEncodeImage is: false
[2025-09-18 19:42:40 187][6173067][INF][P0x5fbf][T0x600b][SrConfigParser.cpp][parseEncodeImageConfig][1118] ImageWidth = 1920
[2025-09-18 19:42:40 187][6173067][INF][P0x5fbf][T0x600b][SrConfigParser.cpp][parseEncodeImageConfig][1122] ImageHeigth = 1080
[2025-09-18 19:42:40 187][6173067][INF][P0x5fbf][T0x600b][SrConfigParser.cpp][parseEncodeImageConfig][1126] ImageFormat = raw_bgr
[2025-09-18 19:42:40 188][6173067][INF][P0x5fbf][T0x600b][SrConfigParser.cpp][parseIntentRecConfig][952] RecallWhiteListOnly is: false
[2025-09-18 19:42:40 188][6173067][INF][P0x5fbf][T0x600b][SrConfigParser.cpp][parseIntentRecConfig][957] m_bEnableLocalEdgeIntent is: true
[2025-09-18 19:42:40 188][6173067][INF][P0x5fbf][T0x600b][SrConfigParser.cpp][parseIntentRecConfig][960] m_bEnableIrecFilter is: true
[2025-09-18 19:42:40 188][6173067][INF][P0x5fbf][T0x600b][SrConfigParser.cpp][parseIntentRecConfig][963] m_bEnableIntentDecision is: false
[2025-09-18 19:42:40 188][6173067][INF][P0x5fbf][T0x600b][SrConfigParser.cpp][parseIntentRecConfig][966] m_bEnableLipsDetect is: false
[2025-09-18 19:42:40 188][6173067][INF][P0x5fbf][T0x600b][SrConfigParser.cpp][parseIntentRecConfig][969] m_bEnableFullTimePgs is: false
[2025-09-18 19:42:40 188][6173067][INF][P0x5fbf][T0x600b][SrConfigParser.cpp][parseIntentRecConfig][972] m_bEnableWhiteList is: false
[2025-09-18 19:42:40 188][6173067][INF][P0x5fbf][T0x600b][SrConfigParser.cpp][parseIntentRecConfig][981] m_bEnableBrandWordWakeUp is: true
[2025-09-18 19:42:40 188][6173067][INF][P0x5fbf][T0x600b][SrConfigParser.cpp][parseIntentRecConfig][985] m_nBrandWordText is: 奥迪
[2025-09-18 19:42:40 188][6173067][INF][P0x5fbf][T0x600b][SrConfigParser.cpp][parseIntentRecConfig][990] m_nBrandWordIncent is: -1
[2025-09-18 19:42:40 188][6173067][INF][P0x5fbf][T0x600b][SrConfigParser.cpp][parseIntentRecConfig][993] m_nContextIntervalTime is: 5000
[2025-09-18 19:42:40 189][6173069][INF][P0x5fbf][T0x600b][idas_inl.cpp][RegisterModule][1116] params is [{"appid":"5f2bb768iss","fingerprint":["{{function}}","{{default}}"],"release":"1031_2709","tags":{"projectAppid":"576d9f07"}}
].
[2025-09-18 19:42:40 256][6173136][INF][P0x5fbf][T0x5fe8][CIssSe.cpp][CIssSe][282] SE Version: V1.3.0.R1.5.6.0.M1.6.125.4.nn_pt4.saic_audi_pp01.low_cfg.01
[2025-09-18 19:42:40 256][6173136][INF][P0x5fbf][T0x5fe8][CIssSe.cpp][CIssSe][291] CIssSe | CallSEGetParam GET_CHAN_NUM_IN_ORI is 8
[2025-09-18 19:42:40 256][6173136][INF][P0x5fbf][T0x5fe8][CIssSe.cpp][CIssSe][310] CIssSe | CallSESetParam SET_ASR_ALL 1
[2025-09-18 19:42:40 256][6173136][INF][P0x5fbf][T0x5fe8][CIssSe.cpp][CIssSe][323] data size 10752
[2025-09-18 19:42:40 256][6173136][INF][P0x5fbf][T0x5fe8][CIssSe.cpp][CIssSe][360] pThis is 0xb400007161640020
init path is /mnt/vendor/vr/res/Active/MVWRes
ICFGInit | after init.
[2025-09-18 19:42:40 257][6173136][INF][P0x5fbf][T0x5fe8][libissmvw.cpp][ISSMVWSetMvwLanguage][653] ISSMVWSetMvwLanguage | nLangType = 0
[2025-09-18 19:42:40 257][6173136][INF][P0x5fbf][T0x5fe8][libissmvw.cpp][ISSMVWCreateEx][285] ISSMVWCreateEx | phISSMVW = 0xb4000071d1612960, szResourceDir = /mnt/vendor/vr/res/MVWRes/FirstRes, pfnMVWOnMsgProc = 0x6fbd6d8784, pUsrArg = 0xb4000071d1612540
[2025-09-18 19:42:40 257][6173137][INF][P0x5fbf][T0x5fe8][MvwConfigParser.cpp][parse][44] Appid=576d9f07.
[2025-09-18 19:42:40 257][6173137][INF][P0x5fbf][T0x5fe8][MvwConfigParser.cpp][parse][52] APIKey=c6661d29e4def897721f7a3fa6b8ccb2.
[2025-09-18 19:42:40 257][6173137][INF][P0x5fbf][T0x5fe8][MvwConfigParser.cpp][parse][60] SecretKey=NWZmZjk4NTI0ODYwNmE5NTYzY2U4ZGQz.
[2025-09-18 19:42:40 257][6173137][WAN][P0x5fbf][T0x5fe8][MvwConfigParser.cpp][parse][72] Fail to parse IcfgAppKey.
[2025-09-18 19:42:40 257][6173137][WAN][P0x5fbf][T0x5fe8][MvwConfigParser.cpp][parse][80] Fail to parse IcfgUrl.
[2025-09-18 19:42:40 257][6173137][WAN][P0x5fbf][T0x5fe8][MvwConfigParser.cpp][parse][88] Fail to parse IcfgAppCode.
[2025-09-18 19:42:40 257][6173137][INF][P0x5fbf][T0x5fe8][MvwConfigParser.cpp][parse][93] MulIvwInputNum=4.
[2025-09-18 19:42:40 257][6173137][INF][P0x5fbf][T0x5fe8][MvwConfigParser.cpp][parse][107] MulIvwResultTimeInterval =300.
[2025-09-18 19:42:40 257][6173137][INF][P0x5fbf][T0x5fe8][MvwConfigParser.cpp][parse][120] IvwEngineMode=4.
[2025-09-18 19:42:40 257][6173137][INF][P0x5fbf][T0x5fe8][MvwConfigParser.cpp][parse][132] m_nResourceSoundZoneType=0.
[2025-09-18 19:42:40 257][6173137][INF][P0x5fbf][T0x5fe8][MvwConfigParser.cpp][parse][140] MultiIvwInstanceType=1.
[2025-09-18 19:42:40 257][6173137][INF][P0x5fbf][T0x5fe8][MvwConfigParser.cpp][parse][153] EngineResetTime = 180000.
[2025-09-18 19:42:40 257][6173137][WAN][P0x5fbf][T0x5fe8][MvwConfigParser.cpp][parse][172] No VprResourceDir in com.cfg file,retain the default dir
[2025-09-18 19:42:40 257][6173137][INF][P0x5fbf][T0x5fe8][MvwConfigParser.cpp][parse][188] WakeUpAudioFrameOffset[0]=-20
[2025-09-18 19:42:40 257][6173137][INF][P0x5fbf][T0x5fe8][MvwConfigParser.cpp][parse][189] WakeUpAudioFrameOffset[1]=20
[2025-09-18 19:42:40 257][6173137][INF][P0x5fbf][T0x5fe8][MvwConfigParser.cpp][parse][210] WakeUpAudioCallBackFrameOffset[0]=-50
[2025-09-18 19:42:40 257][6173137][INF][P0x5fbf][T0x5fe8][MvwConfigParser.cpp][parse][211] WakeUpAudioCallBackFrameOffset[1]=50
[2025-09-18 19:42:40 257][6173137][INF][P0x5fbf][T0x5fe8][MvwConfigParser.cpp][parse][220] LoadGramType =1.
[2025-09-18 19:42:40 257][6173137][INF][P0x5fbf][T0x5fe8][MvwConfigParser.cpp][parse][232] MemoryLoad =1.
[2025-09-18 19:42:40 257][6173137][INF][P0x5fbf][T0x5fe8][MvwConfigParser.cpp][parse][241] IvwVad.VadEnergyThreshold=10.5
[2025-09-18 19:42:40 257][6173137][INF][P0x5fbf][T0x5fe8][MvwConfigParser.cpp][parse][247] IvwVad.VadDetectTime=400
[2025-09-18 19:42:40 257][6173137][INF][P0x5fbf][T0x5fe8][MvwConfigParser.cpp][parse][255] IvwVad.VadDetectOffset=15
[2025-09-18 19:42:40 257][6173137][INF][P0x5fbf][T0x5fe8][MvwConfigParser.cpp][parse][262] IvwVad.VadDetectBeforeWakeUpTime=0
[2025-09-18 19:42:40 257][6173137][INF][P0x5fbf][T0x5fe8][MvwConfigParser.cpp][parse][269] IvwVad.VadDetectAudioType=0
[2025-09-18 19:42:40 257][6173137][INF][P0x5fbf][T0x5fe8][MvwConfigParser.cpp][parse][300] EnableCustomzationOfLogDir=0
[2025-09-18 19:42:40 257][6173137][INF][P0x5fbf][T0x5fe8][MvwConfigParser.cpp][parse][363] MvwSampleCheckProperty.SampleAvgOffset=0
[2025-09-18 19:42:40 257][6173137][INF][P0x5fbf][T0x5fe8][MvwConfigParser.cpp][parse][370] MvwSampleCheckProperty.SampleValueAvgThreshold=200
[2025-09-18 19:42:40 257][6173137][INF][P0x5fbf][T0x5fe8][MvwConfigParser.cpp][parse][382] EnableAutoSetUserDefKeyWordsThresholds=0
[2025-09-18 19:42:40 257][6173137][WAN][P0x5fbf][T0x5fe8][MvwConfigParser.cpp][parse][395] Fail to parse ContinueFrameToDelayWakeUp and Keep the default ContinueFrame(0).
[2025-09-18 19:42:40 257][6173137][INF][P0x5fbf][T0x5fe8][MvwConfigParser.cpp][parse][399] NeedVolumeLevelCallBack=0
[2025-09-18 19:42:40 257][6173137][INF][P0x5fbf][T0x5fe8][MvwConfigParser.cpp][parse][406] EnableVpr=0
[2025-09-18 19:42:40 257][6173137][INF][P0x5fbf][T0x5fe8][MvwConfigParser.cpp][parse][413] VprKeywordCheck=1
[2025-09-18 19:42:40 257][6173137][INF][P0x5fbf][T0x5fe8][MvwConfigParser.cpp][parse][420] EnableVprScene=0
[2025-09-18 19:42:40 257][6173137][WAN][P0x5fbf][T0x5fe8][MvwConfigParser.cpp][parse][430] Fail to parse EnableAgeGender and Keep close.
[2025-09-18 19:42:40 257][6173137][INF][P0x5fbf][T0x5fe8][MvwConfigParser.cpp][parse][434] VprRecThreshold=0.31
[2025-09-18 19:42:40 257][6173137][INF][P0x5fbf][T0x5fe8][MvwConfigParser.cpp][parse][441] EnableOneshotAssist =1.
[2025-09-18 19:42:40 257][6173137][INF][P0x5fbf][T0x5fe8][MvwConfigParser.cpp][parse][449] MvwOptimize.EnableMvwOptimizeCfgUpdate =0.
[2025-09-18 19:42:40 257][6173137][INF][P0x5fbf][T0x5fe8][MvwConfigParser.cpp][parse][456] MvwOptimize.EnableMvwOptimize =0.
[2025-09-18 19:42:40 257][6173137][INF][P0x5fbf][T0x5fe8][MvwConfigParser.cpp][parse][459] MvwOptimize.HostDomain=evo-dx.xf-yun.com.
[2025-09-18 19:42:40 257][6173137][INF][P0x5fbf][T0x5fe8][MvwConfigParser.cpp][parse][468] MvwOptimize.EnableOptimizeScene=0.
[2025-09-18 19:42:40 257][6173137][INF][P0x5fbf][T0x5fe8][MvwConfigParser.cpp][parse][476] MvwOptimize.UploadAudioChannelsType=1.
[2025-09-18 19:42:40 257][6173137][INF][P0x5fbf][T0x5fe8][MvwConfigParser.cpp][parse][484] MvwOptimize.EnableGatherUserKeywordAudio=0.
[2025-09-18 19:42:40 257][6173137][INF][P0x5fbf][T0x5fe8][MvwConfigParser.cpp][parse][492] MvwOptimize.StartTimeOffset =200.
[2025-09-18 19:42:40 257][6173137][INF][P0x5fbf][T0x5fe8][MvwConfigParser.cpp][parse][500] MvwOptimize.EndTimeOffset =500.
[2025-09-18 19:42:40 257][6173137][INF][P0x5fbf][T0x5fe8][MvwConfigParser.cpp][parse][512] MvwOptimize.DoubleThresholdTime=500
[2025-09-18 19:42:40 257][6173137][INF][P0x5fbf][T0x5fe8][MvwConfigParser.cpp][parse][520] MvwOptimize.LowWakeupBelowThreshold=-1
[2025-09-18 19:42:40 257][6173137][INF][P0x5fbf][T0x5fe8][MvwConfigParser.cpp][parse][528] MvwOptimize.TotalTraffic=48000
[2025-09-18 19:42:40 257][6173137][INF][P0x5fbf][T0x5fe8][MvwConfigParser.cpp][parse][536] MvwOptimize.LowThresholdTraffic=48000
[2025-09-18 19:42:40 257][6173137][INF][P0x5fbf][T0x5fe8][MvwConfigParser.cpp][parse][544] MvwOptimize.HighThresholdTraffic=0
[2025-09-18 19:42:40 257][6173137][INF][P0x5fbf][T0x5fe8][MvwConfigParser.cpp][parse][552] MvwOptimize.TotalAppidTraffic=48000
[2025-09-18 19:42:40 257][6173137][INF][P0x5fbf][T0x5fe8][MvwConfigParser.cpp][parse][560] MvwOptimize.LowThresholdAppidTraffic=48000
[2025-09-18 19:42:40 257][6173137][INF][P0x5fbf][T0x5fe8][MvwConfigParser.cpp][parse][568] MvwOptimize.HighThresholdAppidTraffic=0
[2025-09-18 19:42:40 257][6173137][INF][P0x5fbf][T0x5fe8][MvwConfigParser.cpp][parse][580] m_bEnableSpWord =0.
[2025-09-18 19:42:40 257][6173137][INF][P0x5fbf][T0x5fe8][MvwConfigParser.cpp][parse][587] m_bEnableSWFilter =0.
[2025-09-18 19:42:40 257][6173137][INF][P0x5fbf][T0x5fe8][MvwConfigParser.cpp][parse][594] m_strSWFilterUsrid =car_saic_audi.
[2025-09-18 19:42:40 257][6173137][INF][P0x5fbf][T0x5fe8][MvwConfigParser.cpp][parse][601] m_bEnableAudioEnc =0.
[2025-09-18 19:42:40 257][6173137][INF][P0x5fbf][T0x5fe8][MvwConfigParser.cpp][parse][609] m_bMulIvwLocationOpt =1.
[2025-09-18 19:42:40 257][6173137][INF][P0x5fbf][T0x5fe8][MvwConfigParser.cpp][parse][625] Get AudioPowerFrequency 0 = 6.
[2025-09-18 19:42:40 257][6173137][INF][P0x5fbf][T0x5fe8][MvwConfigParser.cpp][parse][625] Get AudioPowerFrequency 1 = 160.
[2025-09-18 19:42:40 257][6173137][INF][P0x5fbf][T0x5fe8][MvwConfigParser.cpp][parse][645] m_bDealWakeupWordsMisAbsorbed =0.
[2025-09-18 19:42:40 257][6173137][INF][P0x5fbf][T0x5fe8][MvwConfigParser.cpp][parse][653] m_bEnableUserDefWakeupWordScore =1.
[2025-09-18 19:42:40 257][6173137][WAN][P0x5fbf][T0x5fe8][MvwConfigParser.cpp][parse][675] SiriVad.VadParameter not exist
[2025-09-18 19:42:40 257][6173137][INF][P0x5fbf][T0x5fe8][MvwConfigParser.cpp][parse][680] SiriVad.EnableSiriKeyword=0
[2025-09-18 19:42:40 257][6173137][INF][P0x5fbf][T0x5fe8][MvwConfigParser.cpp][parse][688] m_bEnableHighFlow =1.
[2025-09-18 19:42:40 257][6173137][INF][P0x5fbf][T0x5fe8][MvwConfigParser.cpp][parse][696] m_bEnableMultiLanguage =0.
[2025-09-18 19:42:40 257][6173137][INF][P0x5fbf][T0x5fe8][MvwConfigParser.cpp][parse][704] m_bEnableSetKeywordCloudOpt =0.
[2025-09-18 19:42:40 257][6173137][INF][P0x5fbf][T0x5fe8][MvwConfigParser.cpp][parse][712] m_bEnableMulitInputTdOpt =0.
[2025-09-18 19:42:40 257][6173137][INF][P0x5fbf][T0x5fe8][MvwConfigParser.cpp][parse][720] m_nMvwLocateThresh =1200.
[2025-09-18 19:42:40 257][6173137][INF][P0x5fbf][T0x5fe8][MvwConfigParser.cpp][parse][728] m_bEnableVwLocateTdOpt =0.
[2025-09-18 19:42:40 257][6173137][INF][P0x5fbf][T0x5fe8][MvwConfigParser.cpp][parse][735] LocateTdOffset =2.
[2025-09-18 19:42:40 257][6173137][INF][P0x5fbf][T0x5fe8][MvwConfigParser.cpp][parse][743] m_bEnableNatureMvw =0.
[2025-09-18 19:42:40 257][6173137][INF][P0x5fbf][T0x5fe8][MvwConfigParser.cpp][parse][751] m_bEnableUserDefWakeupWordAlpha =0.
[2025-09-18 19:42:40 257][6173137][INF][P0x5fbf][T0x5fe8][MvwConfigParser.cpp][parse][759] m_bEnablePseudoThreeSoundZone =0.
[2025-09-18 19:42:40 257][6173137][INF][P0x5fbf][T0x5fe8][MvwConfigParser.cpp][parse][767] m_bEnableSendLowWakeupMsg =0.
[2025-09-18 19:42:40 257][6173137][INF][P0x5fbf][T0x5fe8][MvwConfigParser.cpp][parse][776] PcmLogLength =0.
[2025-09-18 19:42:40 257][6173137][INF][P0x5fbf][T0x5fe8][MvwConfigParser.cpp][parse][783] iLogPrintInterval =1000.
[2025-09-18 19:42:40 257][6173137][INF][P0x5fbf][T0x5fe8][MvwConfigParser.cpp][parse][790] m_bEnableRefOpt =0.
[2025-09-18 19:42:40 257][6173137][INF][P0x5fbf][T0x5fe8][MvwConfigParser.cpp][parse][798] m_fRefOptThreshRatio =1.000000.
[2025-09-18 19:42:40 257][6173137][INF][P0x5fbf][T0x5fe8][MvwConfigParser.cpp][parse][806] m_nRefBlockVWTimerMs =240.
[2025-09-18 19:42:40 257][6173137][INF][P0x5fbf][T0x5fe8][MvwConfigParser.cpp][parse][814] m_strUserKeywordSplicingText =给你起个名字叫*.
[2025-09-18 19:42:40 257][6173137][INF][P0x5fbf][T0x5fe8][MvwConfigParser.cpp][parse][831] Get AdjustEndOffsetMillsec 0 = 11.
[2025-09-18 19:42:40 257][6173137][INF][P0x5fbf][T0x5fe8][MvwConfigParser.cpp][parse][831] Get AdjustEndOffsetMillsec 1 = 4.
[2025-09-18 19:42:40 260][6173140][INF][P0x5fbf][T0x5fe8][CMVWIFlyLog.cpp][MvwIFlyLogOpen][146] ISSMVW 1031_2709
[2025-09-18 19:42:40 260][6173140][INF][P0x5fbf][T0x5fe8][CMVWIFlyLog.cpp][MvwIFlyLogOpen][147] ISSMVW  PRJVERSION va_version: 2b352b97c, commit: 2025-08-04 18:14:26, build: 2025-08-07 14:07:38
[2025-09-18 19:42:40 260][6173140][INF][P0x5fbf][T0x5fe8][CMVWIFlyLog.cpp][MvwIFlyLogOpen][149] ISSMVW NoEnc
[2025-09-18 19:42:40 260][6173140][INF][P0x5fbf][T0x5fe8][idas_inl.cpp][RegisterModule][1116] params is [{"appid":"5f2bb768iss","fingerprint":["{{function}}","{{default}}"],"release":"1031_2709","tags":{"projectAppid":"576d9f07"}}
].
[2025-09-18 19:42:40 261][6173141][INF][P0x5fbf][T0x5fe8][CMVWDataDumper.cpp][setSdCardPath][350] CMVWDataDumper::setSdCardPath(strPath:/sdcard/Android/data/com.zone.service.speech/files/iflytek_log)
[2025-09-18 19:42:40 261][6173141][INF][P0x5fbf][T0x5fe8][CMVWDataDumper.cpp][InitPcmLog][119] subpath reinit sdcard:,openmode=0
[2025-09-18 19:42:40 261][6173141][INF][P0x5fbf][T0x5fe8][CMVWDataDumper.cpp][InitPcmLog][120] subpath strPcmDir:/sdcard/Android/data/com.zone.service.speech/files/iflytek_log/MVW/Vw/,openmode=0
[2025-09-18 19:42:40 261][6173141][INF][P0x5fbf][T0x5fe8][CMVWDataDumper.cpp][InitPcmLog][155] subpath changehere:/data/user_de/10/com.zone.service.speech/vr/iflytek/Active/MVWRes/log/Vw/
[2025-09-18 19:42:40 272][6173151][INF][P0x5fbf][T0x5fe8][CIVW.cpp][InitIvw][750] IVW Version: 3.17.17.70.9
[2025-09-18 19:42:40 272][6173151][INF][P0x5fbf][T0x5fe8][CIVW.cpp][InitIvw][758] wIvwGetParam:wivw_param_multiChannel_mlp_for_batch=true, ret=0
[2025-09-18 19:42:40 309][6173189][INF][P0x5fbf][T0x5fe8][CIVW.cpp][AddMlpResouce][1377] Succeed to wIvwResourceAdd IVW_MLP resource, Path: /mnt/vendor/vr/res/MVWRes/IvwMidCfgRes/ResMandarin/IvwMlp.bin.
[2025-09-18 19:42:40 314][6173194][WAN][P0x5fbf][T0x5fe8][CIVW.cpp][LoadPresetedKeywordSet][1438] LoadPresetedKeywordSet(): Fail to open: /mnt/vendor/vr/res/MVWRes/IvwMidCfgRes/PresetedKeywordSet.cfg, errno=2
[2025-09-18 19:42:40 314][6173194][WAN][P0x5fbf][T0x5fe8][CIVW.cpp][InitIvw][1067] Fail to LoadPresetedKeywordSet(), ret=10115, Path=/mnt/vendor/vr/res/MVWRes/IvwMidCfgRes/PresetedKeywordSet.cfg
[2025-09-18 19:42:40 316][6173195][INF][P0x5fbf][T0x5fe8][CIVW.cpp][InitVad][1264] wVadIvwGetParam:wvad_param_nEnergyThreshold=10.5, ret=0
[2025-09-18 19:42:40 316][6173195][INF][P0x5fbf][T0x5fe8][CIVW.cpp][InitVad][1277] wVadIvwGetParam:wvad_param_isLstmSubsentenceAutoResetOn=1, ret=0
[2025-09-18 19:42:40 316][6173195][INF][P0x5fbf][T0x5fe8][CIVW.cpp][InitVad][1277] wVadIvwGetParam:wvad_param_isSilenceAutoResetOn=1, ret=0
[2025-09-18 19:42:40 316][6173195][INF][P0x5fbf][T0x5fe8][CIVW.cpp][InitVad][1277] wVadIvwGetParam:wvad_param_isSilenceAutoResetSubsentenceOn=1, ret=0
[2025-09-18 19:42:40 316][6173195][INF][P0x5fbf][T0x5fe8][CIVW.cpp][InitVad][1277] wVadIvwGetParam:wvad_param_isVadDegOn=0, ret=0
[2025-09-18 19:42:40 316][6173195][INF][P0x5fbf][T0x5fe8][CIVW.cpp][InitVad][1277] wVadIvwGetParam:wvad_param_nSilenceAutoReset_WinSize=250, ret=0
[2025-09-18 19:42:40 316][6173195][INF][P0x5fbf][T0x5fe8][CIVW.cpp][InitVad][1277] wVadIvwGetParam:wvad_param_vad_responsetimeout=999999999, ret=0
[2025-09-18 19:42:40 316][6173195][INF][P0x5fbf][T0x5fe8][CIVW.cpp][InitVad][1277] wVadIvwGetParam:wvad_param_vad_speechend=9999999, ret=0
[2025-09-18 19:42:40 316][6173195][INF][P0x5fbf][T0x5fe8][CIVW.cpp][InitVad][1277] wVadIvwGetParam:wvad_param_vad_threshold=0.123, ret=0
[2025-09-18 19:42:40 316][6173196][INF][P0x5fbf][T0x5fe8][CIVW.cpp][CIVW][153] thread_IssVwMsgWorking created.
[2025-09-18 19:42:40 316][6173196][INF][P0x5fbf][T0x5fe8][CIVW.cpp][CIVW][163] thread_IssVwCBWorking created.
[2025-09-18 19:42:40 317][6173196][INF][P0x5fbf][T0x5fe8][CiMultiWakeup.cpp][CiMultiWakeUp][641] CiMultiWakeUp(): WakeUpInst(0xb4000071715ba7e0) Working Path: /mnt/vendor/vr/res/MVWRes/FirstRes/ResMandarin
[2025-09-18 19:42:40 317][6173196][INF][P0x5fbf][T0x5fe8][CiMultiWakeup.cpp][CiMultiWakeUp][705] CiMultiWakeUp(): WakeUpInst(0xb4000071715ba7e0) Active Path:/data/user_de/10/com.zone.service.speech/vr/iflytek/Active/MVWRes
[2025-09-18 19:42:40 317][6173197][INF][P0x5fbf][T0x5fe8][CIVW.cpp][StopEngine][7261] wIvwStop return : 10004
[2025-09-18 19:42:40 317][6173197][INF][P0x5fbf][T0x5fe8][CIVW.cpp][AddAllRes][6948] Add Resource new: scene=1, result=0
[2025-09-18 19:42:40 318][6173197][INF][P0x5fbf][T0x5fe8][CIVW.cpp][AddAllRes][6948] Add Resource new: scene=2, result=0
[2025-09-18 19:42:40 318][6173197][ERR][P0x5fbf][T0x5fe8][CIVW.cpp][LoadRes][2920] CIVW::LoadRes(): Fail to open file(/mnt/vendor/vr/res/MVWRes/FirstRes/ResMandarin/IvwMidCfgKeywordRes/dn_answer_call.irf), errno=2!
[2025-09-18 19:42:40 318][6173197][INF][P0x5fbf][T0x5fe8][CIVW.cpp][AddAllRes][6948] Add Resource new: scene=4, result=10102
[2025-09-18 19:42:40 318][6173197][ERR][P0x5fbf][T0x5fe8][CIVW.cpp][LoadRes][2920] CIVW::LoadRes(): Fail to open file(/mnt/vendor/vr/res/MVWRes/FirstRes/ResMandarin/IvwMidCfgKeywordRes/dn_parking.irf), errno=2!
[2025-09-18 19:42:40 318][6173197][INF][P0x5fbf][T0x5fe8][CIVW.cpp][AddAllRes][6948] Add Resource new: scene=8, result=10102
[2025-09-18 19:42:40 318][6173197][ERR][P0x5fbf][T0x5fe8][CIVW.cpp][LoadRes][2920] CIVW::LoadRes(): Fail to open file(/mnt/vendor/vr/res/MVWRes/FirstRes/ResMandarin/IvwMidCfgKeywordRes/dn_wechat.irf), errno=2!
[2025-09-18 19:42:40 318][6173197][INF][P0x5fbf][T0x5fe8][CIVW.cpp][AddAllRes][6948] Add Resource new: scene=16, result=10102
[2025-09-18 19:42:40 318][6173197][ERR][P0x5fbf][T0x5fe8][CIVW.cpp][LoadRes][2920] CIVW::LoadRes(): Fail to open file(/mnt/vendor/vr/res/MVWRes/FirstRes/ResMandarin/IvwMidCfgKeywordRes/dn_volume.irf), errno=2!
[2025-09-18 19:42:40 318][6173197][INF][P0x5fbf][T0x5fe8][CIVW.cpp][AddAllRes][6948] Add Resource new: scene=32, result=10102
[2025-09-18 19:42:40 318][6173197][ERR][P0x5fbf][T0x5fe8][CIVW.cpp][LoadRes][2920] CIVW::LoadRes(): Fail to open file(/mnt/vendor/vr/res/MVWRes/FirstRes/ResMandarin/IvwMidCfgKeywordRes/dn_aircontrol.irf), errno=2!
[2025-09-18 19:42:40 318][6173197][INF][P0x5fbf][T0x5fe8][CIVW.cpp][AddAllRes][6948] Add Resource new: scene=64, result=10102
[2025-09-18 19:42:40 318][6173197][ERR][P0x5fbf][T0x5fe8][CIVW.cpp][LoadRes][2920] CIVW::LoadRes(): Fail to open file(/mnt/vendor/vr/res/MVWRes/FirstRes/ResMandarin/IvwMidCfgKeywordRes/dn_photo.irf), errno=2!
[2025-09-18 19:42:40 318][6173197][INF][P0x5fbf][T0x5fe8][CIVW.cpp][AddAllRes][6948] Add Resource new: scene=128, result=10102
[2025-09-18 19:42:40 318][6173197][ERR][P0x5fbf][T0x5fe8][CIVW.cpp][LoadRes][2920] CIVW::LoadRes(): Fail to open file(/mnt/vendor/vr/res/MVWRes/FirstRes/ResMandarin/IvwMidCfgKeywordRes/dn_music.irf), errno=2!
[2025-09-18 19:42:40 318][6173197][INF][P0x5fbf][T0x5fe8][CIVW.cpp][AddAllRes][6948] Add Resource new: scene=256, result=10102
[2025-09-18 19:42:40 318][6173197][ERR][P0x5fbf][T0x5fe8][CIVW.cpp][LoadRes][2920] CIVW::LoadRes(): Fail to open file(/mnt/vendor/vr/res/MVWRes/FirstRes/ResMandarin/IvwMidCfgKeywordRes/dn_hardware.irf), errno=2!
[2025-09-18 19:42:40 318][6173197][INF][P0x5fbf][T0x5fe8][CIVW.cpp][AddAllRes][6948] Add Resource new: scene=512, result=10102
[2025-09-18 19:42:40 318][6173197][ERR][P0x5fbf][T0x5fe8][CIVW.cpp][LoadRes][2920] CIVW::LoadRes(): Fail to open file(/mnt/vendor/vr/res/MVWRes/FirstRes/ResMandarin/IvwMidCfgKeywordRes/dn_radio_music.irf), errno=2!
[2025-09-18 19:42:40 318][6173197][INF][P0x5fbf][T0x5fe8][CIVW.cpp][AddAllRes][6948] Add Resource new: scene=1024, result=10102
[2025-09-18 19:42:40 318][6173198][ERR][P0x5fbf][T0x5fe8][CIVW.cpp][LoadRes][2920] CIVW::LoadRes(): Fail to open file(/mnt/vendor/vr/res/MVWRes/FirstRes/ResMandarin/IvwMidCfgKeywordRes/dn_navigation.irf), errno=2!
[2025-09-18 19:42:40 318][6173198][INF][P0x5fbf][T0x5fe8][CIVW.cpp][AddAllRes][6948] Add Resource new: scene=2048, result=10102
[2025-09-18 19:42:40 318][6173198][ERR][P0x5fbf][T0x5fe8][CIVW.cpp][LoadRes][2920] CIVW::LoadRes(): Fail to open file(/mnt/vendor/vr/res/MVWRes/FirstRes/ResMandarin/IvwMidCfgKeywordRes/dn_radio_control.irf), errno=2!
[2025-09-18 19:42:40 318][6173198][INF][P0x5fbf][T0x5fe8][CIVW.cpp][AddAllRes][6948] Add Resource new: scene=4096, result=10102
[2025-09-18 19:42:40 318][6173198][ERR][P0x5fbf][T0x5fe8][CIVW.cpp][LoadRes][2920] CIVW::LoadRes(): Fail to open file(/mnt/vendor/vr/res/MVWRes/FirstRes/ResMandarin/IvwMidCfgKeywordRes/dn_music_control.irf), errno=2!
[2025-09-18 19:42:40 318][6173198][INF][P0x5fbf][T0x5fe8][CIVW.cpp][AddAllRes][6948] Add Resource new: scene=8192, result=10102
[2025-09-18 19:42:40 318][6173198][ERR][P0x5fbf][T0x5fe8][CIVW.cpp][LoadRes][2920] CIVW::LoadRes(): Fail to open file(/mnt/vendor/vr/res/MVWRes/FirstRes/ResMandarin/IvwMidCfgKeywordRes/dn_news.irf), errno=2!
[2025-09-18 19:42:40 318][6173198][INF][P0x5fbf][T0x5fe8][CIVW.cpp][AddAllRes][6948] Add Resource new: scene=16384, result=10102
[2025-09-18 19:42:40 318][6173198][ERR][P0x5fbf][T0x5fe8][CIVW.cpp][LoadRes][2920] CIVW::LoadRes(): Fail to open file(/mnt/vendor/vr/res/MVWRes/FirstRes/ResMandarin/IvwMidCfgKeywordRes/dn_recognize_song.irf), errno=2!
[2025-09-18 19:42:40 318][6173198][INF][P0x5fbf][T0x5fe8][CIVW.cpp][AddAllRes][6948] Add Resource new: scene=32768, result=10102
[2025-09-18 19:42:40 318][6173198][ERR][P0x5fbf][T0x5fe8][CIVW.cpp][LoadRes][2920] CIVW::LoadRes(): Fail to open file(/mnt/vendor/vr/res/MVWRes/FirstRes/ResMandarin/IvwMidCfgKeywordRes/dn_restaurant.irf), errno=2!
[2025-09-18 19:42:40 318][6173198][INF][P0x5fbf][T0x5fe8][CIVW.cpp][AddAllRes][6948] Add Resource new: scene=65536, result=10102
[2025-09-18 19:42:40 318][6173198][ERR][P0x5fbf][T0x5fe8][CIVW.cpp][LoadRes][2920] CIVW::LoadRes(): Fail to open file(/mnt/vendor/vr/res/MVWRes/FirstRes/ResMandarin/IvwMidCfgKeywordRes/dn_volume.irf), errno=2!
[2025-09-18 19:42:40 318][6173198][INF][P0x5fbf][T0x5fe8][CIVW.cpp][AddAllRes][6948] Add Resource new: scene=262144, result=10102
[2025-09-18 19:42:40 318][6173198][ERR][P0x5fbf][T0x5fe8][CIVW.cpp][LoadRes][2920] CIVW::LoadRes(): Fail to open file(/mnt/vendor/vr/res/MVWRes/FirstRes/ResMandarin/IvwMidCfgKeywordRes/dn_system.irf), errno=2!
[2025-09-18 19:42:40 318][6173198][INF][P0x5fbf][T0x5fe8][CIVW.cpp][AddAllRes][6948] Add Resource new: scene=524288, result=10102
[2025-09-18 19:42:40 318][6173198][ERR][P0x5fbf][T0x5fe8][CIVW.cpp][LoadRes][2920] CIVW::LoadRes(): Fail to open file(/mnt/vendor/vr/res/MVWRes/FirstRes/ResMandarin/IvwMidCfgKeywordRes/dn_oneshotbak.irf), errno=2!
[2025-09-18 19:42:40 318][6173198][INF][P0x5fbf][T0x5fe8][CIVW.cpp][AddAllRes][6948] Add Resource new: scene=1048576, result=10102
[2025-09-18 19:42:40 318][6173198][INF][P0x5fbf][T0x5fe8][CIVW.cpp][AddResId2SceneRelation][2961] AddResId2SceneRelation(): MvwScene is 1, MvwObj is 0xb4000071715ba7e0
[2025-09-18 19:42:40 318][6173198][INF][P0x5fbf][T0x5fe8][CIVW.cpp][AddResId2SceneRelation][2961] AddResId2SceneRelation(): MvwScene is 2, MvwObj is 0xb4000071715ba7e0
[2025-09-18 19:42:40 318][6173198][ERR][P0x5fbf][T0x5fe8][CIVW.cpp][AddMemoryLoadRes][7303] AddMemoryLoadRes,not found 4 in mapSenceRes
[2025-09-18 19:42:40 318][6173198][ERR][P0x5fbf][T0x5fe8][CIVW.cpp][AddMemoryLoadRes][7303] AddMemoryLoadRes,not found 8 in mapSenceRes
[2025-09-18 19:42:40 318][6173198][ERR][P0x5fbf][T0x5fe8][CIVW.cpp][AddMemoryLoadRes][7303] AddMemoryLoadRes,not found 16 in mapSenceRes
[2025-09-18 19:42:40 318][6173198][ERR][P0x5fbf][T0x5fe8][CIVW.cpp][AddMemoryLoadRes][7303] AddMemoryLoadRes,not found 32 in mapSenceRes
[2025-09-18 19:42:40 318][6173198][ERR][P0x5fbf][T0x5fe8][CIVW.cpp][AddMemoryLoadRes][7303] AddMemoryLoadRes,not found 64 in mapSenceRes
[2025-09-18 19:42:40 318][6173198][ERR][P0x5fbf][T0x5fe8][CIVW.cpp][AddMemoryLoadRes][7303] AddMemoryLoadRes,not found 128 in mapSenceRes
[2025-09-18 19:42:40 318][6173198][ERR][P0x5fbf][T0x5fe8][CIVW.cpp][AddMemoryLoadRes][7303] AddMemoryLoadRes,not found 256 in mapSenceRes
[2025-09-18 19:42:40 318][6173198][ERR][P0x5fbf][T0x5fe8][CIVW.cpp][AddMemoryLoadRes][7303] AddMemoryLoadRes,not found 512 in mapSenceRes
[2025-09-18 19:42:40 318][6173198][ERR][P0x5fbf][T0x5fe8][CIVW.cpp][AddMemoryLoadRes][7303] AddMemoryLoadRes,not found 1024 in mapSenceRes
[2025-09-18 19:42:40 318][6173198][ERR][P0x5fbf][T0x5fe8][CIVW.cpp][AddMemoryLoadRes][7303] AddMemoryLoadRes,not found 2048 in mapSenceRes
[2025-09-18 19:42:40 318][6173198][ERR][P0x5fbf][T0x5fe8][CIVW.cpp][AddMemoryLoadRes][7303] AddMemoryLoadRes,not found 4096 in mapSenceRes
[2025-09-18 19:42:40 318][6173198][ERR][P0x5fbf][T0x5fe8][CIVW.cpp][AddMemoryLoadRes][7303] AddMemoryLoadRes,not found 8192 in mapSenceRes
[2025-09-18 19:42:40 318][6173198][ERR][P0x5fbf][T0x5fe8][CIVW.cpp][AddMemoryLoadRes][7303] AddMemoryLoadRes,not found 16384 in mapSenceRes
[2025-09-18 19:42:40 318][6173198][ERR][P0x5fbf][T0x5fe8][CIVW.cpp][AddMemoryLoadRes][7303] AddMemoryLoadRes,not found 32768 in mapSenceRes
[2025-09-18 19:42:40 318][6173198][ERR][P0x5fbf][T0x5fe8][CIVW.cpp][AddMemoryLoadRes][7303] AddMemoryLoadRes,not found 65536 in mapSenceRes
[2025-09-18 19:42:40 318][6173198][ERR][P0x5fbf][T0x5fe8][CIVW.cpp][AddMemoryLoadRes][7303] AddMemoryLoadRes,not found 262144 in mapSenceRes
[2025-09-18 19:42:40 318][6173198][ERR][P0x5fbf][T0x5fe8][CIVW.cpp][AddMemoryLoadRes][7303] AddMemoryLoadRes,not found 524288 in mapSenceRes
[2025-09-18 19:42:40 318][6173198][ERR][P0x5fbf][T0x5fe8][CIVW.cpp][AddMemoryLoadRes][7303] AddMemoryLoadRes,not found 1048576 in mapSenceRes
[2025-09-18 19:42:40 318][6173198][INF][P0x5fbf][T0x5fe8][CIVW.cpp][AddResourceAll][7103] Before wIvwResourceSetParameter(), ThresholdLevel: 
[2025-09-18 19:42:40 318][6173198][INF][P0x5fbf][T0x5fe8][CIVW.cpp][AddResourceAll][7109] wIvwResourceGetParameter:wres_keyword_ncm=你好奥迪, id: 0, nCm: 1600
heyaudi, id: 1, nCm: 1535
, ret=0
[2025-09-18 19:42:40 318][6173198][INF][P0x5fbf][T0x5fe8][CIVW.cpp][AddResourceAll][7119] After Set KeyWordsThresholdLevel: 你好奥迪, id: 0, nCm: 1600
heyaudi, id: 1, nCm: 1535
[2025-09-18 19:42:40 319][6173198][INF][P0x5fbf][T0x5fe8][CIVW.cpp][AddResourceAll][7103] Before wIvwResourceSetParameter(), ThresholdLevel: 
[2025-09-18 19:42:40 319][6173198][INF][P0x5fbf][T0x5fe8][CIVW.cpp][AddResourceAll][7109] wIvwResourceGetParameter:wres_keyword_ncm=自定义唤醒词, id: 0, nCm: 685
, ret=0
[2025-09-18 19:42:40 319][6173198][INF][P0x5fbf][T0x5fe8][CIVW.cpp][AddResourceAll][7119] After Set KeyWordsThresholdLevel: 自定义唤醒词, id: 0, nCm: 685
[2025-09-18 19:42:40 319][6173198][INF][P0x5fbf][T0x5fe8][CIVW.cpp][ReStartIvwInst][7193] wIvwGetParameter:wdec_param_bThrowAbsorbResult=false, ret=0
[2025-09-18 19:42:40 319][6173198][INF][P0x5fbf][T0x5fe8][CIVW.cpp][ReStartIvwInst][7211] wIvwGetParameter:wdec_param_nMaxIntervalFrame=500, ret=0
[2025-09-18 19:42:40 319][6173198][INF][P0x5fbf][T0x5fe8][CIVW.cpp][ReStartIvwInst][7230] wIvwGetParameter:wivw_param_nMultiInstChannel=4, ret=0
[2025-09-18 19:42:40 341][6173220][INF][P0x5fbf][T0x5fe8][CMVWDataDumper.cpp][InitPcmLog][119] subpath reinit sdcard:/log/Vw/,openmode=2
[2025-09-18 19:42:40 341][6173221][INF][P0x5fbf][T0x5fe8][CMVWDataDumper.cpp][InitPcmLog][120] subpath strPcmDir:/sdcard/Android/data/com.zone.service.speech/files/iflytek_log/MVW/Vw/,openmode=2
[2025-09-18 19:42:40 341][6173221][INF][P0x5fbf][T0x5fe8][CMVWDataDumper.cpp][OpenPcmLog][171] subpath here openpcmlog:/log/Vw/
[2025-09-18 19:42:40 341][6173221][INF][P0x5fbf][T0x5fe8][CMVWDataDumper.cpp][OpenPcmLog][188] log org pcm to file: _org_0xb4000071715ba7e0,ret=-1
[2025-09-18 19:42:40 341][6173221][INF][P0x5fbf][T0x5fe8][CMVWDataDumper.cpp][OpenPcmLog][200] log result to file: /data/user_de/10/com.zone.service.speech/vr/iflytek/Active/MVWRes/log/Vw/vw_log_,ret=-1
[2025-09-18 19:42:40 341][6173221][INF][P0x5fbf][T0x5fe8][CMVWDataDumper.cpp][OpenPcmLog][213] SetLogFileName ret=-1,.pcm
[2025-09-18 19:42:40 341][6173221][INF][P0x5fbf][T0x5fe8][CMVWDataDumper.cpp][OpenPcmLog][218] log final pcm to file: _final0_0xb4000071715ba7e0,ret=-1
[2025-09-18 19:42:40 341][6173221][INF][P0x5fbf][T0x5fe8][CMVWDataDumper.cpp][OpenPcmLog][232] log keyword pcm to file: _keyword0_16k_16bit_1_channel_0xb4000071715ba7e0,ret=-1
[2025-09-18 19:42:40 341][6173221][INF][P0x5fbf][T0x5fe8][CMVWDataDumper.cpp][OpenPcmLog][213] SetLogFileName ret=-1,.pcm
[2025-09-18 19:42:40 341][6173221][INF][P0x5fbf][T0x5fe8][CMVWDataDumper.cpp][OpenPcmLog][218] log final pcm to file: _final1_0xb4000071715ba7e0,ret=-1
[2025-09-18 19:42:40 341][6173221][INF][P0x5fbf][T0x5fe8][CMVWDataDumper.cpp][OpenPcmLog][232] log keyword pcm to file: _keyword1_16k_16bit_1_channel_0xb4000071715ba7e0,ret=-1
[2025-09-18 19:42:40 341][6173221][INF][P0x5fbf][T0x5fe8][CMVWDataDumper.cpp][OpenPcmLog][213] SetLogFileName ret=-1,.pcm
[2025-09-18 19:42:40 341][6173221][INF][P0x5fbf][T0x5fe8][CMVWDataDumper.cpp][OpenPcmLog][218] log final pcm to file: _final2_0xb4000071715ba7e0,ret=-1
[2025-09-18 19:42:40 342][6173221][INF][P0x5fbf][T0x5fe8][CMVWDataDumper.cpp][OpenPcmLog][232] log keyword pcm to file: _keyword2_16k_16bit_1_channel_0xb4000071715ba7e0,ret=-1
[2025-09-18 19:42:40 342][6173221][INF][P0x5fbf][T0x5fe8][CMVWDataDumper.cpp][OpenPcmLog][213] SetLogFileName ret=-1,.pcm
[2025-09-18 19:42:40 342][6173221][INF][P0x5fbf][T0x5fe8][CMVWDataDumper.cpp][OpenPcmLog][218] log final pcm to file: _final3_0xb4000071715ba7e0,ret=-1
[2025-09-18 19:42:40 342][6173221][INF][P0x5fbf][T0x5fe8][CMVWDataDumper.cpp][OpenPcmLog][232] log keyword pcm to file: _keyword3_16k_16bit_1_channel_0xb4000071715ba7e0,ret=-1
[2025-09-18 19:42:40 342][6173221][INF][P0x5fbf][T0x5fe8][CMVWDataDumper.cpp][OpenPcmLog][284] log final pcm to file: _ref0_0xb4000071715ba7e0,ret=-1
[2025-09-18 19:42:40 342][6173222][INF][P0x5fbf][T0x5fe8][CMVWDataDumper.cpp][OpenPcmLog][298] log getvpr pcm to file: /data/user_de/10/com.zone.service.speech/vr/iflytek/Active/MVWRes/log/Vw/_MSvpr_0xb4000071715ba7e0, ret=-1
[2025-09-18 19:42:40 342][6173222][INF][P0x5fbf][T0x5fe8][CMVWDataDumper.cpp][OpenPcmLog][327] log vpr pcm to file: /data/user_de/10/com.zone.service.speech/vr/iflytek/Active/MVWRes/log/Vw/_oneshot_0xb4000071715ba7e0,ret=-1
[2025-09-18 19:42:40 342][6173222][INF][P0x5fbf][T0x5fe8][CMVWDataDumper.cpp][OpenLogPcmFile][342] subpath here open :/log/Vw/
[2025-09-18 19:42:40 342][6173222][INF][P0x5fbf][T0x5fe8][CMVWDataDumper.cpp][OpenLogPcmFile][343] log pcm and result to dir: /data/user_de/10/com.zone.service.speech/vr/iflytek/Active/MVWRes/log/Vw/
[2025-09-18 19:42:40 344][6173224][INF][P0x5fbf][T0x5fe8][libissms_jni.cpp][Java_com_iflytek_speech_libissms_create][398] create leave
SpeechCore sse engine ready
SpeechAudioService initialize
[2025-09-18 19:42:40 347][6173227][INF][P0x5fbf][T0x5fe8][libissms_jni.cpp][Java_com_iflytek_speech_libissms_setParam][463] setParam
[2025-09-18 19:42:40 347][6173227][INF][P0x5fbf][T0x5fe8][issms.cpp][ISSMSSetParam][175] ISSMSSetParam | hISSMSObj = 0xb4000071d1612540, nModeType = 2, szParam = mvw_aduio_mode,szParamValue = 0,nSRInstIndex = -1
[2025-09-18 19:42:40 347][6173227][INF][P0x5fbf][T0x5fe8][libissmvw.cpp][ISSMVWSetParam][373] ISSMVWSetParam | hISSMVW = 0xb4000071715ba7e0, szParam = mvw_aduio_mode, szParamValue = 0
[2025-09-18 19:42:40 347][6173227][INF][P0x5fbf][T0x5fe8][libissms_jni.cpp][Java_com_iflytek_speech_libissms_setParam][493] setParam leave
SpeechCore wakeup engine ready
[2025-09-18 19:42:40 349][6173229][INF][P0x5fbf][T0x5fe8][libissms_jni.cpp][Java_com_iflytek_speech_libissms_registerDataCallBack][308] registerDataCallBack
[2025-09-18 19:42:40 349][6173229][INF][P0x5fbf][T0x5fe8][issms.cpp][ISSMSRegisterDataCallBack][442] ISSMSRegisterDataCallBack | hISSMSObj = 0xb4000071d1612540, nModuleType = 2, nDataType = 0,pfnMSOnDataProc=0x6fbd70d4a0,pUsrArg=0x1962,nSRInstIndex=-1
[2025-09-18 19:42:40 349][6173229][INF][P0x5fbf][T0x5fe8][libissmvw.cpp][ISSMVWRegisterDataCallBack][1041] ISSMVWRegisterDataCallBack | hISSMVW = 0xb4000071715ba7e0, nDataType = 0, pfnMVWOnDataProc = 0x6fbd6ebf6c,pUsrArg = 0xb4000071d1612540
[2025-09-18 19:42:40 349][6173229][INF][P0x5fbf][T0x5fe8][libissms_jni.cpp][Java_com_iflytek_speech_libissms_registerDataCallBack][324] leave registerDataCallBack
SpeechDialogueBusinessManager WakeUp service onReady
SpeechDialogueBusinessManager setWakeupConfiguration
SpeechDialogueBusinessManager start wakeup and setting wakeup
runAction method:start
SpeechWakeupService startWakeup for aidl
[2025-09-18 19:42:40 351][6173230][INF][P0x5fbf][T0x5fcd][libissms_jni.cpp][Java_com_iflytek_speech_libissms_mvwStart][1263] ms mvw start
[2025-09-18 19:42:40 351][6173230][INF][P0x5fbf][T0x5fcd][issms.cpp][ISSMSMVWStart][874] ISSMSMVWStart | hISSMSObj = 0xb4000071d1612540, nMvwScene = 1
[2025-09-18 19:42:40 351][6173230][INF][P0x5fbf][T0x5fcd][libissmvw.cpp][ISSMVWStart][442] ISSMVWStart | hISSMVW = 0xb4000071715ba7e0, nMvwScene = 1
[2025-09-18 19:42:40 351][6173230][INF][P0x5fbf][T0x5fcd][CIVW.cpp][Start][3624] Start(): mvw scene is 1 mvw obj is 0xb4000071715ba7e0
[2025-09-18 19:42:40 351][6173230][INF][P0x5fbf][T0x5fcd][CIVW.cpp][StartSync][3243] nSceneId is 1, SetUseKeyWord IvwRes id is 2
SpeechEngineAdapter onMSMsgProc_() uMsg = 40011 wParam = 0 iParam =  nIndex = 0
[2025-09-18 19:42:40 351][6173231][INF][P0x5fbf][T0x5fcd][issmsImpl.cpp][CallBackMsgWithFullLog][544] VAMSImpl::m_pfnMSMsgCallback pUsrArg=0x1956,nSRInstIndex=0,uMsg=40011,wParam=0,lParam=null
[2025-09-18 19:42:40 351][6173231][INF][P0x5fbf][T0x5fcd][libissms_jni.cpp][Java_com_iflytek_speech_libissms_mvwStart][1278] ms mvw start leave
SpeechEngineAdapter start wakeup
SpeechEngineAdapter start wakeup success
runAction method:setSpeechWakeupWords
SpeechEngineAdapter setCustomizedWakeupWords()
SpeechEngineAdapter.lambda$setCustomizedWakeupWords$5$com-zone-service-speech-engine-SpeechEngineAdapter(): SpeechEngineAdapter Wakeup words is empty, removeCustomizedWakeupWords
SpeechEngineAdapter stopWakeupScene()
[2025-09-18 19:42:40 356][6173235][INF][P0x5fbf][T0x5fcd][libissms_jni.cpp][Java_com_iflytek_speech_libissms_mvwStopScene][1407] mvw stopscene
[2025-09-18 19:42:40 356][6173235][INF][P0x5fbf][T0x5fcd][issms.cpp][ISSMSMVWStopScene][984] ISSMSMVWStopScene | hISSMSObj = 0xb4000071d1612540, nMvwScene = 2048
[2025-09-18 19:42:40 356][6173235][INF][P0x5fbf][T0x5fcd][libissmvw.cpp][ISSMVWStopScene][557] ISSMVWStopScene | hISSMVW = 0xb4000071715ba7e0, nMvwScene = 2048
[2025-09-18 19:42:40 356][6173235][INF][P0x5fbf][T0x5fcd][CIVW.cpp][Stop][3676] Stop(): mvw scene is 2048 mvw obj is 0xb4000071715ba7e0
[2025-09-18 19:42:40 356][6173236][INF][P0x5fbf][T0x5fcd][CIVW.cpp][StopSync][3393] nSceneId is 1, SetUseKeyWord IvwRes id is 2
[2025-09-18 19:42:40 356][6173236][INF][P0x5fbf][T0x5fcd][libissms_jni.cpp][Java_com_iflytek_speech_libissms_mvwStopScene][1422] mvw stopscene leave
SpeechDialogueBusinessManager oneshot switch = false
runAction method:switchOneshot
SpeechWakeupService switchOneshot enable = 2
[2025-09-18 19:42:40 405][6173285][INF][P0x5fbf][T0x600b][CAIUIClientMgr.cpp][InitResource][122] AIKIT::getVersion : 2.2.25_rc2
[2025-09-18 19:42:40 405][6173285][INF][P0x5fbf][T0x600b][CIssSrMgr.cpp][InitAiuiSdk][734] AIKIT InitResource ret: 0
[2025-09-18 19:42:40 405][6173285][INF][P0x5fbf][T0x600b][SrEngineMgr.cpp][Init][61] ESR Engine type 1
[2025-09-18 19:42:40 415][6173295][INF][P0x5fbf][T0x600b][SrEngineMgr.cpp][InitRes][124] sm_pEsrMgr->wEsrGetParameter wesr_param_engine_version: ver_1.3.0.0.8, ret: 0
[2025-09-18 19:42:40 496][6173376][INF][P0x5fbf][T0x600b][SrEngineMgr.cpp][LoadFsaResCommon][385] sm_pEsrMgr->wEsrGetParameter wesr_param_support_fsanum: 32, ret: 0
[2025-09-18 19:42:40 496][6173376][INF][P0x5fbf][T0x600b][ResLoader.cpp][LoadInnerFromMemory][235] FsaMemManager FsaMemAdd fsa name: Album, len: 8088
[2025-09-18 19:42:40 497][6173376][INF][P0x5fbf][T0x600b][ResLoader.cpp][LoadInnerFromMemory][235] FsaMemManager FsaMemAdd fsa name: AnswerCall, len: 9816
[2025-09-18 19:42:40 503][6173383][INF][P0x5fbf][T0x600b][ResLoader.cpp][LoadInnerFromMemory][235] FsaMemManager FsaMemAdd fsa name: App, len: 516124
[2025-09-18 19:42:40 517][6173396][INF][P0x5fbf][T0x600b][ResLoader.cpp][LoadInnerFromMemory][235] FsaMemManager FsaMemAdd fsa name: Call, len: 207676
[2025-09-18 19:42:40 519][6173399][INF][P0x5fbf][T0x600b][ResLoader.cpp][LoadInnerFromMemory][235] FsaMemManager FsaMemAdd fsa name: Confirm, len: 7844
[2025-09-18 19:42:40 519][6173399][INF][P0x5fbf][T0x600b][ResLoader.cpp][LoadInnerFromMemory][235] FsaMemManager FsaMemAdd fsa name: Contacts, len: 1564
[2025-09-18 19:42:40 560][6173439][INF][P0x5fbf][T0x600b][ResLoader.cpp][LoadInnerFromMemory][235] FsaMemManager FsaMemAdd fsa name: Other, len: 4179252
[2025-09-18 19:42:40 566][6173446][INF][P0x5fbf][T0x5fff][idas_uploading.cpp][FetchTask][178] fetch_task ret is 0, body is {"code":0,"msg":"请求成功","path":"","data":[],"timestamp":"1758195760382"}.
[2025-09-18 19:42:40 566][6173446][INF][P0x5fbf][T0x5fff][idas_uploading.cpp][FetchTask][206] fetch_task end.
[2025-09-18 19:42:40 582][6173461][INF][P0x5fbf][T0x6006][idas_inl.cpp][channel_fetch_upload_task][539] channel_fetch_upload_task ret 0, respons code 200 response body is {"code":0,"msg":"请求成功","path":"","data":[],"timestamp":"1758195760395"}
[2025-09-18 19:42:40 627][6173507][INF][P0x5fbf][T0x600b][ResLoader.cpp][LoadInnerFromMemory][235] FsaMemManager FsaMemAdd fsa name: Playlist, len: 1687352
[2025-09-18 19:42:40 651][6173531][INF][P0x5fbf][T0x600b][ResLoader.cpp][LoadInnerFromMemory][235] FsaMemManager FsaMemAdd fsa name: Radio, len: 452876
[2025-09-18 19:42:40 661][6173541][INF][P0x5fbf][T0x600b][ResLoader.cpp][LoadInnerFromMemory][235] FsaMemManager FsaMemAdd fsa name: Select, len: 769464
[2025-09-18 19:42:40 670][6173550][INF][P0x5fbf][T0x600b][ResLoader.cpp][LoadInnerFromMemory][235] FsaMemManager FsaMemAdd fsa name: SendNum, len: 7148
[2025-09-18 19:42:40 674][6173553][INF][P0x5fbf][T0x600b][ResLoader.cpp][LoadInnerFromMemory][235] FsaMemManager FsaMemAdd fsa name: Songs, len: 483836
[2025-09-18 19:42:40 679][6173559][INF][P0x5fbf][T0x600b][ResLoader.cpp][LoadInnerFromMemory][235] FsaMemManager FsaMemAdd fsa name: Video, len: 94920
[2025-09-18 19:42:40 686][6173565][INF][P0x5fbf][T0x600b][ResLoader.cpp][LoadInnerFromMemory][235] FsaMemManager FsaMemAdd fsa name: Patch, len: 907980
[2025-09-18 19:42:40 697][6173577][INF][P0x5fbf][T0x600b][EMNlu.cpp][init][167] iFlyPResBuildInit /mnt/vendor/vr/res/SRRes/ResMandarin/emnlu/bin/aiui_build.cfg.
[2025-09-18 19:42:40 709][6173589][INF][P0x5fbf][T0x600b][EMNlu.cpp][init][190] NLIInit /mnt/vendor/vr/res/SRRes/ResMandarin/emnlu/bin/aiui_nli.cfg.
SpeechAudioService real startAudioRecoding
SpeechAudioService Handle raw speech audio
[2025-09-18 19:42:41 155][6174035][INF][P0x5fbf][T0x6033][CIssSe.cpp][SeAuthority][1390] ISSAUTHAuthority ret = 0, szCountInfo = {"SoftwareEncryptionCount":10,"SoftwareEncryptionTime":1000}
[25/09/18-19:42:41 164][ERR][Px5fbf][Tx9e1f9cb0] mFHv7DhKpWei3v2he8WULZYf83SQqueBpGPBjvGxqk0DHpcpRLn8nxosXQma26iAlO5CLlZEaHZkim/gE6JPgg==
[25/09/18-19:42:41 164][ERR][Px5fbf][Tx9e1f9cb0] F7UAgZ3sXrkLbw6uiYBrHGyitCG79ckSh636+hzTIVtEv5eiPRoLHeGKw7qNzGf4gohYixKCvZK1d70g0tnplacm2zREboyGAhPnKNFzBxz7WGEKX89/Iw==
[25/09/18-19:42:41 164][ERR][Px5fbf][Tx9e1f9cb0] F7UAgZ3sXrkLbw6uiYBrHBJ6Iucxca8p/me/j3FdZwUrxAVr4c/G7/4tc96VL+XIoghQaQDEph8s6E82PcHK7xxYaR9ruxKB/lx6hhB+FwGltXFpQwY8M//eorM6fAcTTnnYzLgM/F2eszBO8ft+uQ==
[2025-09-18 19:42:41 167][6174047][INF][P0x5fbf][T0x6030][CIVW.cpp][IssVwWorking][4385] IVWLogPrint m_iAppendAudioDataIvw:0,iBufSize:320 logPrintInterval :1000 m_nInputNumForMulIvw:4
[2025-09-18 19:42:41 170][6174050][INF][P0x5fbf][T0x600b][EMNlu.cpp][loadCustomRes][86] loadCustomRes | szType: contact_name
[2025-09-18 19:42:41 170][6174050][ERR][P0x5fbf][T0x600b][EMNlu.cpp][uploadCustomRes][480] uploadCustomRes | para res is NULL. ret ISS_ERROR_INVALID_PARA
[2025-09-18 19:42:41 170][6174050][INF][P0x5fbf][T0x600b][EMNlu.cpp][loadCustomRes][86] loadCustomRes | szType: sceneMode_scene
[2025-09-18 19:42:41 170][6174050][ERR][P0x5fbf][T0x600b][EMNlu.cpp][uploadCustomRes][480] uploadCustomRes | para res is NULL. ret ISS_ERROR_INVALID_PARA
[2025-09-18 19:42:41 170][6174050][INF][P0x5fbf][T0x600b][EMNlu.cpp][loadCustomRes][86] loadCustomRes | szType: carControl_habit
[2025-09-18 19:42:41 170][6174050][ERR][P0x5fbf][T0x600b][EMNlu.cpp][uploadCustomRes][480] uploadCustomRes | para res is NULL. ret ISS_ERROR_INVALID_PARA
[2025-09-18 19:42:41 170][6174050][INF][P0x5fbf][T0x600b][EMNlu.cpp][loadCustomRes][86] loadCustomRes | szType: music_name
[2025-09-18 19:42:41 170][6174050][ERR][P0x5fbf][T0x600b][EMNlu.cpp][uploadCustomRes][480] uploadCustomRes | para res is NULL. ret ISS_ERROR_INVALID_PARA
[2025-09-18 19:42:41 170][6174050][INF][P0x5fbf][T0x600b][EMNlu.cpp][loadCustomRes][86] loadCustomRes | szType: singer_name
[2025-09-18 19:42:41 170][6174050][ERR][P0x5fbf][T0x600b][EMNlu.cpp][uploadCustomRes][480] uploadCustomRes | para res is NULL. ret ISS_ERROR_INVALID_PARA
[2025-09-18 19:42:41 170][6174050][INF][P0x5fbf][T0x600b][EMNlu.cpp][loadCustomRes][86] loadCustomRes | szType: album_name
[2025-09-18 19:42:41 170][6174050][ERR][P0x5fbf][T0x600b][EMNlu.cpp][uploadCustomRes][480] uploadCustomRes | para res is NULL. ret ISS_ERROR_INVALID_PARA
[2025-09-18 19:42:41 170][6174050][INF][P0x5fbf][T0x600b][EMNlu.cpp][loadCustomRes][86] loadCustomRes | szType: playlist_name
[2025-09-18 19:42:41 170][6174050][ERR][P0x5fbf][T0x600b][EMNlu.cpp][uploadCustomRes][480] uploadCustomRes | para res is NULL. ret ISS_ERROR_INVALID_PARA
[2025-09-18 19:42:41 170][6174050][INF][P0x5fbf][T0x600b][EMNlu.cpp][loadCustomRes][86] loadCustomRes | szType: app_name
[2025-09-18 19:42:41 170][6174050][ERR][P0x5fbf][T0x600b][EMNlu.cpp][uploadCustomRes][480] uploadCustomRes | para res is NULL. ret ISS_ERROR_INVALID_PARA
[2025-09-18 19:42:41 170][6174050][INF][P0x5fbf][T0x600b][EMNlu.cpp][loadCustomRes][86] loadCustomRes | szType: appLet_name
[2025-09-18 19:42:41 170][6174050][ERR][P0x5fbf][T0x600b][EMNlu.cpp][uploadCustomRes][480] uploadCustomRes | para res is NULL. ret ISS_ERROR_INVALID_PARA
[2025-09-18 19:42:41 171][6174050][INF][P0x5fbf][T0x600b][EMNlu.cpp][loadCustomRes][86] loadCustomRes | szType: cmd_speaker
[2025-09-18 19:42:41 171][6174050][ERR][P0x5fbf][T0x600b][EMNlu.cpp][uploadCustomRes][480] uploadCustomRes | para res is NULL. ret ISS_ERROR_INVALID_PARA
[2025-09-18 19:42:41 171][6174050][INF][P0x5fbf][T0x600b][EMNlu.cpp][loadCustomRes][86] loadCustomRes | szType: forbidden_name
[2025-09-18 19:42:41 171][6174050][ERR][P0x5fbf][T0x600b][EMNlu.cpp][uploadCustomRes][480] uploadCustomRes | para res is NULL. ret ISS_ERROR_INVALID_PARA
[2025-09-18 19:42:41 171][6174050][INF][P0x5fbf][T0x600b][EMNlu.cpp][init][238] Nli::getVersion: 1.0.1245.20250704
[2025-09-18 19:42:41 171][6174050][INF][P0x5fbf][T0x600b][CIssSrMgr.cpp][Init][290] EMNlu init success
[2025-09-18 19:42:41 171][6174050][INF][P0x5fbf][T0x600b][CIssSrMgr.cpp][Init][293] EMNlu sessionStart sucess
[2025-09-18 19:42:41 171][6174050][INF][P0x5fbf][T0x600b][SrCata.cpp][Init][190] libSearchForNli.cfg path : /mnt/vendor/vr/res/SRRes
[2025-09-18 19:42:41 171][6174051][INF][P0x5fbf][T0x600b][SrCata.cpp][Init][200] CataRes path : /mnt/vendor/vr/res/SRRes/../CataRes
[2025-09-18 19:42:41 243][6174123][INF][P0x5fbf][T0x600b][CESAD.cpp][InitLibrary][68] LoadLibrary libSemanticVad.so success
[2025-09-18 19:42:41 248][6174127][INF][P0x5fbf][T0x600b][LocalEdgeIntent.cpp][InitLibrary][76] LoadLibrary libEdgeIntent.so success
[2025-09-18 19:42:41 325][6174205][INF][P0x5fbf][T0x600b][LocalCover.cpp][ParseDoudiConfig][31] CoverIntent appid is set to 576d9f07.
[2025-09-18 19:42:41 326][6174205][INF][P0x5fbf][T0x600b][LocalCover.cpp][ParseDoudiConfig][35] CoverIntent version is set to 1.2.3.4.5.6.
[2025-09-18 19:42:41 326][6174205][INF][P0x5fbf][T0x600b][LocalCover.cpp][ParseDoudiConfig][39] CoverIntent format_version is set to 1.
[2025-09-18 19:42:41 333][6174213][INF][P0x5fbf][T0x600b][libisssr2.cpp][ISSSR2CreateInstances][82] ISSSR2CreateInstances | nInstsCount[1]
[2025-09-18 19:42:41 334][6174213][INF][P0x5fbf][T0x600b][CIssSr.cpp][CIssSr][450] m_nInstId[1], CIssSr::CIssSr
[2025-09-18 19:42:41.334095][BaseConfigParser]cfg file /mnt/vendor/vr/res/SRRes/ResMandarin/../AoiCfg.json not found
[2025-09-18 19:42:41 334][6174213][ERR][P0x5fbf][T0x600b][AoiSemanticMgr.cpp][init][22] AoiToSemanticsMgr init | Invalid Aoi Config file
[2025-09-18 19:42:41 335][6174215][INF][P0x5fbf][T0x600b][CEvadInterfaceImp.cpp][SetParam][139] vad param: wvad_param_isLstmSubsentenceAutoResetOn, value: true
[2025-09-18 19:42:41 335][6174215][INF][P0x5fbf][T0x600b][CEvadInterfaceImp.cpp][SetParam][139] vad param: wvad_param_isSilenceAutoResetOn, value: true
[2025-09-18 19:42:41 335][6174215][INF][P0x5fbf][T0x600b][CEvadInterfaceImp.cpp][SetParam][139] vad param: wvad_param_isSilenceAutoResetSubsentenceOn, value: true
[2025-09-18 19:42:41 335][6174215][INF][P0x5fbf][T0x600b][CEvadInterfaceImp.cpp][SetParam][139] vad param: wvad_param_isVadDegOn, value: false
[2025-09-18 19:42:41 335][6174215][INF][P0x5fbf][T0x600b][CEvadInterfaceImp.cpp][SetParam][139] vad param: wvad_param_nEnergyThreshold, value: 10.5
[2025-09-18 19:42:41 335][6174215][INF][P0x5fbf][T0x600b][CEvadInterfaceImp.cpp][SetParam][139] vad param: wvad_param_nSilenceAutoReset_WinSize, value: 250
[2025-09-18 19:42:41 335][6174215][INF][P0x5fbf][T0x600b][CEvadInterfaceImp.cpp][SetParam][139] vad param: wvad_param_vad_responsetimeout, value: 999999999
[2025-09-18 19:42:41 335][6174215][INF][P0x5fbf][T0x600b][CEvadInterfaceImp.cpp][SetParam][139] vad param: wvad_param_vad_speechend, value: 9999999
[2025-09-18 19:42:41 335][6174215][INF][P0x5fbf][T0x600b][CEvadInterfaceImp.cpp][SetParam][139] vad param: wvad_param_vad_threshold, value: 0.123
[2025-09-18 19:42:41 336][6174215][INF][P0x5fbf][T0x605d][CVAD.cpp][WorkingProc][508] CVAD::VadWorking VAThreadSetPriority(-19) ret 0.
[2025-09-18 19:42:41 337][6174216][INF][P0x5fbf][T0x600b][CIAT.cpp][CIAT][129] Log dir: /data/user_de/10/com.zone.service.speech/vr/iflytek/Active/SRRes/ResMandarin/log/Msc/.
[2025-09-18 19:42:41 337][6174216][INF][P0x5fbf][T0x600b][CAIUIClientMgr.cpp][AddAIUIClientPointer][287] CAIUIClientMgr::AddAIUIClientPointer | pThis = 0xb4000071715fc7a0
[2025-09-18 19:42:41 337][6174216][INF][P0x5fbf][T0x600b][CAIUIClientMgr.cpp][EnableCallback][280] CAIUIClientMgr::EnableCallback | m_bEnableCallback = true
[2025-09-18 19:42:41 337][6174217][INF][P0x5fbf][T0x600b][CAIUIClientMgr.cpp][AddAIUIClientPointer][287] CAIUIClientMgr::AddAIUIClientPointer | pThis = 0xb400007171600e70
[2025-09-18 19:42:41 337][6174217][INF][P0x5fbf][T0x600b][CIssSr.cpp][ProcessIatMsg][2246] ISS_SR_MSG_AIUIGetUid, wParam=0, lParam=4633d6d10c0d66fcf458dce073b688_1
SpeechEngineAdapter onMSMsgProc_() uMsg = 20059 wParam = 0 iParam = 4633d6d10c0d66fcf458dce073b688_1 nIndex = 1
[2025-09-18 19:42:41 337][6174217][INF][P0x5fbf][T0x600b][issmsImpl.cpp][CallBackMsgWithFullLog][544] VAMSImpl::m_pfnMSMsgCallback pUsrArg=0x1956,nSRInstIndex=1,uMsg=20059,wParam=0,lParam=4633d6d10c0d66fcf458dce073b688_1
[2025-09-18 19:42:41 337][6174217][INF][P0x5fbf][T0x600b][CIssSr.cpp][ProcessIatMsg][2246] ISS_SR_MSG_AIUIGetUid, wParam=0, lParam=4633d6d10c0d66fcf458dce073b688_1
SpeechEngineAdapter onMSMsgProc_() uMsg = 20059 wParam = 0 iParam = 4633d6d10c0d66fcf458dce073b688_1 nIndex = 1
[2025-09-18 19:42:41 337][6174217][INF][P0x5fbf][T0x600b][issmsImpl.cpp][CallBackMsgWithFullLog][544] VAMSImpl::m_pfnMSMsgCallback pUsrArg=0x1956,nSRInstIndex=1,uMsg=20059,wParam=0,lParam=4633d6d10c0d66fcf458dce073b688_1
[2025-09-18 19:42:41 338][6174217][INF][P0x5fbf][T0x605e][CIAT.cpp][WorkingProc][681] CIAT::WorkingProc VAThreadSetPriority(-19) ret 0.
[2025-09-18 19:42:41 338][6174218][INF][P0x5fbf][T0x600b][CIssSr.cpp][LocalHandleInit][5178] m_nInstId[1], CIssSr::LocalHandleInit
[2025-09-18 19:42:41 338][6174218][INF][P0x5fbf][T0x6060][CIssSr.cpp][ResultManager][4291] CIssSr::ResultManager VAThreadSetPriority(-19) ret 0.
enter SPWInit
[2025-09-18 19:42:41 338][6174218][INF][P0x5fbf][T0x6060][CIssSr.cpp][ResultManager][4297] m_nInstId[1], CIssSr::ResultManager
configs is /mnt/vendor/vr/res/SRRes/ResMandarin/poixp/spw_SR.cfg
enter tts_res_init
cfgpath is /mnt/vendor/vr/res/SRRes/ResMandarin/poixp/spw_SR.cfg
open and read cfgpath /mnt/vendor/vr/res/SRRes/ResMandarin/poixp/spw_SR.cfg done
enter load
Spwords::load res_path /mnt/vendor/vr/res/SRRes/ResMandarin/poixp/./dict_res.irf
leave load
leave tts_res_init
sptype is  SR
enter Init
Spwords_SR::Init | config file path is "/mnt/vendor/vr/res/SRRes/ResMandarin/poixp/spw_SR.cfg"
leave Init
leave SPWInit
enter SPWInit
configs is /mnt/vendor/vr/res/SRRes/ResMandarin/poixp/spw_VW.cfg
sptype is  VW
enter Init
Spwords_VW::Init | config file path is "/mnt/vendor/vr/res/SRRes/ResMandarin/poixp/spw_VW.cfg"
leave Init
leave SPWInit
[2025-09-18 19:42:41 357][6174237][INF][P0x5fbf][T0x6061][Grm.cpp][WorkingProc][429] CGrmBuilder::GrmBuilderProc SetPriority(-19) ret 0.
[2025-09-18 19:42:41 360][6174240][INF][P0x5fbf][T0x6064][SR.cpp][WorkingProc][862] SR::WorkingProc VAThreadSetPriority(-19) ret 0.
SpeechEngineAdapter onMSMsgProc_() uMsg = 20060 wParam = 0 iParam = 576d9f07 nIndex = 1
[2025-09-18 19:42:41 361][6174240][INF][P0x5fbf][T0x600b][issmsImpl.cpp][CallBackMsgWithFullLog][544] VAMSImpl::m_pfnMSMsgCallback pUsrArg=0x1956,nSRInstIndex=1,uMsg=20060,wParam=0,lParam=576d9f07
[2025-09-18 19:42:41 361][6174240][INF][P0x5fbf][T0x600b][CIssSr.cpp][LocalHandleInit][5250] CIssSr::LocalHandleInit Init Success
[2025-09-18 19:42:41 361][6174240][INF][P0x5fbf][T0x6065][CIssSr.cpp][LocalNliProcess][4241] m_nInstId[1], CIssSr::LocalNliProcess
[2025-09-18 19:42:41 361][6174241][INF][P0x5fbf][T0x600b][CVAD.cpp][SetParam][835] CVAD SetParam: chifbeam, value: 1
[2025-09-18 19:42:41 361][6174241][INF][P0x5fbf][T0x600b][CVAD.cpp][SetParam][843] CVAD Chif: 1
[2025-09-18 19:42:41 361][6174241][INF][P0x5fbf][T0x600b][CIssSr.cpp][SetVPRGroup][5949] m_nInstId[1], uid(407a44595db3e094aec6a518de5129cf), mode(3).
SpeechEngineAdapter onMSMsgProc_() uMsg = 20000 wParam = 0 iParam = create instant success nIndex = -1
SystemPropertyUtil getRoBuildServerEnv()
SystemPropertyUtil get property type is: ro.vendor.build.server.env, and value is: QA
SpeechEngineAdapter.setAikitUrl(): SpeechEngineAdapter setAikitUrl : [{"aiui":{"url":"wss://speech-zone-uat.mos.csvw.com/xunfei/v4/aiui"}},{"personal":"https://speech-zone-uat.mos.csvw.com/xunfei/personal/upload"},{"aiui_spark":{"url":"wss://speech-zone-uat.mos.csvw.com/xunfei/v4/aiui"}}]
SpeechEngineAdapter setParam() modeType = 1 param = aikit_url paramValue = [{"aiui":{"url":"wss://speech-zone-uat.mos.csvw.com/xunfei/v4/aiui"}},{"personal":"https://speech-zone-uat.mos.csvw.com/xunfei/personal/upload"},{"aiui_spark":{"url":"wss://speech-zone-uat.mos.csvw.com/xunfei/v4/aiui"}}] index = -1
[2025-09-18 19:42:41 362][6174242][INF][P0x5fbf][T0x600b][libissms_jni.cpp][Java_com_iflytek_speech_libissms_setParam][463] setParam
[2025-09-18 19:42:41 362][6174242][INF][P0x5fbf][T0x600b][issms.cpp][ISSMSSetParam][175] ISSMSSetParam | hISSMSObj = 0xb4000071d1612540, nModeType = 1, szParam = aikit_url,szParamValue = [{"aiui":{"url":"wss://speech-zone-uat.mos.csvw.com/xunfei/v4/aiui"}},{"personal":"https://speech-zone-uat.mos.csvw.com/xunfei/personal/upload"},{"aiui_spark":{"url":"wss://speech-zone-uat.mos.csvw.com/xunfei/v4/aiui"}}],nSRInstIndex = -1
[2025-09-18 19:42:41 362][6174242][INF][P0x5fbf][T0x600b][libisssr2.cpp][ISSSR2SetParam][171] ISSSR2SetParam | nInstIndex[-1], szParam: aikit_url, szParamValue: [{"aiui":{"url":"wss://speech-zone-uat.mos.csvw.com/xunfei/v4/aiui"}},{"personal":"https://speech-zone-uat.mos.csvw.com/xunfei/personal/upload"},{"aiui_spark":{"url":"wss://speech-zone-uat.mos.csvw.com/xunfei/v4/aiui"}}]
[2025-09-18 19:42:41 362][6174242][INF][P0x5fbf][T0x600b][issmsImpl.cpp][SaveSrParamAndValue][2904] SaveSrParamAndValue | SRInst=-1, strParam = aikit_url, strParamValue=[{"aiui":{"url":"wss://speech-zone-uat.mos.csvw.com/xunfei/v4/aiui"}},{"personal":"https://speech-zone-uat.mos.csvw.com/xunfei/personal/upload"},{"aiui_spark":{"url":"wss://speech-zone-uat.mos.csvw.com/xunfei/v4/aiui"}}]
[2025-09-18 19:42:41 362][6174242][INF][P0x5fbf][T0x600b][libissms_jni.cpp][Java_com_iflytek_speech_libissms_setParam][493] setParam leave
[2025-09-18 19:42:41 363][6174242][INF][P0x5fbf][T0x600b][issmsImpl.cpp][CallBackMsgWithFullLog][544] VAMSImpl::m_pfnMSMsgCallback pUsrArg=0x1956,nSRInstIndex=-1,uMsg=20000,wParam=0,lParam=create instant success
[2025-09-18 19:42:41 363][6174242][INF][P0x5fbf][T0x600b][CSharedSrMgr.cpp][SRInitProcess][98] ISSSR2CreateInstances success! SRInstNum = 1
[2025-09-18 19:42:41 363][6174242][INF][P0x5fbf][T0x600b][libisssr2.cpp][ISSSR2SetParam][171] ISSSR2SetParam | nInstIndex[-1], szParam: sr_pattern, szParamValue: single_fulltime
SpeechEngineAdapter sr init completed
SpeechEngineAdapter begin upload dict data...
SELECT * FROM speech_base_table with args null
SpeechEngineAdapter Sr location mode
SpeechEngineAdapter setParam() modeType = 1 param = audiomode paramValue = 0 index = -1
[2025-09-18 19:42:41 376][6174256][INF][P0x5fbf][T0x5ff1][libissms_jni.cpp][Java_com_iflytek_speech_libissms_setParam][463] setParam
[2025-09-18 19:42:41 376][6174256][INF][P0x5fbf][T0x5ff1][issms.cpp][ISSMSSetParam][175] ISSMSSetParam | hISSMSObj = 0xb4000071d1612540, nModeType = 1, szParam = audiomode,szParamValue = 0,nSRInstIndex = -1
[2025-09-18 19:42:41 376][6174256][INF][P0x5fbf][T0x5ff1][libisssr2.cpp][ISSSR2SetParam][171] ISSSR2SetParam | nInstIndex[-1], szParam: audiomode, szParamValue: 0
[2025-09-18 19:42:41 376][6174256][INF][P0x5fbf][T0x5ff1][CVAD.cpp][SetParam][835] CVAD SetParam: audiomode, value: 0
[2025-09-18 19:42:41 376][6174256][INF][P0x5fbf][T0x5ff1][CVAD.cpp][SetParam][839] CVAD audiomode: 0
[2025-09-18 19:42:41 376][6174256][INF][P0x5fbf][T0x5ff1][issmsImpl.cpp][SaveSrParamAndValue][2904] SaveSrParamAndValue | SRInst=-1, strParam = audiomode, strParamValue=0
[2025-09-18 19:42:41 376][6174256][INF][P0x5fbf][T0x5ff1][libissms_jni.cpp][Java_com_iflytek_speech_libissms_setParam][493] setParam leave
SELECT * FROM speech_base_table with args null
SpeechEngineAdapter setParam() modeType = 1 param = spark_type paramValue = aiui_40 index = -1
[2025-09-18 19:42:41 378][6174258][INF][P0x5fbf][T0x5ff1][libissms_jni.cpp][Java_com_iflytek_speech_libissms_setParam][463] setParam
[2025-09-18 19:42:41 378][6174258][INF][P0x5fbf][T0x5ff1][issms.cpp][ISSMSSetParam][175] ISSMSSetParam | hISSMSObj = 0xb4000071d1612540, nModeType = 1, szParam = spark_type,szParamValue = aiui_40,nSRInstIndex = -1
[2025-09-18 19:42:41 378][6174258][INF][P0x5fbf][T0x5ff1][libisssr2.cpp][ISSSR2SetParam][171] ISSSR2SetParam | nInstIndex[-1], szParam: spark_type, szParamValue: aiui_40
[2025-09-18 19:42:41 378][6174258][INF][P0x5fbf][T0x5ff1][issmsImpl.cpp][SaveSrParamAndValue][2904] SaveSrParamAndValue | SRInst=-1, strParam = spark_type, strParamValue=aiui_40
[2025-09-18 19:42:41 378][6174258][INF][P0x5fbf][T0x5ff1][libissms_jni.cpp][Java_com_iflytek_speech_libissms_setParam][493] setParam leave
SpeechEngineAdapter setParam() modeType = 1 param = spark_scene paramValue = doubao index = -1
[2025-09-18 19:42:41 378][6174258][INF][P0x5fbf][T0x5ff1][libissms_jni.cpp][Java_com_iflytek_speech_libissms_setParam][463] setParam
[2025-09-18 19:42:41 378][6174258][INF][P0x5fbf][T0x5ff1][issms.cpp][ISSMSSetParam][175] ISSMSSetParam | hISSMSObj = 0xb4000071d1612540, nModeType = 1, szParam = spark_scene,szParamValue = doubao,nSRInstIndex = -1
[2025-09-18 19:42:41 379][6174258][INF][P0x5fbf][T0x5ff1][libisssr2.cpp][ISSSR2SetParam][171] ISSSR2SetParam | nInstIndex[-1], szParam: spark_scene, szParamValue: doubao
[2025-09-18 19:42:41 379][6174258][INF][P0x5fbf][T0x5ff1][issmsImpl.cpp][SaveSrParamAndValue][2904] SaveSrParamAndValue | SRInst=-1, strParam = spark_scene, strParamValue=doubao
[2025-09-18 19:42:41 379][6174258][INF][P0x5fbf][T0x5ff1][libissms_jni.cpp][Java_com_iflytek_speech_libissms_setParam][493] setParam leave
SpeechEngineAdapter setParam() modeType = 0 param = Identifying_sr_mode paramValue = spark index = -1
[2025-09-18 19:42:41 379][6174258][INF][P0x5fbf][T0x5ff1][libissms_jni.cpp][Java_com_iflytek_speech_libissms_setParam][463] setParam
[2025-09-18 19:42:41 379][6174258][INF][P0x5fbf][T0x5ff1][issms.cpp][ISSMSSetParam][175] ISSMSSetParam | hISSMSObj = 0xb4000071d1612540, nModeType = 0, szParam = Identifying_sr_mode,szParamValue = spark,nSRInstIndex = -1
[2025-09-18 19:42:41 379][6174258][INF][P0x5fbf][T0x5ff1][libissms_jni.cpp][Java_com_iflytek_speech_libissms_setParam][493] setParam leave
SystemPropertyUtil getRoBuildServerEnv()
SystemPropertyUtil get property type is: ro.vendor.build.server.env, and value is: QA
SpeechEngineAdapter setParam() modeType = 1 param = attachparams paramValue = {"nlp_params":{"bIsSecondInteract":false,"enableLongTermMemory":false,"llmEnv":"test","vehicleId":"pp01_default_vin_code","vehicleName":"奥迪E5 Sportback","vehicleType":"Audi_E5_Sportback"}} index = -1
[2025-09-18 19:42:41 382][6174262][INF][P0x5fbf][T0x5ff1][libissms_jni.cpp][Java_com_iflytek_speech_libissms_setParam][463] setParam
[2025-09-18 19:42:41 382][6174262][INF][P0x5fbf][T0x5ff1][issms.cpp][ISSMSSetParam][175] ISSMSSetParam | hISSMSObj = 0xb4000071d1612540, nModeType = 1, szParam = attachparams,szParamValue = {"nlp_params":{"bIsSecondInteract":false,"enableLongTermMemory":false,"llmEnv":"test","vehicleId":"pp01_default_vin_code","vehicleName":"奥迪E5 Sportback","vehicleType":"Audi_E5_Sportback"}},nSRInstIndex = -1
[2025-09-18 19:42:41 382][6174262][INF][P0x5fbf][T0x5ff1][libisssr2.cpp][ISSSR2SetParam][171] ISSSR2SetParam | nInstIndex[-1], szParam: attachparams, szParamValue: {"nlp_params":{"bIsSecondInteract":false,"enableLongTermMemory":false,"llmEnv":"test","vehicleId":"pp01_default_vin_code","vehicleName":"奥迪E5 Sportback","vehicleType":"Audi_E5_Sportback"}}
[2025-09-18 19:42:41 383][6174263][INF][P0x5fbf][T0x5ff1][issmsImpl.cpp][SaveSrParamAndValue][2904] SaveSrParamAndValue | SRInst=-1, strParam = attachparams, strParamValue={"nlp_params":{"bIsSecondInteract":false,"enableLongTermMemory":false,"llmEnv":"test","vehicleId":"pp01_default_vin_code","vehicleName":"奥迪E5 Sportback","vehicleType":"Audi_E5_Sportback"}}
[2025-09-18 19:42:41 383][6174263][INF][P0x5fbf][T0x5ff1][libissms_jni.cpp][Java_com_iflytek_speech_libissms_setParam][493] setParam leave
SpeechEngineAdapter setParam() modeType = 0 param = dialogue_reset paramValue = 1 index = -1
[2025-09-18 19:42:41 383][6174263][INF][P0x5fbf][T0x5ff1][libissms_jni.cpp][Java_com_iflytek_speech_libissms_setParam][463] setParam
[2025-09-18 19:42:41 383][6174263][INF][P0x5fbf][T0x5ff1][issms.cpp][ISSMSSetParam][175] ISSMSSetParam | hISSMSObj = 0xb4000071d1612540, nModeType = 0, szParam = dialogue_reset,szParamValue = 1,nSRInstIndex = -1
[2025-09-18 19:42:41 383][6174263][INF][P0x5fbf][T0x5ff1][libisssr2.cpp][ISSSR2SetParam][171] ISSSR2SetParam | nInstIndex[-1], szParam: trace_id, szParamValue: null
[2025-09-18 19:42:41 383][6174263][INF][P0x5fbf][T0x5ff1][libisssr2.cpp][ISSSR2SetParam][171] ISSSR2SetParam | nInstIndex[-1], szParam: sr_pattern, szParamValue: single_fulltime
[2025-09-18 19:42:41 384][6174263][INF][P0x5fbf][T0x5ff1][MsDialogueManager.cpp][SetIsStatusShareMode][400] SetIsStatusShareMode is 1
[2025-09-18 19:42:41 384][6174263][INF][P0x5fbf][T0x5ff1][libissms_jni.cpp][Java_com_iflytek_speech_libissms_setParam][493] setParam leave
SpeechDialogueBusinessManager Recognition onReady
registerExtendListener
SpeechDialogueBusinessManager setDialogueConfiguration
SpeechDialogueBusinessManager initDialogueForBasicSpeech
SpeechDialogueBusinessManager initDialogueForBusiness
SpeechNluTaskManager init mIsInit = true
IMateAdapter.setIMateEnable(): IMateAdapter setIMateEnable = true
SpeechBaseBusinessManager init
DSM updateDelayListeningTimeout = 15000
registerKeyEventListener code [516]
DSM-UnavailableState Try to exit unavailable state
DSM-UnavailableState onChangeState scene = INIT_SCENE
DSM-UnavailableState power state = -1
DSM Exit UnavailableState
DSM-IdleState Enter IdleState
DSM clearAllListeningTimeout
VehicleAudioFocusAdapter abandonAudioFocus
runAction method:stopRecognizing
RecognitionService stop
RecognitionService No running task, skip stop
NetworkConnectivityAdapter isNetworkAvailable isNetworkType = 2
DSM-IdleState disable active sr
DSM notifyStateChanged start state = STATE_IDLE
SpeechHmiManager notifySpeechStateChange = STATE_IDLE area = 1
[DisplayManager][notifyVrPos]pos:1
[DisplayManager][displayAction]start:false business:VR action:IDLE listener:com.zone.api.imate.display.DisplayManager$1@76ec3c1
IMateAdapter showAsrText isFinalNlu = false, content = 
[DisplayManager][displayAsrText]{"text":"","type":1}
TtsPromptPlaybackManager onStateChange = STATE_IDLE
SpeechTaskRouter stopTimer
DSM notifyStateChanged end
notify calibrated
RecognitionService Time calibration notice！
SpeechUploadDataService match domain = media
SpeechUploadDataService filterListeners = [{"domains":["media"],"package":"com.zone.service.mediacenter"}]
SpeechUploadDataService infoRequestListener = com.zone.api.speech.IInfoRequestListener$Stub$Proxy@8c2268f
RecognitionService SemanticInitRunnable run...
SemanticDataManager begin init SemanticData...
SpeechCore Init sr duration(ms) = 5
VehicleConfigAdapter getVinCodeAsync
VehicleConfigAdapter send message success
SystemPropertyUtil getRoBuildServerEnv()
SystemPropertyUtil get property type is: ro.vendor.build.server.env, and value is: QA
getVehicleConfig key: VehCfg_SW_VinCode
SystemPropertyUtil getRoBuildServerEnv()
SystemPropertyUtil get property type is: ro.vendor.build.server.env, and value is: QA
SystemPropertyUtil getRoBuildServerEnv()
SystemPropertyUtil get property type is: ro.vendor.build.server.env, and value is: QA
SystemPropertyUtil set property type is: vendor.speechservice.ready, and value is: true
VehicleAccountAdapter registerAccountStatusListener
registerListener: listener==com.zone.service.speech.dialogue.base.fota.SpeechFotaManager$1@64c1e4
registerListener: listener==com.zone.service.speech.dialogue.base.fota.SpeechFotaManager$1@64c1e4
FotaManager startFindService  fota version = 1.0.12
ScreenSaverAdapter addScreenSaverCallBack callback = com.zone.service.speech.dialogue.base.SpeechBaseBusinessManager$5@852364d
ScreenSaverAdapter init()
convertToVehicleConfigValue: key[VehCfg_SW_VinCode], type[4], result[0], option[]
convertToVehicleConfigValue: valueString[]
VehicleConfigAdapter$LocalHandler.lambda$getVinCode$1$com-zone-service-speech-base-VehicleConfigAdapter$LocalHandler(): VehicleConfigAdapter getVinCode failed!
SystemPropertyUtil getVinCode()
SystemPropertyUtil get property type is: persist.vincode, and value is: 
SemanticCloud handleSemanticSource call the parameter{"applicationName":"dataSynchronized","applicationVersion":"V1.0.0_audi","resources":[{"resourceName":"customizeOemData_audi_UP.json","resourceVersion":"V1.0.0_audi","version":0},{"resourceName":"customizeSemanticData_UP.json","resourceVersion":"V1.0.0_audi","version":0},{"resourceName":"customizeSlotData_UP.json","resourceVersion":"V1.0.0_audi","version":0}]}
SpeechBaseBusinessManager.init(): SpeechBaseBusinessManager onChange() android.provider.Settings$SettingNotFoundException: zone_clean_mode
SemanticDataManager begin preLoadSemantic..
SemanticFileDataUtils preLoadSemantic start..
SpeechUtils Found file with prefix: customizeOem20250918190945
NetworkLog: --> POST https://speech-pre.z-onesoftware.com/speech/resource/checkResourceStatus http/1.1
NetworkLog: Content-Type: application/json
NetworkLog: Content-Length: 362
NetworkLog: Accept: application/json
NetworkLog: Origin: https://speech-pre.z-onesoftware.com
NetworkLog: applicationName: dataSynchronized
NetworkLog: applicationVersion: V1.0.0_audi
NetworkLog: deviceId: test123
NetworkLog: zone-x-appkey: 10ed26a8ba686625926bf237555c68d3
NetworkLog: zone-x-cid: testVin123
NetworkLog: zone-x-model: normal
NetworkLog: zone-x-nonce: f4fc571e1f9d4aae967473ecedf771ab
NetworkLog: zone-x-service-SpeechService: 45
NetworkLog: zone-x-service-XunFeiSDK: 102100
NetworkLog: zone-x-sign: UmNPWTYrial6JD1KIiIfNSe2Mtz7nHhEzqOvtNHLzJQ=
NetworkLog: zone-x-source: vehicle
NetworkLog: zone-x-timestamp: 1758195761393
NetworkLog: zone-x-v: v1.0
NetworkLog: 
NetworkLog: {"applicationName":"dataSynchronized","applicationVersion":"V1.0.0_audi","resources":[{"resourceName":"customizeOemData_audi_UP.json","resourceVersion":"V1.0.0_audi","version":0},{"resourceName":"customizeSemanticData_UP.json","resourceVersion":"V1.0.0_audi","version":0},{"resourceName":"customizeSlotData_UP.json","resourceVersion":"V1.0.0_audi","version":0}]}
NetworkLog: --> END POST (362-byte body)
--> POST https://speech-pre.z-onesoftware.com/speech/resource/checkResourceStatus http/1.1
Content-Type: application/json
Content-Length: 362
Accept: application/json
Origin: https://speech-pre.z-onesoftware.com
applicationName: dataSynchronized
applicationVersion: V1.0.0_audi
deviceId: test123
zone-x-appkey: 10ed26a8ba686625926bf237555c68d3
zone-x-cid: testVin123
zone-x-model: normal
zone-x-nonce: f4fc571e1f9d4aae967473ecedf771ab
zone-x-service-SpeechService: 45
zone-x-service-XunFeiSDK: 102100
zone-x-sign: UmNPWTYrial6JD1KIiIfNSe2Mtz7nHhEzqOvtNHLzJQ=
zone-x-source: vehicle
zone-x-timestamp: 1758195761393
zone-x-v: v1.0
{"applicationName":"dataSynchronized","applicationVersion":"V1.0.0_audi","resources":[{"resourceName":"customizeOemData_audi_UP.json","resourceVersion":"V1.0.0_audi","version":0},{"resourceName":"customizeSemanticData_UP.json","resourceVersion":"V1.0.0_audi","version":0},{"resourceName":"customizeSlotData_UP.json","resourceVersion":"V1.0.0_audi","version":0}]}
--> END POST (362-byte body)
[25/09/18-19:42:41 550][ERR][Px5fbf][Tx9e1f9cb0] VlQB0s3EQcMtyu/veZbZyQOw4usoJCiwlZd1OyYhO4pRwpiLIRx/ROGKw7qNzGf4t2Y+ztd4Wk8nwP+N7pTc9hgNy20/XMbS
SpeechUtils Found file with prefix: semanticSource20250918192812
<-- 200 OK https://speech-pre.z-onesoftware.com/speech/resource/checkResourceStatus (382ms)
Date: Thu, 18 Sep 2025 11:42:41 GMT
Content-Type: application/json
Transfer-Encoding: chunked
Connection: keep-alive
Access-Control-Allow-Origin: *
Access-Control-Expose-Headers: traceresponse
Access-Control-Expose-Headers: x-br-response
traceresponse: 00-28201c7ab4fdb1b91bdbd2229de0b90f-f4cfdbb03635ccc9-00
Access-Control-Expose-Headers: traceresponse
Access-Control-Expose-Headers: x-br-response
x-br-response: sn=c3BlZWNoLWdhdGV3YXkuYmFzZS5wcmU=,si=1095
X-Kong-Upstream-Latency: 30
X-Kong-Proxy-Latency: 0
X-Frame-Options: SAMEORIGIN
Cache-Control: no-cache
X-Content-Type-Options: nosniff
Strict-Transport-Security: max-age=63072000
x-via: 1.1 PS-HFE-01XYu55:10 (Cdn Cache Server V2.0), 1.1 PSshwt5vj35:0 (Cdn Cache Server V2.0)
x-ws-request-id: 68cbf031_PSshwt5vj35_23323-61020
{"code":30005,"message":"应用版本有误","updateResource":false}
<-- END HTTP (68-byte body)
NetworkLog: <-- 200 OK https://speech-pre.z-onesoftware.com/speech/resource/checkResourceStatus (384ms)
NetworkLog: Date: Thu, 18 Sep 2025 11:42:41 GMT
NetworkLog: Content-Type: application/json
NetworkLog: Transfer-Encoding: chunked
NetworkLog: Connection: keep-alive
NetworkLog: Access-Control-Allow-Origin: *
NetworkLog: Access-Control-Expose-Headers: traceresponse
NetworkLog: Access-Control-Expose-Headers: x-br-response
NetworkLog: traceresponse: 00-28201c7ab4fdb1b91bdbd2229de0b90f-f4cfdbb03635ccc9-00
NetworkLog: Access-Control-Expose-Headers: traceresponse
NetworkLog: Access-Control-Expose-Headers: x-br-response
NetworkLog: x-br-response: sn=c3BlZWNoLWdhdGV3YXkuYmFzZS5wcmU=,si=1095
NetworkLog: X-Kong-Upstream-Latency: 30
NetworkLog: X-Kong-Proxy-Latency: 0
NetworkLog: X-Frame-Options: SAMEORIGIN
NetworkLog: Cache-Control: no-cache
NetworkLog: X-Content-Type-Options: nosniff
NetworkLog: Strict-Transport-Security: max-age=63072000
NetworkLog: x-via: 1.1 PS-HFE-01XYu55:10 (Cdn Cache Server V2.0), 1.1 PSshwt5vj35:0 (Cdn Cache Server V2.0)
NetworkLog: x-ws-request-id: 68cbf031_PSshwt5vj35_23323-61020
NetworkLog: 
NetworkLog: {"code":30005,"message":"应用版本有误","updateResource":false}
NetworkLog: <-- END HTTP (68-byte body)
SemanticCloud fsaVersionResult: okhttp3.ResponseBody$1@7a54129
SemanticDataManager$1.onSuccess(): SemanticDataManager handleSemanticSource page:  cloudData=fsaVersionResult: 
upload assist recognition data:{"grm":[{"dictcontant":[{"car_status":"{\"request_id\":\"a84b8a1ba42f4ba998a6b5cfab72f3bd\",\"request_type\":\"full\",\"resource_value\":[{\"id\":\"7f2124518b144a1b871396a1887259cc\",\"subresource\":[{\"vehicle_id\":\"pp01_default_vin_code\"}]}],\"vehicle_id\":\"pp01_default_vin_code\"}"}],"dictname":"car_status"}]}
VehicleAccountAdapter registerAccountStatusListener
SpeechEngineAdapter dict take i:1
isVehicleOwnerAccount mAccountManager = com.zone.api.usercenter.AccountHelper@3d98474
SystemPropertyUtil getRoBuildServerEnv()
isServiceReady: true
Start get the account role
SystemPropertyUtil get property type is: ro.vendor.build.server.env, and value is: QA
getAccountType
getAccountType
checkServiceIsReady
SystemPropertyUtil getRoBuildServerEnv()
SystemPropertyUtil get property type is: ro.vendor.build.server.env, and value is: QA
SystemPropertyUtil getRoBuildServerEnv()
SystemPropertyUtil get property type is: ro.vendor.build.server.env, and value is: QA
Get the account role type = 0
SpeechCore Init duration(ms) = 15
SpeechEngineAdapter headers = {Origin=https://speech-zone-uat.mos.csvw.com, zone-x-appkey=10ed26a8ba686625926bf237555c68d3, zone-x-cid=pp01_default_vin_code, zone-x-model=normal, zone-x-nonce=6a1be4b2e8554aba8495660d397295ab, zone-x-service-SpeechService=45, zone-x-service-XunFeiSDK=102100, zone-x-sign=hrVNdkLssUvQtfGl6pThJ7oXrY4PR2lBWeWMi896qu0=, zone-x-source=vehicle, zone-x-timestamp=1758195762060, zone-x-v=v1.0}
SpeechEngineAdapter setParam() modeType = 1 param = PersonalAuthInfo paramValue = {"aiui":"&zoneauth=eyJPcmlnaW4iOiJodHRwczovL3NwZWVjaC16b25lLXVhdC5tb3MuY3N2dy5jb20iLCJ6b25lLXgtYXBwa2V5IjoiMTBlZDI2YThiYTY4NjYyNTkyNmJmMjM3NTU1YzY4ZDMiLCJ6b25lLXgtY2lkIjoicHAwMV9kZWZhdWx0X3Zpbl9jb2RlIiwiem9uZS14LW1vZGVsIjoibm9ybWFsIiwiem9uZS14LW5vbmNlIjoiNmExYmU0YjJlODU1NGFiYTg0OTU2NjBkMzk3Mjk1YWIiLCJ6b25lLXgtc2VydmljZS1TcGVlY2hTZXJ2aWNlIjoiNDUiLCJ6b25lLXgtc2VydmljZS1YdW5GZWlTREsiOiIxMDIxMDAiLCJ6b25lLXgtc2lnbiI6ImhyVk5ka0xzc1V2UXRmR2w2cFRoSjdvWHJZNFBSMmxCV2VXTWk4OTZxdTBcdTAwM2QiLCJ6b25lLXgtc291cmNlIjoidmVoaWNsZSIsInpvbmUteC10aW1lc3RhbXAiOiIxNzU4MTk1NzYyMDYwIiwiem9uZS14LXYiOiJ2MS4wIn0="} index = -1
[2025-09-18 19:42:42 062][6174942][INF][P0x5fbf][T0x5ff9][libissms_jni.cpp][Java_com_iflytek_speech_libissms_setParam][463] setParam
[2025-09-18 19:42:42 062][6174942][INF][P0x5fbf][T0x5ff9][issms.cpp][ISSMSSetParam][175] ISSMSSetParam | hISSMSObj = 0xb4000071d1612540, nModeType = 1, szParam = PersonalAuthInfo,szParamValue = {"aiui":"&zoneauth=eyJPcmlnaW4iOiJodHRwczovL3NwZWVjaC16b25lLXVhdC5tb3MuY3N2dy5jb20iLCJ6b25lLXgtYXBwa2V5IjoiMTBlZDI2YThiYTY4NjYyNTkyNmJmMjM3NTU1YzY4ZDMiLCJ6b25lLXgtY2lkIjoicHAwMV9kZWZhdWx0X3Zpbl9jb2RlIiwiem9uZS14LW1vZGVsIjoibm9ybWFsIiwiem9uZS14LW5vbmNlIjoiNmExYmU0YjJlODU1NGFiYTg0OTU2NjBkMzk3Mjk1YWIiLCJ6b25lLXgtc2VydmljZS1TcGVlY2hTZXJ2aWNlIjoiNDUiLCJ6b25lLXgtc2VydmljZS1YdW5GZWlTREsiOiIxMDIxMDAiLCJ6b25lLXgtc2lnbiI6ImhyVk5ka0xzc1V2UXRmR2w2cFRoSjdvWHJZNFBSMmxCV2VXTWk4OTZxdTBcdTAwM2QiLCJ6b25lLXgtc291cmNlIjoidmVoaWNsZSIsInpvbmUteC10aW1lc3RhbXAiOiIxNzU4MTk1NzYyMDYwIiwiem9uZS14LXYiOiJ2MS4wIn0="},nSRInstIndex = -1
[2025-09-18 19:42:42 062][6174942][INF][P0x5fbf][T0x5ff9][libisssr2.cpp][ISSSR2SetParam][171] ISSSR2SetParam | nInstIndex[-1], szParam: PersonalAuthInfo, szParamValue: {"aiui":"&zoneauth=eyJPcmlnaW4iOiJodHRwczovL3NwZWVjaC16b25lLXVhdC5tb3MuY3N2dy5jb20iLCJ6b25lLXgtYXBwa2V5IjoiMTBlZDI2YThiYTY4NjYyNTkyNmJmMjM3NTU1YzY4ZDMiLCJ6b25lLXgtY2lkIjoicHAwMV9kZWZhdWx0X3Zpbl9jb2RlIiwiem9uZS14LW1vZGVsIjoibm9ybWFsIiwiem9uZS14LW5vbmNlIjoiNmExYmU0YjJlODU1NGFiYTg0OTU2NjBkMzk3Mjk1YWIiLCJ6b25lLXgtc2VydmljZS1TcGVlY2hTZXJ2aWNlIjoiNDUiLCJ6b25lLXgtc2VydmljZS1YdW5GZWlTREsiOiIxMDIxMDAiLCJ6b25lLXgtc2lnbiI6ImhyVk5ka0xzc1V2UXRmR2w2cFRoSjdvWHJZNFBSMmxCV2VXTWk4OTZxdTBcdTAwM2QiLCJ6b25lLXgtc291cmNlIjoidmVoaWNsZSIsInpvbmUteC10aW1lc3RhbXAiOiIxNzU4MTk1NzYyMDYwIiwiem9uZS14LXYiOiJ2MS4wIn0="}
[2025-09-18 19:42:42 062][6174942][INF][P0x5fbf][T0x5ff9][issmsImpl.cpp][SaveSrParamAndValue][2904] SaveSrParamAndValue | SRInst=-1, strParam = PersonalAuthInfo, strParamValue={"aiui":"&zoneauth=eyJPcmlnaW4iOiJodHRwczovL3NwZWVjaC16b25lLXVhdC5tb3MuY3N2dy5jb20iLCJ6b25lLXgtYXBwa2V5IjoiMTBlZDI2YThiYTY4NjYyNTkyNmJmMjM3NTU1YzY4ZDMiLCJ6b25lLXgtY2lkIjoicHAwMV9kZWZhdWx0X3Zpbl9jb2RlIiwiem9uZS14LW1vZGVsIjoibm9ybWFsIiwiem9uZS14LW5vbmNlIjoiNmExYmU0YjJlODU1NGFiYTg0OTU2NjBkMzk3Mjk1YWIiLCJ6b25lLXgtc2VydmljZS1TcGVlY2hTZXJ2aWNlIjoiNDUiLCJ6b25lLXgtc2VydmljZS1YdW5GZWlTREsiOiIxMDIxMDAiLCJ6b25lLXgtc2lnbiI6ImhyVk5ka0xzc1V2UXRmR2w2cFRoSjdvWHJZNFBSMmxCV2VXTWk4OTZxdTBcdTAwM2QiLCJ6b25lLXgtc291cmNlIjoidmVoaWNsZSIsInpvbmUteC10aW1lc3RhbXAiOiIxNzU4MTk1NzYyMDYwIiwiem9uZS14LXYiOiJ2MS4wIn0="}
[2025-09-18 19:42:42 062][6174942][INF][P0x5fbf][T0x5ff9][libissms_jni.cpp][Java_com_iflytek_speech_libissms_setParam][493] setParam leave
[2025-09-18 19:42:42 062][6174942][INF][P0x5fbf][T0x5ff9][libissms_jni.cpp][Java_com_iflytek_speech_libissms_srUploadDict][750] srUploadDict
[2025-09-18 19:42:42 062][6174942][INF][P0x5fbf][T0x5ff9][issms.cpp][ISSMSSRUpLoadDict][543] ISSMSSRUpLoadDict | hISSMSObj = 0xb4000071d1612540, szList = {"grm":[{"dictcontant":[{"car_status":"{\"request_id\":\"a84b8a1ba42f4ba998a6b5cfab72f3bd\",\"request_type\":\"full\",\"resource_value\":[{\"id\":\"7f2124518b144a1b871396a1887259cc\",\"subresource\":[{\"vehicle_id\":\"pp01_default_vin_code\"}]}],\"vehicle_id\":\"pp01_default_vin_code\"}"}],"dictname":"car_status"}]}, iUpLoadMode = 0, nSRInstIndex=-1
[2025-09-18 19:42:42 063][6174942][INF][P0x5fbf][T0x5ff9][libisssr2.cpp][ISSSR2UpLoadDict][316] ISSSR2UpLoadDict | nInstIndex[-1], nUploadMode: 0
[2025-09-18 19:42:42 063][6174942][INF][P0x5fbf][T0x5ff9][CIssSr.cpp][UpLoadDict][3841] strList: {"grm":[{"dictcontant":[{"car_status":"{\"request_id\":\"a84b8a1ba42f4ba998a6b5cfab72f3bd\",\"request_type\":\"full\",\"resource_value\":[{\"id\":\"7f2124518b144a1b871396a1887259cc\",\"subresource\":[{\"vehicle_id\":\"pp01_default_vin_code\"}]}],\"vehicle_id\":\"pp01_default_vin_code\"}"}],"dictname":"car_status"}]}
[2025-09-18 19:42:42 063][6174942][WAN][P0x5fbf][T0x5ff9][MscUploadDict.cpp][Parser][52] parse beamIndex error,ret(0)
[2025-09-18 19:42:42 063][6174942][WAN][P0x5fbf][T0x5ff9][MscUploadDict.cpp][Parser][60] parse grmId error,ret(0)
[2025-09-18 19:42:42 063][6174942][ERR][P0x5fbf][T0x5ff9][MscUploadDict.cpp][GetDictContent][125] CloudDict can not find dictname(app).
[2025-09-18 19:42:42 063][6174942][ERR][P0x5fbf][T0x5ff9][MscUploadDict.cpp][GetDictContent][125] CloudDict can not find dictname(applet).
[2025-09-18 19:42:42 063][6174943][ERR][P0x5fbf][T0x5ff9][MscUploadDict.cpp][GetDictContent][125] CloudDict can not find dictname(contact).
[2025-09-18 19:42:42 063][6174943][ERR][P0x5fbf][T0x5ff9][MscUploadDict.cpp][GetDictContent][125] CloudDict can not find dictname(habit).
[2025-09-18 19:42:42 063][6174943][ERR][P0x5fbf][T0x5ff9][MscUploadDict.cpp][GetDictContent][125] CloudDict can not find dictname(poi).
[2025-09-18 19:42:42 063][6174943][ERR][P0x5fbf][T0x5ff9][MscUploadDict.cpp][GetDictContent][125] CloudDict can not find dictname(scene).
[2025-09-18 19:42:42 063][6174943][ERR][P0x5fbf][T0x5ff9][MscUploadDict.cpp][GetDictContent][125] CloudDict can not find dictname(speaker).
[2025-09-18 19:42:42 063][6174943][ERR][P0x5fbf][T0x5ff9][MscUploadDict.cpp][GetDictContent][125] CloudDict can not find dictname(video).
[2025-09-18 19:42:42 063][6174943][ERR][P0x5fbf][T0x5ff9][MscUploadDict.cpp][GetDictContent][125] CloudDict can not find dictname(wechat).
[2025-09-18 19:42:42 063][6174943][INF][P0x5fbf][T0x5ff9][libissms_jni.cpp][Java_com_iflytek_speech_libissms_srUploadDict][773] srUploadDict leave
[2025-09-18 19:42:42 063][6174943][WAN][P0x5fbf][T0x6061][MscUploadDict.cpp][Parser][52] parse beamIndex error,ret(0)
[2025-09-18 19:42:42 063][6174943][WAN][P0x5fbf][T0x6061][MscUploadDict.cpp][Parser][60] parse grmId error,ret(0)
[2025-09-18 19:42:42 063][6174943][ERR][P0x5fbf][T0x6061][Grm.cpp][ParseGrm][618] no such dictname(car_status)
SpeechEngineAdapter upload customized data result == 0, uploadData = {"grm":[{"dictcontant":[{"car_status":"{\"request_id\":\"a84b8a1ba42f4ba998a6b5cfab72f3bd\",\"request_type\":\"full\",\"resource_value\":[{\"id\":\"7f2124518b144a1b871396a1887259cc\",\"subresource\":[{\"vehicle_id\":\"pp01_default_vin_code\"}]}],\"vehicle_id\":\"pp01_default_vin_code\"}"}],"dictname":"car_status"}]}
[2025-09-18 19:42:42 063][6174943][WAN][P0x5fbf][T0x6064][GrmBuildControl.cpp][OnMsgGrmHasCommit][68] Failed to uploadDict to local 1, lparam(car_status), err(10002)
SpeechEngineAdapter onMSMsgProc_() uMsg = 20001 wParam = 10002 iParam = car_status nIndex = 1
[2025-09-18 19:42:42 063][6174943][INF][P0x5fbf][T0x6064][issmsImpl.cpp][CallBackMsgWithFullLog][544] VAMSImpl::m_pfnMSMsgCallback pUsrArg=0x1956,nSRInstIndex=1,uMsg=20001,wParam=10002,lParam=car_status
SpeechUtils Found file with prefix: sourceSlot20250918191141
SemanticFileDataUtils preLoadSemantic end..
SemanticDataManager end init SemanticData.
[2025-09-18 19:42:42 502][6175382][INF][P0x5fbf][T0x601a][CAIUIClientMgr.cpp][OnAllEvent][224] OnAllEvent aikitHandle = 0xb400007081e1b7a0, usrContext = 0xb4000070c15be708, pThis = 0xb4000071715fc7a0
[2025-09-18 19:42:42 502][6175382][INF][P0x5fbf][T0x601a][CiatFunc.cpp][OnEvent][267] m_nInstId[1],CAIUIClient::OnEvent | Tag = [IFLYTEK.car_status], eventType: 15
[2025-09-18 19:42:42 502][6175382][INF][P0x5fbf][T0x601a][CiatFunc.cpp][OnEvent][273] CAIUIClient::OnEvent | key: (null), len: 0, type: -1
[2025-09-18 19:42:42 502][6175382][INF][P0x5fbf][T0x6019][CAIUIClientMgr.cpp][OnAllOutput][211] OnAllOutput aikitHandle = 0xb400007081e1b7a0, usrContext = 0xb4000070c15be708, pThis = 0xb4000071715fc7a0
[2025-09-18 19:42:42 502][6175382][INF][P0x5fbf][T0x6019][CiatFunc.cpp][OnOutput][215] m_nInstId[1],Tag = [ IFLYTEK.car_status ], len: 37, type: 0, status: 3, result type: [header], resultStr = {
	"code":	0,
	"message":	"success"
}
[2025-09-18 19:42:42 502][6175382][INF][P0x5fbf][T0x6019][CIssSr.cpp][ProcessIatMsg][2008] m_nInstId[1],ISS_SR_MSG_UpLoadDictToCloudStatus, wParam=0
[2025-09-18 19:42:42 502][6175382][INF][P0x5fbf][T0x6019][CIssSr.cpp][ProcessIatMsg][2010] DictName: {"code":0,"message":"success","tag":"IFLYTEK.car_status"}
.
SpeechEngineAdapter onMSMsgProc_() uMsg = 20002 wParam = 0 iParam = {"code":0,"message":"success","tag":"IFLYTEK.car_status"}
 nIndex = 1
[2025-09-18 19:42:42 503][6175382][INF][P0x5fbf][T0x6019][issmsImpl.cpp][CallBackMsgWithFullLog][544] VAMSImpl::m_pfnMSMsgCallback pUsrArg=0x1956,nSRInstIndex=1,uMsg=20002,wParam=0,lParam={"code":0,"message":"success","tag":"IFLYTEK.car_status"}
[2025-09-18 19:42:51 145][6184025][INF][P0x5fbf][T0x6030][CIVW.cpp][IssVwWorking][4385] IVWLogPrint m_iAppendAudioDataIvw:1280000,iBufSize:320 logPrintInterval :1000 m_nInputNumForMulIvw:4
[2025-09-18 19:43:01 164][6194044][INF][P0x5fbf][T0x6030][CIVW.cpp][IssVwWorking][4385] IVWLogPrint m_iAppendAudioDataIvw:2560000,iBufSize:320 logPrintInterval :1000 m_nInputNumForMulIvw:4
[2025-09-18 19:43:11 144][6204024][INF][P0x5fbf][T0x6030][CIVW.cpp][IssVwWorking][4385] IVWLogPrint m_iAppendAudioDataIvw:3840000,iBufSize:320 logPrintInterval :1000 m_nInputNumForMulIvw:4
SpeechAudioService Handle raw speech audio






















---------------------------- PROCESS STARTED (32529) for package com.zone.service.speech ----------------------------
No service published for: game
No Network Security Config specified, using platform default
No Network Security Config specified, using platform default
SpeechContentProvider onCreate
VM with version 2.1.0 has multidex support
Installing application
VM has multidex support, MultiDex support library is disabled.
Instantiate ZoneSpeechService
ZoneSpeechService connecting CoreServiceManager...
service: ZoneSpeechService syncServiceBinder
onCreate ZoneSpeechService
ZoneSpeechService onCreate
Constructor
connectService
HwBinder: Starting thread pool for getting: vendor.zone.vehicleconfig@1.0::IVehicleConfigProxy/default
onGetBinder, mConnectionState :STATE_INIT
service connected
onServiceConnected
onServiceConnected
registerVehicleConfigListener com.zone.service.speech.base.VehicleConfigAdapter$VehicleConfigureChangedListener@a576b18, keys: [VehCfg_SW_DeviceID, VehCfg_SW_VinCode]
registerVehicleConfigListener, mKeyAndListenerMap:{VehCfg_SW_DeviceID=[com.zone.service.speech.base.VehicleConfigAdapter$VehicleConfigureChangedListener@a576b18], VehCfg_SW_VinCode=[com.zone.service.speech.base.VehicleConfigAdapter$VehicleConfigureChangedListener@a576b18]}
registerVehicleConfigListener, keys:[VehCfg_SW_DeviceID, VehCfg_SW_VinCode]
VehicleConfigAdapter init... this = com.zone.service.speech.base.VehicleConfigAdapter@66a1971
VehicleAccountAdapter Constructor
getInstance
AccountManagerImpl
init
autoConnectService
registerServerListener
[BinderHelper] isSync = false
bindServiceCommon, service: Intent { cmp=com.zone.service.coreservicemanagerservice/.ServiceManagerService }, flags: 1, instanceName: null, user: UserHandle{10}
AudioRecordManager Constructor
AudioRecordManager audio buffer size = 8192 mBufferSize = 8192
Constructor
SpeechAudioService Constructor
connectToCoreService
Constructor
RecognitionService Constructor
SystemPropertyUtil getRoBuildServerEnv()
SystemPropertyUtil get property type is: ro.vendor.build.server.env, and value is: QA
VehicleConfigAdapter getVinCodeAsync
VehicleConfigAdapter send message success
VehicleConfigAdapter getDeviceIdAsync
getVehicleConfig key: VehCfg_SW_VinCode
VehicleConfigAdapter send message success
Constructor
convertToVehicleConfigValue: key[VehCfg_SW_VinCode], type[4], result[0], option[]
convertToVehicleConfigValue: valueString[]
VehicleConfigAdapter$LocalHandler.lambda$getVinCode$1$com-zone-service-speech-base-VehicleConfigAdapter$LocalHandler(): VehicleConfigAdapter getVinCode failed!
SystemPropertyUtil getVinCode()
SystemPropertyUtil get property type is: persist.vincode, and value is: 
getVehicleConfig key: VehCfg_SW_DeviceID
Permission - registerPermissionServiceListener_0
Permission - registerPermissionServiceListener_1
convertToVehicleConfigValue: key[VehCfg_SW_DeviceID], type[4], result[0], option[]
Permission - initcom.zone.service.speech.SpeechServiceApplication@d537356 api version : 1.0.5 api release :true|calling pid:32529,calling uid:1010082
convertToVehicleConfigValue: valueString[]
FsmBind - startMachine_0
FsmBind - startThread_0
FsmBind - startThread_1.0,mMsgThread:
FsmBind - startThread_1.1,mMsgThread:Thread[com.zone.api.permission.mechanism.FSMBIND_THREAD,5,main]
VehicleConfigAdapter$LocalHandler.lambda$getDevice$0$com-zone-service-speech-base-VehicleConfigAdapter$LocalHandler(): VehicleConfigAdapter getDeviceId value failed!
SemanticCloud getDeviceIdAsync onError
FsmBind - startThread_1.2:
FsmBind - startThread_2.0:
FsmBind - startThread_2.1,mMsgHandler:Handler (android.os.Handler) {195972e},mCallback:com.zone.api.permission.mechanism.FsmBind$Callback@c5592cf
FsmBind - triggerToStateInit_0 STATE0
FsmBind - startMachine_1
FsmBind - handleMessage,msg:{ when=0 what=0 target=android.os.Handler },ThreadName:com.zone.api.permission.mechanism.FSMBIND_THREAD
FsmBind - initStateFunction_1
FsmBind - initStateFunction_1.1:MSG_BIND
FsmBind - triggerToStateBinding_0 STATE1
FsmBind - handleMessage,msg:{ when=0 what=1 target=android.os.Handler },ThreadName:com.zone.api.permission.mechanism.FSMBIND_THREAD
FsmBind - bindingStateFunction_0:
bindServiceCommon, service: Intent { cmp=com.zone.service.systemserver/.permission.PermissionManagerService }, flags: 1, instanceName: null, user: UserHandle{10}
publishService name:ZoneSpeechService subName:
onBinderAvailable serviceName = ZoneSpeechService
SpeechDialogueBusinessManager Connected version = 
IBizDialogueImpl registerListener listenerId = {"domains":["media"],"package":"com.zone.service.mediacenter"}
getSpeechManager serviceName = speech.wk.service
getSpeechBaseManager serviceName = speech.wk.service
getCurrentPowerState
getSpeechManager serviceName = speech.recognition.service
getSpeechBaseManager serviceName = speech.recognition.service
init
requestBindToPrivateNetwork
getSpeechManager serviceName = speech.audio.service
getSpeechBaseManager serviceName = speech.audio.service
getReadyState readyType:Audio
[BaseManager][UserIntentManager init]
ISpeechApisImpl.handleSystemAndPowerEvents(): SpeechCore handleSystemAndPowerEvents state = 1 reason = Start audioReady = true
bindToWifiNetwork, network=105
SpeechUploadDataService registerListener listenerId = {"domains":["media"],"package":"com.zone.service.mediacenter"}
[ServiceConnectManager][registerBinderListener]Begin, size:2
[ServiceConnectManager][registerBinderListener]End, service has connected, size:3
[BaseManager][UserIntentManager onServiceConnected]connected
[UserIntentManager][onBinder]
bindToNetwork, network name = WIFI ret = true
ZoneSpeechService powerState = 3
onBind ZoneSpeechService
[BinderHelper] isSync = false
Permission - bindService bindResult ret = true
FsmBind - bindingStateFunction_1.1
StackLog: [android.net.ConnectivityManager.sendRequestForNetwork(ConnectivityManager.java:3925)] [android.net.ConnectivityManager.sendRequestForNetwork(ConnectivityManager.java:3967)] [android.net.ConnectivityManager.registerNetworkCallback(ConnectivityManager.java:4349)] [android.net.ConnectivityManager.registerNetworkCallback(ConnectivityManager.java:4319)] [com.zone.api.apnmanager.ApnManager.listenPrivateAvailable(ApnManager.java:275)] [com.zone.api.apnmanager.ApnManager.requestBindToPrivateNetwork(ApnManager.java:196)] [com.zone.service.speech.base.NetworkConnectivityAdapter.init(NetworkConnectivityAdapter.java:36)] [com.zone.service.speech.ISpeechApisImpl$InitRunnable.run(ISpeechApisImpl.java:239)] [java.lang.Thread.run(Thread.java:920)]
Service connected: ComponentInfo{com.zone.service.coreservicemanagerservice/com.zone.service.coreservicemanagerservice.ServiceManagerService}!
[onServiceConnected ] mServiceReceiver is null, maybe current connect is async 
 onservice connect !
bindService
onStart name:ZoneSpeechServicereason:Restart
getReadyState readyType:Audio
startResponse name: ZoneSpeechService reason:Restart
CoreManger onServiceConnected
ISpeechApisImpl.handleSystemAndPowerEvents(): SpeechCore handleSystemAndPowerEvents state = 1 reason = Restart audioReady = true
initModule
StackLog: [android.net.ConnectivityManager.sendRequestForNetwork(ConnectivityManager.java:3925)] [android.net.ConnectivityManager.sendRequestForNetwork(ConnectivityManager.java:3967)] [android.net.ConnectivityManager.registerNetworkCallback(ConnectivityManager.java:4349)] [android.net.ConnectivityManager.registerNetworkCallback(ConnectivityManager.java:4319)] [com.zone.api.apnmanager.ApnManager.listenWifiAvailable(ApnManager.java:284)] [com.zone.api.apnmanager.ApnManager.requestBindToPrivateNetwork(ApnManager.java:197)] [com.zone.service.speech.base.NetworkConnectivityAdapter.init(NetworkConnectivityAdapter.java:36)] [com.zone.service.speech.ISpeechApisImpl$InitRunnable.run(ISpeechApisImpl.java:239)] [java.lang.Thread.run(Thread.java:920)]
SpeechEngineAdapter init
SpeechEngineAdapter create success
ApnNetworkCallback.onAvailable
onUserCenterServiceReady
obtainUserDataProfile
onServiceDisconnected
ApnNetworkCallback.onAvailable, network name=APN2
Core service binder is null, waiting...
Connected to ComponentInfo{com.zone.service.tts/com.zone.service.tts.TtsCoreService}
WifiNetworkCallback.onAvailable
WifiNetworkCallback.onAvailable, network name=WIFI
Permission - onServiceConnected componentName:ComponentInfo{com.zone.service.systemserver/com.zone.service.systemserver.permission.PermissionManagerService}  binder:android.os.BinderProxy@8d1ae63
Permission - linkToDeath android.os.BinderProxy@8d1ae63
FsmBind - triggerToStateBindSuccess_0 STATE2
FsmBind - triggerToStateBindSuccess_1
VehicleConfigAdapter getDeviceIdAsync
FsmBind - handleMessage,msg:{ when=0 what=2 target=android.os.Handler },ThreadName:com.zone.api.permission.mechanism.FSMBIND_THREAD
FsmBind - bindSuccessStateFunction_0:
HwBinder: Starting thread pool for getting: com.zone.hardware.datacollection@1.0::IDataCollection/default
getVehicleConfig key: VehCfg_SW_DeviceID
FsmBind - pendingThread_0
FsmBind - pendingThread_1.1
[checkHwBinder] mServiceReceiver is null, maybe current connect is async 
FsmBind - pendingThread_1.2
service connected
VehicleConfigAdapter send message success
Permission - onServiceConnected_0
VehicleConfigAdapter getDeviceIdAsync
Permission - onServiceConnected_1
VehicleConfigAdapter send message success
Set up connection to ComponentInfo{com.zone.service.tts/com.zone.service.tts.TtsCoreService}
Permission - onServiceConnected_2
Permission - onServiceConnected_3
Compat change id reported: 160794467; UID 1010082; state: ENABLED
convertToVehicleConfigValue: key[VehCfg_SW_DeviceID], type[4], result[0], option[]
SpeechPermissionManager Permission onServiceConnected
convertToVehicleConfigValue: valueString[]
ManagerFactory - createManager type1
VehicleConfigAdapter$LocalHandler.lambda$getDevice$0$com-zone-service-speech-base-VehicleConfigAdapter$LocalHandler(): VehicleConfigAdapter getDeviceId value failed!
getVehicleConfig key: VehCfg_SW_DeviceID
BaseManager - BaseManager
Permission - getManager managercom.zone.api.permission.impl.PermissionClient@7fb9a60type1
bindServiceCommon, service: Intent { cmp=com.zone.service.systemserver/.time.TimeService }, flags: 1, instanceName: null, user: UserHandle{10}
Permission - getManager mServiceMapcom.zone.api.permission.impl.PermissionClient@7fb9a60
Permission - updateBinder 
BaseManager - BaseManager setServicecom.zone.api.permission.manager.ICarPermissionManagerExt$Stub$Proxy@226cdbf
Permission - updateBinder queryBinder
PermissionManager - registerDataChangeListenerInService
BaseManager - getServicecom.zone.api.permission.manager.ICarPermissionManagerExt$Stub$Proxy@226cdbf
convertToVehicleConfigValue: key[VehCfg_SW_DeviceID], type[4], result[0], option[]
convertToVehicleConfigValue: valueString[]
VehicleConfigAdapter$LocalHandler.lambda$getDevice$0$com-zone-service-speech-base-VehicleConfigAdapter$LocalHandler(): VehicleConfigAdapter getDeviceId value failed!
get device id failed, use the mac address to active.
BaseManager - getServicecom.zone.api.permission.manager.ICarPermissionManagerExt$Stub$Proxy@226cdbf
registerExtendListener
ZoneSpeechService Start foreground service done
callbackNetworkBound, networkType=2
NetworkConnectivityAdapter onNetworkBound networkType = 2
callbackNetworkAvailable, networkType=2, isAvailable=true
NetworkConnectivityAdapter onBoundNetworkAvailable networkType = 2 isAvailable = true
bindToWifiNetwork, network=105
bindToNetwork, network name = WIFI ret = true
callbackNetworkAvailable, networkType=2, isAvailable=true
NetworkConnectivityAdapter onBoundNetworkAvailable networkType = 2 isAvailable = true
mEstablished:true;result:0
SpeechAudioService tts init status = 0
DeviceIdentifier$1.onError(): DeviceIdentifier Invalid device, use androidId to active = f489b89a87005956
onServiceConnected
onServiceConnected - TimeSource: 3
SpeechEngineAdapter Time calibration notice！
SpeechPermissionManager Debug permission status = 2
SpeechPermissionManager permission granted
callbackNetworkBound, networkType=2
NetworkConnectivityAdapter onNetworkBound networkType = 2
callbackNetworkAvailable, networkType=2, isAvailable=true
NetworkConnectivityAdapter onBoundNetworkAvailable networkType = 2 isAvailable = true
FsmBind - bindSuccessStateFunction_1
IflytekAuthorizationImpl deviceID = f489b89a87005956
IflytekAuthorizationImpl authData = {"path":"/data/vendor_de/zone_speech/lesl.v2c","key":["sn_info"],"sn_info":"f489b89a87005956"}
SpeechEngineAdapter active code  = {"path":"/data/vendor_de/zone_speech/lesl.v2c","key":["sn_info"],"sn_info":"f489b89a87005956"}
Warning: "/data/app/~~3-itGo36OlONiXoDQUuyBA==/com.zone.service.speech-t_1GZtlaVu-DiaXv7S0Vnw==/base.apk!/lib/arm64-v8a/libw_ivpr.so" unused DT entry: DT_RPATH (type 0xf arg 0x9ef) (ignoring)
JNI_OnLoad
gJNICachePath: /data/user_de/10/com.zone.service.speech/cache
SpeechEngineAdapter setMachine code success!!
getVehicleConfig key: VehCfg_Audio_SpeakerType
convertToVehicleConfigValue: key[VehCfg_Audio_SpeakerType], type[2], result[0], option[]
convertToVehicleConfigValue: valueInt[8]
isHignVehicle --> value:8
create --> load mode:nn_pt4.saic_audi_pp01.low_cfg
[2025-09-18 20:43:43 195][9836074][INF][P0x7f11][T0x7f28][libissms_jni.cpp][Java_com_iflytek_speech_libissms_setMachineCode][443] setMachineCode
[2025-09-18 20:43:43 195][9836074][INF][P0x7f11][T0x7f28][issms.cpp][ISSMSSetMachineCode][87] ISSMSSetMachineCode | szMachineCode = {"path":"/data/vendor_de/zone_speech/lesl.v2c","key":["sn_info"],"sn_info":"f489b89a87005956"}
[2025-09-18 20:43:43 195][9836075][INF][P0x7f11][T0x7f28][libissms_jni.cpp][Java_com_iflytek_speech_libissms_setMachineCode][456] setMachineCode leave
[2025-09-18 20:43:43 196][9836076][INF][P0x7f11][T0x7f28][libissms_jni.cpp][Java_com_iflytek_speech_libissms_create][349] create
[2025-09-18 20:43:43 196][9836076][INF][P0x7f11][T0x7f28][issms.cpp][ISSMSCreate][34] ISSMSCreate | phISSMSObj = 0x6fc4bef940, szResourceDir = {
"SEResPath":"/mnt/vendor/vr/res/SERes",
"MVWResPath":"/mnt/vendor/vr/res/MVWRes/FirstRes",
"MSResPath":"/mnt/vendor/vr/res/MSRes",
"SRResPath":"/mnt/vendor/vr/res/SRRes"
}, szSEDenoiseModeName = nn_pt4.saic_audi_pp01.low_cfg, eSRAcousLang = 0, eMVWAcousLang = 0, pfnMSOnMsgProc = 0x6fc4b02f68, pUsrArg = 0x18b6, nSRInstCount = 1
[2025-09-18 20:43:43 197][9836077][INF][P0x7f11][T0x7f28][MSConfigParser.cpp][parse][21] m_strAppid = 576d9f07
[2025-09-18 20:43:43 197][9836077][INF][P0x7f11][T0x7f28][MSConfigParser.cpp][parse][26] m_strActivePath = /data/user_de/10/com.zone.service.speech/vr/iflytek/Active/MSRes
[2025-09-18 20:43:43 197][9836077][INF][P0x7f11][T0x7f28][MSConfigParser.cpp][parse][31] m_bNeedInitSE = 1
[2025-09-18 20:43:43 197][9836077][INF][P0x7f11][T0x7f28][MSConfigParser.cpp][parse][36] m_bNeedInitVad = 0
[2025-09-18 20:43:43 197][9836077][INF][P0x7f11][T0x7f28][MSConfigParser.cpp][parse][41] m_bNeedInitMVW = 1
[2025-09-18 20:43:43 197][9836077][INF][P0x7f11][T0x7f28][MSConfigParser.cpp][parse][46] m_bNeedBypass = 0
[2025-09-18 20:43:43 197][9836077][INF][P0x7f11][T0x7f28][MSConfigParser.cpp][parse][51] m_nBypassMicNum = 2
[2025-09-18 20:43:43 197][9836077][INF][P0x7f11][T0x7f28][MSConfigParser.cpp][parse][56] m_nMVWInstCount = 1
[2025-09-18 20:43:43 197][9836077][INF][P0x7f11][T0x7f28][MSConfigParser.cpp][parse][61] m_bNeedInitVPR = 0
[2025-09-18 20:43:43 197][9836077][INF][P0x7f11][T0x7f28][MSConfigParser.cpp][parse][66] m_bNeedVPRAfterWakeup = 0
[2025-09-18 20:43:43 197][9836077][INF][P0x7f11][T0x7f28][MSConfigParser.cpp][parseDialogueModeConfig][130] m_nGetCloudSemanticsResultSize = 102400
[2025-09-18 20:43:43 197][9836077][INF][P0x7f11][T0x7f28][MSConfigParser.cpp][parseDialogueModeConfig][135] m_bNeedFulltimeWakeup = 1
[2025-09-18 20:43:43 197][9836077][INF][P0x7f11][T0x7f28][MSConfigParser.cpp][parseDialogueModeConfig][140] m_bNeedFulltimeStartOneShotSr = 0
[2025-09-18 20:43:43 197][9836077][INF][P0x7f11][T0x7f28][MSConfigParser.cpp][parseDialogueModeConfig][145] m_bNeedMultimodelWakeup = 0
[2025-09-18 20:43:43 197][9836077][INF][P0x7f11][T0x7f28][MSConfigParser.cpp][parseDialogueModeConfig][150] m_bNeedSemanticTighten = 1
[2025-09-18 20:43:43 197][9836077][INF][P0x7f11][T0x7f28][MSConfigParser.cpp][parseDialogueModeConfig][155] m_bNeedStatusManager = 1
[2025-09-18 20:43:43 197][9836077][INF][P0x7f11][T0x7f28][MSConfigParser.cpp][parseDialogueModeConfig][160] m_bNeedJudgeCustomGram = 0
[2025-09-18 20:43:43 197][9836077][INF][P0x7f11][T0x7f28][MSConfigParser.cpp][parseDialogueModeConfig][165] m_nSrPatternManagerType = 0
[2025-09-18 20:43:43 197][9836077][INF][P0x7f11][T0x7f28][MSConfigParser.cpp][parseDialogueModeConfig][174] m_nIdentifyingSrMode = 0
[2025-09-18 20:43:43 197][9836077][INF][P0x7f11][T0x7f28][MSConfigParser.cpp][parseDialogueModeConfig][179] m_nTwiceWeakSemanticsTime = 5000
[2025-09-18 20:43:43 197][9836077][INF][P0x7f11][T0x7f28][MSConfigParser.cpp][parseDialogueModeConfig][188] MSConfigParser::parse m_vecTwiceWeakPassedService: 0:mapU 1:musicX 2:carControl 3:telephone 4:radio 5:airControl 6:app 7:cmdControl 8:query 9:cmd 10:train 11:flight 12:weather 13:vehicleInfo 14:internetRadio 15:stock 
[2025-09-18 20:43:43 197][9836077][INF][P0x7f11][T0x7f28][MSConfigParser.cpp][parseDialogueModeConfig][194] m_bNeedBrandwordsWakeup = 1
[2025-09-18 20:43:43 197][9836077][INF][P0x7f11][T0x7f28][MSConfigParser.cpp][parseDialogueModeConfig][199] m_nContextIntervalTime = 5000
[2025-09-18 20:43:43 197][9836077][INF][P0x7f11][T0x7f28][MSConfigParser.cpp][parseDialogueModeConfig][204] m_strBrandwords = 奥迪
[2025-09-18 20:43:43 197][9836077][INF][P0x7f11][T0x7f28][MSConfigParser.cpp][parseDialogueModeConfig][213] MSConfigParser::parse m_vecBrandwordsPassedService: 0:mapU 1:musicX 2:carControl 3:telephone 4:radio 5:airControl 6:app 7:cmdControl 8:cmd 9:train 10:query 11:flight 12:weather 13:vehicleInfo 14:internetRadio 15:stock 
[2025-09-18 20:43:43 197][9836077][INF][P0x7f11][T0x7f28][MSConfigParser.cpp][parseDialogueModeConfig][222] MSConfigParser::parse m_vecPassedService: 0:mapU 1:musicX 2:carControl 3:telephone 4:radio 5:airControl 6:app 7:cmdControl 8:cmd 9:train 10:query 11:flight 12:weather 13:vehicleInfo 14:internetRadio 15:stock 
[2025-09-18 20:43:43 197][9836077][INF][P0x7f11][T0x7f28][MSConfigParser.cpp][parseDialogueModeConfig][231] MSConfigParser::parse m_vecExecuteService: 0: 
[2025-09-18 20:43:43 197][9836077][INF][P0x7f11][T0x7f28][MSConfigParser.cpp][parseLogEncryptConfig][293] m_bLogEncrypt is: false
[2025-09-18 20:43:43 197][9836077][INF][P0x7f11][T0x7f28][MSConfigParser.cpp][parseNluResManage][307] nluResManage.enable=0.
[2025-09-18 20:43:43 197][9836077][INF][P0x7f11][T0x7f28][MSConfigParser.cpp][parseNluResManage][314] nluResManage.delayTime=5000.
[2025-09-18 20:43:43 199][9836078][INF][P0x7f11][T0x7f28][CMSIFlyLog.cpp][MsIFlyLogOpen][105] ISSMS 1031_2709
[2025-09-18 20:43:43 199][9836078][INF][P0x7f11][T0x7f28][CMSIFlyLog.cpp][MsIFlyLogOpen][106] ISSMS  PRJVERSION va_version: 2b352b97c, commit: 2025-08-04 18:14:26, build: 2025-08-07 14:07:38
[2025-09-18 20:43:43 199][9836078][INF][P0x7f11][T0x7f28][CMSIFlyLog.cpp][MsIFlyLogOpen][108] ISSMS SoftEncSet
[2025-09-18 20:43:43 199][9836079][INF][P0x7f11][T0x7f28][idas_inl.cpp][Init][82] workpath: /data/user_de/10/com.zone.service.speech/vr/iflytek/Active/MSRes/../Idas/ access success.
[2025-09-18 20:43:43 200][9836080][CRT][P0x7f11][T0x7f28][idas_inl.cpp][Init][113] IDAS.1.0.1006_1900
[2025-09-18 20:43:43 200][9836080][CRT][P0x7f11][T0x7f28][idas_inl.cpp][Init][114] git hash: c2bcc08, commit: 2025-05-15 15:48:45, build: 2025-05-15 15:53:14
[2025-09-18 20:43:43 200][9836080][INF][P0x7f11][T0x7f28][idas_inl.cpp][Init][115] params is [{"appid":"576d9f07","cfg_name":"/mnt/vendor/vr/res/MSRes/..//ISSLog//iss_log.cfg","device_id":"f489b89a87005956","platform":"android","work_path":"/data/user_de/10/com.zone.service.speech/vr/iflytek/Active/MSRes/../Idas/"}
].
[2025-09-18 20:43:43 211][9836091][INF][P0x7f11][T0x7f28][idas_inl.cpp][config][196] config enter.
[2025-09-18 20:43:43 212][9836092][INF][P0x7f11][T0x7f28][idas_inl.cpp][config][199] config queryed.
[2025-09-18 20:43:43 213][9836093][INF][P0x7f11][T0x7f28][idas_inl.cpp][config][228] init params | appid is 576d9f07, device_id is f489b89a87005956, platform is android.
[2025-09-18 20:43:43 215][9836094][INF][P0x7f11][T0x7f28][idas_dumping.cpp][Init][68] IDASDumpingInl::Init() mInited: 0, mDumpConfig.Enable() 1.
[2025-09-18 20:43:43 215][9836095][INF][P0x7f11][T0x7f28][idas_dumping.cpp][Init][80] dumping enable, path is /data/user_de/10/com.zone.service.speech/vr/iflytek/Active/MSRes/../Idas/dumping.
[2025-09-18 20:43:43 232][9836112][ERR][P0x7f11][T0x7f42][idas_dumping.cpp][CatchMcuException][444] CatchMcuException Open 0.
[2025-09-18 20:43:43 232][9836112][INF][P0x7f11][T0x7f40][idas_dumping.cpp][Uploading][730] IDASDumpingInl::Uploading mInited: 1
[2025-09-18 20:43:43 233][9836113][INF][P0x7f11][T0x7f28][issmsImpl.cpp][Create][291] SR LanguageType = 0
[2025-09-18 20:43:43 234][9836113][INF][P0x7f11][T0x7f28][issmsImpl.cpp][Create][292] MVW LanguageType = 0
[2025-09-18 20:43:43 234][9836114][INF][P0x7f11][T0x7f28][MsDialogueManager.cpp][SetIsStatusShareMode][400] SetIsStatusShareMode is 1
[2025-09-18 20:43:43 235][9836114][INF][P0x7f11][T0x7f49][MsDialogueManager.cpp][DialogueWorking][132] DialogueWorking(): ThreadId=0xa0e33cb0, Priority=0
[2025-09-18 20:43:43 236][9836115][INF][P0x7f11][T0x7f4a][CSharedSrMgr.cpp][thread_SRInitThread][69] SRInitThread(): ThreadId=0x9fd35cb0, Priority=-19
[2025-09-18 20:43:43 234][9836114][INF][P0x7f11][T0x7f28][libissse.cpp][ISSSECreate][52] ISSSECreate | pHandle = 0xb4000071d15f8828, szResPath = /mnt/vendor/vr/res/SERes, szSEDenoiseModeName = nn_pt4.saic_audi_pp01.low_cfg
[2025-09-18 20:43:43 235][9836114][INF][P0x7f11][T0x7f28][CIssSe.cpp][CIssSe][82] strLogPath Dir : /mnt/vendor/vr/res/SERes/../ISSLog/iss_log.cfg !
[2025-09-18 20:43:43 235][9836114][INF][P0x7f11][T0x7f28][CSEIFlyLog.cpp][ParseDynamicLogDir][76] strLogCfgFile Dir : /mnt/vendor/vr/res/SERes/../ISSLog/iss_log.cfg !
[2025-09-18 20:43:43 236][9836116][INF][P0x7f11][T0x7f28][CIssSe.cpp][InitLog][1354] SE Log Output Car Dir : /mnt/vendor/vr/res/SERes/../ISSLog/iss_log.cfg !
[2025-09-18 20:43:43 237][9836116][INF][P0x7f11][T0x7f28][CSEIFlyLog.cpp][SEIFlyLogOpen][128] ISSSE 1031_2709
[2025-09-18 20:43:43 237][9836116][INF][P0x7f11][T0x7f28][CSEIFlyLog.cpp][SEIFlyLogOpen][129] ISSSE  PRJVERSION va_version: 2b352b97c, commit: 2025-08-04 18:14:26, build: 2025-08-07 14:07:38
[2025-09-18 20:43:43 237][9836116][INF][P0x7f11][T0x7f28][CSEIFlyLog.cpp][SEIFlyLogOpen][131] ISSSE SoftEnc
[2025-09-18 20:43:43 237][9836117][WAN][P0x7f11][T0x7f28][SeConfigParser.cpp][parseInput][120] Fail to parse BitWidth!
[2025-09-18 20:43:43 237][9836117][INF][P0x7f11][T0x7f28][SeConfigParser.cpp][parseInput][126] BitWidth is: 16.
[2025-09-18 20:43:43 237][9836117][INF][P0x7f11][T0x7f28][SeConfigParser.cpp][parseInput][127] BytePerSample is: 2.
[2025-09-18 20:43:43 237][9836117][INF][P0x7f11][T0x7f28][SeConfigParser.cpp][parseInput][135] SampleRate is: 16000.
[2025-09-18 20:43:43 237][9836117][INF][P0x7f11][T0x7f28][SeConfigParser.cpp][parseOutput][151] OutputAsrAll is: 1.
[2025-09-18 20:43:43 237][9836117][INF][P0x7f11][T0x7f28][SeConfigParser.cpp][parseOutput][156] m_bTDEnabled is: 0.
[2025-09-18 20:43:43 237][9836117][INF][P0x7f11][T0x7f28][SeConfigParser.cpp][parseOutput][161] m_bConvert2Interleaving is: 0.
[2025-09-18 20:43:43 237][9836117][INF][P0x7f11][T0x7f28][SeConfigParser.cpp][parseAuth][273] m_szAppid is : 576d9f07
[2025-09-18 20:43:43 237][9836117][INF][P0x7f11][T0x7f28][SeConfigParser.cpp][parseAuth][285] m_strAuthURL is : autodev.openspeech.cn
[2025-09-18 20:43:43 237][9836117][INF][P0x7f11][T0x7f28][SeConfigParser.cpp][parseAuth][309] m_iNoLicenseUseNum is : 60000
[2025-09-18 20:43:43 237][9836117][INF][P0x7f11][T0x7f28][SeConfigParser.cpp][parseDebug][337] EnableMoreDebugLog is: 0.
[2025-09-18 20:43:43 237][9836117][INF][P0x7f11][T0x7f28][SeConfigParser.cpp][parseDebug][343] IsLogPcm is: 1.
[2025-09-18 20:43:43 237][9836117][INF][P0x7f11][T0x7f28][SeConfigParser.cpp][parseDebug][350] PcmLogLength is: 0.
[2025-09-18 20:43:43 237][9836117][INF][P0x7f11][T0x7f28][SeConfigParser.cpp][parseDebug][357] PcmLogMaxCount is: 0.
[2025-09-18 20:43:43 237][9836117][INF][P0x7f11][T0x7f28][SeConfigParser.cpp][parseDebug][363] LogInputPcmChannel is: 0.
[2025-09-18 20:43:43 237][9836117][INF][P0x7f11][T0x7f28][SeConfigParser.cpp][parseDebug][368] EngineDebug is: .
[2025-09-18 20:43:43 237][9836117][INF][P0x7f11][T0x7f28][SeConfigParser.cpp][parseEngine][181] optimizeType is: 1.
[2025-09-18 20:43:43 237][9836117][INF][P0x7f11][T0x7f28][SeConfigParser.cpp][parseChannelsTransformRules][241] enable is: 0.
[2025-09-18 20:43:43 237][9836117][INF][P0x7f11][T0x7f28][SeConfigParser.cpp][parse][98] enableRegionManage is: 0.
[2025-09-18 20:43:43 237][9836117][INF][P0x7f11][T0x7f28][SeConfigParser.cpp][parse][105] enableRTF is: 0.
[2025-09-18 20:43:43 237][9836117][WAN][P0x7f11][T0x7f28][CIssSe.cpp][InitIdas][1218] strCfgFile: /mnt/vendor/vr/res/SERes/../ISSLog
[2025-09-18 20:43:43 237][9836117][WAN][P0x7f11][T0x7f28][CIssSe.cpp][CIssSe][152] not find config </mnt/vendor/vr/res/SERes/config/nn_pt4.saic_audi_pp01.low_cfg.ini.enc>
[2025-09-18 20:43:43 237][9836117][INF][P0x7f11][T0x7f28][CIssSe.cpp][CIssSe][169] use cfg file /mnt/vendor/vr/res/SERes/config/nn_pt4.saic_audi_pp01.low_cfg.ini
[2025-09-18 20:43:43 237][9836117][INF][P0x7f11][T0x7f28][SeInterface.cpp][initLibrary][94] SEInterface::initLibrary LoadLibrary libivSEEngine.so
Warning: "/data/app/~~3-itGo36OlONiXoDQUuyBA==/com.zone.service.speech-t_1GZtlaVu-DiaXv7S0Vnw==/base.apk!/lib/arm64-v8a/libivSEEngine.so" unused DT entry: DT_RPATH (type 0xf arg 0x531) (ignoring)
[2025-09-18 20:43:43 239][9836119][INF][P0x7f11][T0x7f28][SeInterface.cpp][initLibrary][119] LoadLibrary libivSEEngine.so success
[2025-09-18 20:43:43 240][9836119][INF][P0x7f11][T0x7f28][CIssSe.cpp][CIssSe][193] CIssSe check res_version of CTTSConfigParser::m_strActivePath
[2025-09-18 20:43:43 240][9836119][INF][P0x7f11][T0x7f28][CIssSe.cpp][CIssSe][196] CIssSe check res_version of strDefaultActivePath
[2025-09-18 20:43:43 240][9836119][INF][P0x7f11][T0x7f28][CIssSe.cpp][CIssSe][210] SE_ISS SE 1031_2709
[2025-09-18 20:43:43 240][9836120][INF][P0x7f11][T0x7f28][CIssSe.cpp][CIssSe][211] SE_ISS SE  PRJVERSION va_version: 2b352b97c, commit: 2025-08-04 18:14:26, build: 2025-08-07 14:07:38
[2025-09-18 20:43:43 240][9836120][INF][P0x7f11][T0x7f28][CIssSe.cpp][CIssSe][212] ENCTYPE: SoftEnc
LESL.1.0.1015_0700 SET git hash: 6ab0d7c, commit: 2025-02-20 17:26:52, build: 2025-02-24 01:55:09
[2025-09-18 20:43:43 236][9836116][INF][P0x7f11][T0x7f4a][libisssr2.cpp][ISSSR2Init][34] ISSSR2Init | szResPath: /mnt/vendor/vr/res/SRRes, eAcousLang: 0
[2025-09-18 20:43:43 236][9836116][INF][P0x7f11][T0x7f4a][SrConfigParser.cpp][parseProjectConfig][304] Appid is set to 576d9f07.
[2025-09-18 20:43:43 236][9836116][INF][P0x7f11][T0x7f4a][SrConfigParser.cpp][parseProjectConfig][308] NliUserId is set to car_saic_audi.
[2025-09-18 20:43:43 236][9836116][INF][P0x7f11][T0x7f4a][SrConfigParser.cpp][parseProjectConfig][312] TestModeEnabled is set to 0.
[2025-09-18 20:43:43 236][9836116][INF][P0x7f11][T0x7f4a][SrConfigParser.cpp][parseProjectConfig][316] ApiKey is set to c6661d29e4def897721f7a3fa6b8ccb2.
[2025-09-18 20:43:43 236][9836116][INF][P0x7f11][T0x7f4a][SrConfigParser.cpp][parseProjectConfig][319] ApiSecret is set to NWZmZjk4NTI0ODYwNmE5NTYzY2U4ZGQz.
[2025-09-18 20:43:43 237][9836116][INF][P0x7f11][T0x7f4a][SrConfigParser.cpp][parseProjectConfig][328] m_iNoLicenseUseNum is : 10
[2025-09-18 20:43:43 237][9836116][INF][P0x7f11][T0x7f4a][SrConfigParser.cpp][parseAuthConfig][413] m_strLESLUrl set to default: autodev.openspeech.cn
[2025-09-18 20:43:43 237][9836116][INF][P0x7f11][T0x7f4a][SrConfigParser.cpp][parseAuthConfig][422] m_nLESLAuthScheme set to 0
[2025-09-18 20:43:43 237][9836116][INF][P0x7f11][T0x7f4a][SrConfigParser.cpp][parseResOTAConfig][1043] m_bEnableResOTA is: false
[2025-09-18 20:43:43 237][9836116][INF][P0x7f11][T0x7f4a][SrConfigParser.cpp][parseResOTAConfig][1046] m_strResPathForOTA is: 
[2025-09-18 20:43:43 237][9836116][INF][P0x7f11][T0x7f4a][SrConfigParser.cpp][parseResOTAConfig][1049] m_strAppidForOTA is: 
[2025-09-18 20:43:43 237][9836116][INF][P0x7f11][T0x7f4a][SrConfigParser.cpp][parseResOTAConfig][1052] m_strDeviceIdForOTA is: 
[2025-09-18 20:43:43 237][9836116][INF][P0x7f11][T0x7f4a][SrConfigParser.cpp][parseResOTAConfig][1055] m_strUrlForOTA is: autotest.openspeech.cn/auto-ota-web-v2
[2025-09-18 20:43:43 237][9836116][INF][P0x7f11][T0x7f4a][SrConfigParser.cpp][parseResOTAConfig][1058] m_strDomainForDeviceRegister is: autopre.openspeech.cn
[2025-09-18 20:43:43 237][9836116][INF][P0x7f11][T0x7f4a][SrConfigParser.cpp][parseLogEncryptConfig][1142] m_bLogEncrypt is: false
[2025-09-18 20:43:43 237][9836116][INF][P0x7f11][T0x7f4a][SrConfigParser.cpp][parseUploadStatus][1152] m_bAsyncUploadStatus is: false
[2025-09-18 20:43:43 238][9836118][INF][P0x7f11][T0x7f4a][SrConfigParser.cpp][parseAuthConfig][403] SR SwEncCountExpiredReminder set to 40
[2025-09-18 20:43:43 238][9836118][INF][P0x7f11][T0x7f4a][SrConfigParser.cpp][parseAuthConfig][406] SR SwEncTimeExpiredReminder set to 72000
[2025-09-18 20:43:43 238][9836118][INF][P0x7f11][T0x7f4a][SrConfigParser.cpp][parseAuthConfig][410] m_strLESLUrl set to autodev.openspeech.cn
[2025-09-18 20:43:43 238][9836118][INF][P0x7f11][T0x7f4a][SrConfigParser.cpp][parseAuthConfig][426] m_nLESLAuthScheme set to default: 0
[2025-09-18 20:43:43 238][9836118][INF][P0x7f11][T0x7f4a][SrConfigParser.cpp][parseThreadConfig][442] AbandonLocalSrResultConsideringConfidenceScore if ConfidenceScore is lower than -600.
[2025-09-18 20:43:43 238][9836118][INF][P0x7f11][T0x7f4a][SrConfigParser.cpp][parseRuntimeConfig][361] m_ulMaxRingBufferSizeVad is 983040
[2025-09-18 20:43:43 238][9836118][INF][P0x7f11][T0x7f4a][SrConfigParser.cpp][parseRuntimeConfig][370] m_ulMaxRingBufferSizeSR is 983040
[2025-09-18 20:43:43 238][9836118][INF][P0x7f11][T0x7f4a][SrConfigParser.cpp][parseRuntimeConfig][379] m_ulMaxRingBufferSizeCIAT is 983040
[2025-09-18 20:43:43 238][9836118][INF][P0x7f11][T0x7f4a][SrConfigParser.cpp][parseRuntimeConfig][383] m_bEnableConfigCenterDownload is: false
[2025-09-18 20:43:43 238][9836118][INF][P0x7f11][T0x7f4a][SrConfigParser.cpp][parseRuntimeConfig][387] m_bEnableVpr is: false
[2025-09-18 20:43:43 238][9836118][INF][P0x7f11][T0x7f4a][SrConfigParser.cpp][parseRuntimeConfig][391] m_nVprInstMode is: 3
[2025-09-18 20:43:43 238][9836118][INF][P0x7f11][T0x7f4a][SrConfigParser.cpp][parseVadModle][464] EnableLocalSad On.
[2025-09-18 20:43:43 238][9836118][INF][P0x7f11][T0x7f4a][SrConfigParser.cpp][parseVadModle][468] SwitchVad On.
[2025-09-18 20:43:43 238][9836118][INF][P0x7f11][T0x7f4a][ConfigVad.cpp][parseAvvadSet][121] m_bEnableAvvad is: false
[2025-09-18 20:43:43 238][9836118][INF][P0x7f11][T0x7f4a][ConfigVad.cpp][parseAvvadSet][126] m_bEnableTimeoutHandle is: false
[2025-09-18 20:43:43 238][9836118][INF][P0x7f11][T0x7f4a][SrConfigParser.cpp][parseSRConfig][477] Enable Local SR.
[2025-09-18 20:43:43 238][9836118][INF][P0x7f11][T0x7f4a][SrConfigParser.cpp][parseSRConfig][481] Enable Cloud SR.
[2025-09-18 20:43:43 238][9836118][INF][P0x7f11][T0x7f4a][SrConfigParser.cpp][parseSRConfig][485] DisableUploadDictToCloud is false.
[2025-09-18 20:43:43 238][9836118][INF][P0x7f11][T0x7f4a][SrConfigParser.cpp][parseSRConfig][489] CouldStartLocalRecogniseWhenBuildLocalGrm is true.
[2025-09-18 20:43:43 238][9836118][INF][P0x7f11][T0x7f4a][SrConfigParser.cpp][parseSRConfig][493] m_nCountOfDictMax setted to 5000
[2025-09-18 20:43:43 238][9836118][INF][P0x7f11][T0x7f4a][SrConfigParser.cpp][parseSRConfig][500] GetKeyValue "UploadDict" success.
[2025-09-18 20:43:43 238][9836118][INF][P0x7f11][T0x7f4a][SrConfigParser.cpp][parseSRConfig][504] m_nModeSelectPoi is 0.
[2025-09-18 20:43:43 238][9836118][INF][P0x7f11][T0x7f4a][SrConfigParser.cpp][parseSRConfig][508] m_iUploadDictMode is 1.
[2025-09-18 20:43:43 238][9836118][INF][P0x7f11][T0x7f4a][SrConfigParser.cpp][parseSRConfig][513] m_bEnableContinuousModel is: true
[2025-09-18 20:43:43 238][9836118][INF][P0x7f11][T0x7f4a][SrConfigParser.cpp][parseSRConfig][517] m_nSrEngineType set to 0
[2025-09-18 20:43:43 238][9836118][INF][P0x7f11][T0x7f4a][SrConfigParser.cpp][parseSRConfig][520] m_nEsrLoadVersion set to 1
[2025-09-18 20:43:43 238][9836118][INF][P0x7f11][T0x7f4a][SrConfigParser.cpp][parseSRConfig][524] NLILoadResMode set to 0
[2025-09-18 20:43:43 238][9836118][INF][P0x7f11][T0x7f4a][SrConfigParser.cpp][parseSRConfig][528] ClearResultMode set to 0
[2025-09-18 20:43:43 238][9836118][INF][P0x7f11][T0x7f4a][SrConfigParser.cpp][parseSRConfig][532] m_bEnableFsaMemLoad is: true
[2025-09-18 20:43:43 239][9836119][INF][P0x7f11][T0x7f4a][SrConfigParser.cpp][parseHybridVRStrategy][719] Focus Name: weather
[2025-09-18 20:43:43 239][9836119][INF][P0x7f11][T0x7f4a][SrConfigParser.cpp][parseHybridVRStrategy][719] Focus Name: stock
[2025-09-18 20:43:43 239][9836119][INF][P0x7f11][T0x7f4a][SrConfigParser.cpp][parseHybridVRStrategy][719] Focus Name: news
[2025-09-18 20:43:43 239][9836119][INF][P0x7f11][T0x7f4a][SrConfigParser.cpp][parseHybridVRStrategy][719] Focus Name: flight
[2025-09-18 20:43:43 239][9836119][INF][P0x7f11][T0x7f4a][SrConfigParser.cpp][parseHybridVRStrategy][719] Focus Name: train
[2025-09-18 20:43:43 239][9836119][INF][P0x7f11][T0x7f4a][SrConfigParser.cpp][parseHybridVRStrategy][719] Focus Name: restaurant
[2025-09-18 20:43:43 239][9836119][INF][P0x7f11][T0x7f4a][SrConfigParser.cpp][parseHybridVRStrategy][719] Focus Name: hotel
[2025-09-18 20:43:43 239][9836119][INF][P0x7f11][T0x7f4a][SrConfigParser.cpp][parsePGSConfig][804] m_bEnablePgs is: true
[2025-09-18 20:43:43 239][9836119][INF][P0x7f11][T0x7f4a][SrConfigParser.cpp][parsePGSConfig][808] m_bEnableLocalPgsEnglishFilter is: false
[2025-09-18 20:43:43 239][9836119][INF][P0x7f11][T0x7f4a][SrConfigParser.cpp][parsePGSConfig][812] m_iHybridPgs is: 3
[2025-09-18 20:43:43 239][9836119][INF][P0x7f11][T0x7f4a][SrConfigParser.cpp][parsePGSConfig][816] m_bPgsUniformSpeed is: 1
[2025-09-18 20:43:43 239][9836119][INF][P0x7f11][T0x7f4a][SrConfigParser.cpp][parsePGSConfig][820] m_iPgsMaxSpeed is: 150
[2025-09-18 20:43:43 239][9836119][INF][P0x7f11][T0x7f4a][SrConfigParser.cpp][parsePGSConfig][824] m_iPgsMinSpeedTime is: 75
[2025-09-18 20:43:43 239][9836119][INF][P0x7f11][T0x7f4a][SrConfigParser.cpp][parsePGSConfig][828] m_iHybridPgsTimeOut is: 800
[2025-09-18 20:43:43 239][9836119][INF][P0x7f11][T0x7f4a][SrConfigParser.cpp][parsePGSConfig][832] m_bEnablePgsResultPostProcess is: false
[2025-09-18 20:43:43 239][9836119][INF][P0x7f11][T0x7f4a][SrConfigParser.cpp][parseNLUConfig][870] m_bEnableLocalNLU is: true
[2025-09-18 20:43:43 239][9836119][INF][P0x7f11][T0x7f4a][SrConfigParser.cpp][parseNLUConfig][874] m_bEnableSpWord is: true
[2025-09-18 20:43:43 239][9836119][INF][P0x7f11][T0x7f4a][SrConfigParser.cpp][parseSWFilterConfig][884] m_bEnableSWFilter is: false
[2025-09-18 20:43:43 239][9836119][INF][P0x7f11][T0x7f4a][SrConfigParser.cpp][parseSWFilterConfig][888] m_bEnableSWFilterSync is: false
[2025-09-18 20:43:43 239][9836119][INF][P0x7f11][T0x7f4a][SrConfigParser.cpp][parseSWFilterConfig][892] m_strSWFilterFormat is: *
[2025-09-18 20:43:43 239][9836119][INF][P0x7f11][T0x7f4a][SrConfigParser.cpp][parseCataConfig][899] m_bEnableSrCata is: true
[2025-09-18 20:43:43 239][9836119][INF][P0x7f11][T0x7f4a][SrConfigParser.cpp][parseCataConfig][903] m_strCataResPath is: /../CataRes
[2025-09-18 20:43:43 239][9836119][INF][P0x7f11][T0x7f4a][SrConfigParser.cpp][parseAIKitConfig][1005] m_strScene set to main
[2025-09-18 20:43:43 239][9836119][INF][P0x7f11][T0x7f4a][SrConfigParser.cpp][parseAIKitConfig][1014] m_bAIUIWriteAudioCodec set to true
[2025-09-18 20:43:43 239][9836119][INF][P0x7f11][T0x7f4a][SrConfigParser.cpp][parseAIKitConfig][1017] m_nAikitThreadNum set to 12
[2025-09-18 20:43:43 239][9836119][INF][P0x7f11][T0x7f4a][SrConfigParser.cpp][parseAIKitConfig][1020] m_nAikitSessionSize set to 20
[2025-09-18 20:43:43 240][9836119][INF][P0x7f11][T0x7f4a][SrConfigParser.cpp][parseMultiDictConfig][1031] m_bEnableMultiDict is: false
[2025-09-18 20:43:43 240][9836119][INF][P0x7f11][T0x7f4a][SrConfigParser.cpp][parseMultiDictConfig][1034] m_iMultiDictNum is: 4
[2025-09-18 20:43:43 240][9836119][INF][P0x7f11][T0x7f4a][SrConfigParser.cpp][parseLocalSparkConfig][1082] m_bEnableLocalSpark is: false
[2025-09-18 20:43:43 240][9836119][INF][P0x7f11][T0x7f4a][SrConfigParser.cpp][parseCloudSparkConfig][1094] m_nMaxNum is: 2
[2025-09-18 20:43:43 240][9836119][INF][P0x7f11][T0x7f4a][SrConfigParser.cpp][parseCloudSparkConfig][1097] m_nPolicy is: 2
[2025-09-18 20:43:43 240][9836119][INF][P0x7f11][T0x7f4a][SrConfigParser.cpp][parseEncodeImageConfig][1109] m_bEnableEncodeImage is: false
[2025-09-18 20:43:43 240][9836119][INF][P0x7f11][T0x7f4a][SrConfigParser.cpp][parseEncodeImageConfig][1118] ImageWidth = 1920
[2025-09-18 20:43:43 240][9836119][INF][P0x7f11][T0x7f4a][SrConfigParser.cpp][parseEncodeImageConfig][1122] ImageHeigth = 1080
[2025-09-18 20:43:43 240][9836119][INF][P0x7f11][T0x7f4a][SrConfigParser.cpp][parseEncodeImageConfig][1126] ImageFormat = raw_bgr
[2025-09-18 20:43:43 240][9836119][INF][P0x7f11][T0x7f4a][SrConfigParser.cpp][parseIntentRecConfig][952] RecallWhiteListOnly is: false
[2025-09-18 20:43:43 240][9836119][INF][P0x7f11][T0x7f4a][SrConfigParser.cpp][parseIntentRecConfig][957] m_bEnableLocalEdgeIntent is: true
[2025-09-18 20:43:43 240][9836119][INF][P0x7f11][T0x7f4a][SrConfigParser.cpp][parseIntentRecConfig][960] m_bEnableIrecFilter is: true
[2025-09-18 20:43:43 240][9836119][INF][P0x7f11][T0x7f4a][SrConfigParser.cpp][parseIntentRecConfig][963] m_bEnableIntentDecision is: false
[2025-09-18 20:43:43 240][9836119][INF][P0x7f11][T0x7f4a][SrConfigParser.cpp][parseIntentRecConfig][966] m_bEnableLipsDetect is: false
[2025-09-18 20:43:43 240][9836119][INF][P0x7f11][T0x7f4a][SrConfigParser.cpp][parseIntentRecConfig][969] m_bEnableFullTimePgs is: false
[2025-09-18 20:43:43 240][9836119][INF][P0x7f11][T0x7f4a][SrConfigParser.cpp][parseIntentRecConfig][972] m_bEnableWhiteList is: false
[2025-09-18 20:43:43 240][9836119][INF][P0x7f11][T0x7f4a][SrConfigParser.cpp][parseIntentRecConfig][981] m_bEnableBrandWordWakeUp is: true
[2025-09-18 20:43:43 240][9836119][INF][P0x7f11][T0x7f4a][SrConfigParser.cpp][parseIntentRecConfig][985] m_nBrandWordText is: 奥迪
[2025-09-18 20:43:43 240][9836119][INF][P0x7f11][T0x7f4a][SrConfigParser.cpp][parseIntentRecConfig][990] m_nBrandWordIncent is: -1
[2025-09-18 20:43:43 240][9836119][INF][P0x7f11][T0x7f4a][SrConfigParser.cpp][parseIntentRecConfig][993] m_nContextIntervalTime is: 5000
[2025-09-18 20:43:43 243][9836122][INF][P0x7f11][T0x7f4a][CSRIFlyLog.cpp][SRIFlyLogOpen][117] ISSSR 1031_2709
[2025-09-18 20:43:43 243][9836122][INF][P0x7f11][T0x7f4a][CSRIFlyLog.cpp][SRIFlyLogOpen][118] ISSSR  PRJVERSION va_version: 2b352b97c, commit: 2025-08-04 18:14:26, build: 2025-08-07 14:07:38
[2025-09-18 20:43:43 243][9836122][INF][P0x7f11][T0x7f4a][CSRIFlyLog.cpp][SRIFlyLogOpen][120] ISSSR SoftEnc
[2025-09-18 20:43:43 243][9836123][INF][P0x7f11][T0x7f4a][SrConfigParser.cpp][parseProjectConfig][304] Appid is set to 576d9f07.
[2025-09-18 20:43:43 243][9836123][INF][P0x7f11][T0x7f4a][SrConfigParser.cpp][parseProjectConfig][308] NliUserId is set to car_saic_audi.
[2025-09-18 20:43:43 243][9836123][INF][P0x7f11][T0x7f4a][SrConfigParser.cpp][parseProjectConfig][312] TestModeEnabled is set to 0.
[2025-09-18 20:43:43 243][9836123][INF][P0x7f11][T0x7f4a][SrConfigParser.cpp][parseProjectConfig][316] ApiKey is set to c6661d29e4def897721f7a3fa6b8ccb2.
[2025-09-18 20:43:43 243][9836123][INF][P0x7f11][T0x7f4a][SrConfigParser.cpp][parseProjectConfig][319] ApiSecret is set to NWZmZjk4NTI0ODYwNmE5NTYzY2U4ZGQz.
[2025-09-18 20:43:43 243][9836123][INF][P0x7f11][T0x7f4a][SrConfigParser.cpp][parseProjectConfig][328] m_iNoLicenseUseNum is : 10
[2025-09-18 20:43:43 243][9836123][INF][P0x7f11][T0x7f4a][SrConfigParser.cpp][parseAuthConfig][413] m_strLESLUrl set to default: autodev.openspeech.cn
[2025-09-18 20:43:43 243][9836123][INF][P0x7f11][T0x7f4a][SrConfigParser.cpp][parseAuthConfig][422] m_nLESLAuthScheme set to 0
[2025-09-18 20:43:43 243][9836123][INF][P0x7f11][T0x7f4a][SrConfigParser.cpp][parseResOTAConfig][1043] m_bEnableResOTA is: false
[2025-09-18 20:43:43 243][9836123][INF][P0x7f11][T0x7f4a][SrConfigParser.cpp][parseResOTAConfig][1046] m_strResPathForOTA is: 
[2025-09-18 20:43:43 243][9836123][INF][P0x7f11][T0x7f4a][SrConfigParser.cpp][parseResOTAConfig][1049] m_strAppidForOTA is: 
[2025-09-18 20:43:43 243][9836123][INF][P0x7f11][T0x7f4a][SrConfigParser.cpp][parseResOTAConfig][1052] m_strDeviceIdForOTA is: 
[2025-09-18 20:43:43 243][9836123][INF][P0x7f11][T0x7f4a][SrConfigParser.cpp][parseResOTAConfig][1055] m_strUrlForOTA is: autotest.openspeech.cn/auto-ota-web-v2
[2025-09-18 20:43:43 243][9836123][INF][P0x7f11][T0x7f4a][SrConfigParser.cpp][parseResOTAConfig][1058] m_strDomainForDeviceRegister is: autopre.openspeech.cn
[2025-09-18 20:43:43 243][9836123][INF][P0x7f11][T0x7f4a][SrConfigParser.cpp][parseLogEncryptConfig][1142] m_bLogEncrypt is: false
[2025-09-18 20:43:43 244][9836123][INF][P0x7f11][T0x7f4a][SrConfigParser.cpp][parseUploadStatus][1152] m_bAsyncUploadStatus is: false
[2025-09-18 20:43:43 244][9836124][INF][P0x7f11][T0x7f4a][SrConfigParser.cpp][parseAuthConfig][403] SR SwEncCountExpiredReminder set to 40
[2025-09-18 20:43:43 244][9836124][INF][P0x7f11][T0x7f4a][SrConfigParser.cpp][parseAuthConfig][406] SR SwEncTimeExpiredReminder set to 72000
[2025-09-18 20:43:43 244][9836124][INF][P0x7f11][T0x7f4a][SrConfigParser.cpp][parseAuthConfig][410] m_strLESLUrl set to autodev.openspeech.cn
[2025-09-18 20:43:43 244][9836124][INF][P0x7f11][T0x7f4a][SrConfigParser.cpp][parseAuthConfig][426] m_nLESLAuthScheme set to default: 0
[2025-09-18 20:43:43 244][9836124][INF][P0x7f11][T0x7f4a][SrConfigParser.cpp][parseThreadConfig][442] AbandonLocalSrResultConsideringConfidenceScore if ConfidenceScore is lower than -600.
[2025-09-18 20:43:43 244][9836124][INF][P0x7f11][T0x7f4a][SrConfigParser.cpp][parseRuntimeConfig][361] m_ulMaxRingBufferSizeVad is 983040
[2025-09-18 20:43:43 244][9836124][INF][P0x7f11][T0x7f4a][SrConfigParser.cpp][parseRuntimeConfig][370] m_ulMaxRingBufferSizeSR is 983040
[2025-09-18 20:43:43 244][9836124][INF][P0x7f11][T0x7f4a][SrConfigParser.cpp][parseRuntimeConfig][379] m_ulMaxRingBufferSizeCIAT is 983040
[2025-09-18 20:43:43 244][9836124][INF][P0x7f11][T0x7f4a][SrConfigParser.cpp][parseRuntimeConfig][383] m_bEnableConfigCenterDownload is: false
[2025-09-18 20:43:43 244][9836124][INF][P0x7f11][T0x7f4a][SrConfigParser.cpp][parseRuntimeConfig][387] m_bEnableVpr is: false
[2025-09-18 20:43:43 244][9836124][INF][P0x7f11][T0x7f4a][SrConfigParser.cpp][parseRuntimeConfig][391] m_nVprInstMode is: 3
[2025-09-18 20:43:43 245][9836124][INF][P0x7f11][T0x7f4a][SrConfigParser.cpp][parseVadModle][464] EnableLocalSad On.
[2025-09-18 20:43:43 245][9836124][INF][P0x7f11][T0x7f4a][SrConfigParser.cpp][parseVadModle][468] SwitchVad On.
[2025-09-18 20:43:43 245][9836124][INF][P0x7f11][T0x7f4a][ConfigVad.cpp][parseAvvadSet][121] m_bEnableAvvad is: false
[2025-09-18 20:43:43 245][9836124][INF][P0x7f11][T0x7f4a][ConfigVad.cpp][parseAvvadSet][126] m_bEnableTimeoutHandle is: false
[2025-09-18 20:43:43 245][9836124][INF][P0x7f11][T0x7f4a][SrConfigParser.cpp][parseSRConfig][477] Enable Local SR.
[2025-09-18 20:43:43 245][9836124][INF][P0x7f11][T0x7f4a][SrConfigParser.cpp][parseSRConfig][481] Enable Cloud SR.
[2025-09-18 20:43:43 245][9836124][INF][P0x7f11][T0x7f4a][SrConfigParser.cpp][parseSRConfig][485] DisableUploadDictToCloud is false.
[2025-09-18 20:43:43 245][9836124][INF][P0x7f11][T0x7f4a][SrConfigParser.cpp][parseSRConfig][489] CouldStartLocalRecogniseWhenBuildLocalGrm is true.
[2025-09-18 20:43:43 245][9836124][INF][P0x7f11][T0x7f4a][SrConfigParser.cpp][parseSRConfig][493] m_nCountOfDictMax setted to 5000
[2025-09-18 20:43:43 245][9836124][INF][P0x7f11][T0x7f4a][SrConfigParser.cpp][parseSRConfig][500] GetKeyValue "UploadDict" success.
[2025-09-18 20:43:43 245][9836124][INF][P0x7f11][T0x7f4a][SrConfigParser.cpp][parseSRConfig][504] m_nModeSelectPoi is 0.
[2025-09-18 20:43:43 245][9836124][INF][P0x7f11][T0x7f4a][SrConfigParser.cpp][parseSRConfig][508] m_iUploadDictMode is 1.
[2025-09-18 20:43:43 245][9836124][INF][P0x7f11][T0x7f4a][SrConfigParser.cpp][parseSRConfig][513] m_bEnableContinuousModel is: true
[2025-09-18 20:43:43 245][9836124][INF][P0x7f11][T0x7f4a][SrConfigParser.cpp][parseSRConfig][517] m_nSrEngineType set to 0
[2025-09-18 20:43:43 245][9836124][INF][P0x7f11][T0x7f4a][SrConfigParser.cpp][parseSRConfig][520] m_nEsrLoadVersion set to 1
[2025-09-18 20:43:43 245][9836124][INF][P0x7f11][T0x7f4a][SrConfigParser.cpp][parseSRConfig][524] NLILoadResMode set to 0
[2025-09-18 20:43:43 245][9836124][INF][P0x7f11][T0x7f4a][SrConfigParser.cpp][parseSRConfig][528] ClearResultMode set to 0
[2025-09-18 20:43:43 245][9836124][INF][P0x7f11][T0x7f4a][SrConfigParser.cpp][parseSRConfig][532] m_bEnableFsaMemLoad is: true
[2025-09-18 20:43:43 245][9836125][INF][P0x7f11][T0x7f4a][SrConfigParser.cpp][parseHybridVRStrategy][719] Focus Name: weather
[2025-09-18 20:43:43 245][9836125][INF][P0x7f11][T0x7f4a][SrConfigParser.cpp][parseHybridVRStrategy][719] Focus Name: stock
[2025-09-18 20:43:43 245][9836125][INF][P0x7f11][T0x7f4a][SrConfigParser.cpp][parseHybridVRStrategy][719] Focus Name: news
[2025-09-18 20:43:43 245][9836125][INF][P0x7f11][T0x7f4a][SrConfigParser.cpp][parseHybridVRStrategy][719] Focus Name: flight
[2025-09-18 20:43:43 245][9836125][INF][P0x7f11][T0x7f4a][SrConfigParser.cpp][parseHybridVRStrategy][719] Focus Name: train
[2025-09-18 20:43:43 245][9836125][INF][P0x7f11][T0x7f4a][SrConfigParser.cpp][parseHybridVRStrategy][719] Focus Name: restaurant
[2025-09-18 20:43:43 245][9836125][INF][P0x7f11][T0x7f4a][SrConfigParser.cpp][parseHybridVRStrategy][719] Focus Name: hotel
[2025-09-18 20:43:43 245][9836125][INF][P0x7f11][T0x7f4a][SrConfigParser.cpp][parsePGSConfig][804] m_bEnablePgs is: true
[2025-09-18 20:43:43 245][9836125][INF][P0x7f11][T0x7f4a][SrConfigParser.cpp][parsePGSConfig][808] m_bEnableLocalPgsEnglishFilter is: false
[2025-09-18 20:43:43 245][9836125][INF][P0x7f11][T0x7f4a][SrConfigParser.cpp][parsePGSConfig][812] m_iHybridPgs is: 3
[2025-09-18 20:43:43 245][9836125][INF][P0x7f11][T0x7f4a][SrConfigParser.cpp][parsePGSConfig][816] m_bPgsUniformSpeed is: 1
[2025-09-18 20:43:43 245][9836125][INF][P0x7f11][T0x7f4a][SrConfigParser.cpp][parsePGSConfig][820] m_iPgsMaxSpeed is: 150
[2025-09-18 20:43:43 245][9836125][INF][P0x7f11][T0x7f4a][SrConfigParser.cpp][parsePGSConfig][824] m_iPgsMinSpeedTime is: 75
[2025-09-18 20:43:43 245][9836125][INF][P0x7f11][T0x7f4a][SrConfigParser.cpp][parsePGSConfig][828] m_iHybridPgsTimeOut is: 800
[2025-09-18 20:43:43 245][9836125][INF][P0x7f11][T0x7f4a][SrConfigParser.cpp][parsePGSConfig][832] m_bEnablePgsResultPostProcess is: false
[2025-09-18 20:43:43 245][9836125][INF][P0x7f11][T0x7f4a][SrConfigParser.cpp][parseNLUConfig][870] m_bEnableLocalNLU is: true
[2025-09-18 20:43:43 245][9836125][INF][P0x7f11][T0x7f4a][SrConfigParser.cpp][parseNLUConfig][874] m_bEnableSpWord is: true
[2025-09-18 20:43:43 245][9836125][INF][P0x7f11][T0x7f4a][SrConfigParser.cpp][parseSWFilterConfig][884] m_bEnableSWFilter is: false
[2025-09-18 20:43:43 245][9836125][INF][P0x7f11][T0x7f4a][SrConfigParser.cpp][parseSWFilterConfig][888] m_bEnableSWFilterSync is: false
[2025-09-18 20:43:43 245][9836125][INF][P0x7f11][T0x7f4a][SrConfigParser.cpp][parseSWFilterConfig][892] m_strSWFilterFormat is: *
[2025-09-18 20:43:43 245][9836125][INF][P0x7f11][T0x7f4a][SrConfigParser.cpp][parseCataConfig][899] m_bEnableSrCata is: true
[2025-09-18 20:43:43 245][9836125][INF][P0x7f11][T0x7f4a][SrConfigParser.cpp][parseCataConfig][903] m_strCataResPath is: /../CataRes
[2025-09-18 20:43:43 245][9836125][INF][P0x7f11][T0x7f4a][SrConfigParser.cpp][parseAIKitConfig][1005] m_strScene set to main
[2025-09-18 20:43:43 245][9836125][INF][P0x7f11][T0x7f4a][SrConfigParser.cpp][parseAIKitConfig][1014] m_bAIUIWriteAudioCodec set to true
[2025-09-18 20:43:43 246][9836125][INF][P0x7f11][T0x7f4a][SrConfigParser.cpp][parseAIKitConfig][1017] m_nAikitThreadNum set to 12
[2025-09-18 20:43:43 246][9836125][INF][P0x7f11][T0x7f4a][SrConfigParser.cpp][parseAIKitConfig][1020] m_nAikitSessionSize set to 20
[2025-09-18 20:43:43 246][9836125][INF][P0x7f11][T0x7f4a][SrConfigParser.cpp][parseMultiDictConfig][1031] m_bEnableMultiDict is: false
[2025-09-18 20:43:43 246][9836125][INF][P0x7f11][T0x7f4a][SrConfigParser.cpp][parseMultiDictConfig][1034] m_iMultiDictNum is: 4
[2025-09-18 20:43:43 246][9836125][INF][P0x7f11][T0x7f4a][SrConfigParser.cpp][parseLocalSparkConfig][1082] m_bEnableLocalSpark is: false
[2025-09-18 20:43:43 246][9836125][INF][P0x7f11][T0x7f4a][SrConfigParser.cpp][parseCloudSparkConfig][1094] m_nMaxNum is: 2
[2025-09-18 20:43:43 246][9836125][INF][P0x7f11][T0x7f4a][SrConfigParser.cpp][parseCloudSparkConfig][1097] m_nPolicy is: 2
[2025-09-18 20:43:43 246][9836125][INF][P0x7f11][T0x7f4a][SrConfigParser.cpp][parseEncodeImageConfig][1109] m_bEnableEncodeImage is: false
[2025-09-18 20:43:43 246][9836125][INF][P0x7f11][T0x7f4a][SrConfigParser.cpp][parseEncodeImageConfig][1118] ImageWidth = 1920
[2025-09-18 20:43:43 246][9836125][INF][P0x7f11][T0x7f4a][SrConfigParser.cpp][parseEncodeImageConfig][1122] ImageHeigth = 1080
[2025-09-18 20:43:43 246][9836125][INF][P0x7f11][T0x7f4a][SrConfigParser.cpp][parseEncodeImageConfig][1126] ImageFormat = raw_bgr
[2025-09-18 20:43:43 246][9836125][INF][P0x7f11][T0x7f4a][SrConfigParser.cpp][parseIntentRecConfig][952] RecallWhiteListOnly is: false
[2025-09-18 20:43:43 246][9836125][INF][P0x7f11][T0x7f4a][SrConfigParser.cpp][parseIntentRecConfig][957] m_bEnableLocalEdgeIntent is: true
[2025-09-18 20:43:43 246][9836125][INF][P0x7f11][T0x7f4a][SrConfigParser.cpp][parseIntentRecConfig][960] m_bEnableIrecFilter is: true
[2025-09-18 20:43:43 246][9836125][INF][P0x7f11][T0x7f4a][SrConfigParser.cpp][parseIntentRecConfig][963] m_bEnableIntentDecision is: false
[2025-09-18 20:43:43 246][9836125][INF][P0x7f11][T0x7f4a][SrConfigParser.cpp][parseIntentRecConfig][966] m_bEnableLipsDetect is: false
[2025-09-18 20:43:43 246][9836125][INF][P0x7f11][T0x7f4a][SrConfigParser.cpp][parseIntentRecConfig][969] m_bEnableFullTimePgs is: false
[2025-09-18 20:43:43 246][9836125][INF][P0x7f11][T0x7f4a][SrConfigParser.cpp][parseIntentRecConfig][972] m_bEnableWhiteList is: false
[2025-09-18 20:43:43 246][9836126][INF][P0x7f11][T0x7f4a][SrConfigParser.cpp][parseIntentRecConfig][981] m_bEnableBrandWordWakeUp is: true
[2025-09-18 20:43:43 246][9836126][INF][P0x7f11][T0x7f4a][SrConfigParser.cpp][parseIntentRecConfig][985] m_nBrandWordText is: 奥迪
[2025-09-18 20:43:43 246][9836126][INF][P0x7f11][T0x7f4a][SrConfigParser.cpp][parseIntentRecConfig][990] m_nBrandWordIncent is: -1
[2025-09-18 20:43:43 246][9836126][INF][P0x7f11][T0x7f4a][SrConfigParser.cpp][parseIntentRecConfig][993] m_nContextIntervalTime is: 5000
[2025-09-18 20:43:43 247][9836126][INF][P0x7f11][T0x7f4a][idas_inl.cpp][RegisterModule][1116] params is [{"appid":"5f2bb768iss","fingerprint":["{{function}}","{{default}}"],"release":"1031_2709","tags":{"projectAppid":"576d9f07"}}
].
[25/09/18-20:43:43 250][ERR][Px7f11][Tx93852cb0] fVBctcxOTnhPVCicYGSB+keLk2VTJIufl6q0aYW2LoYN7IbF1AfGNr7SeAXZD8DHBUEQOUE1S6uPl0o9CJzOFSlcIRqmx6yu
[2025-09-18 20:43:43 315][9836195][INF][P0x7f11][T0x7f28][CIssSe.cpp][CIssSe][282] SE Version: V1.3.0.R1.5.6.0.M1.6.125.4.nn_pt4.saic_audi_pp01.low_cfg.01
[2025-09-18 20:43:43 315][9836195][INF][P0x7f11][T0x7f28][CIssSe.cpp][CIssSe][291] CIssSe | CallSEGetParam GET_CHAN_NUM_IN_ORI is 8
[2025-09-18 20:43:43 315][9836195][INF][P0x7f11][T0x7f28][CIssSe.cpp][CIssSe][310] CIssSe | CallSESetParam SET_ASR_ALL 1
[2025-09-18 20:43:43 315][9836195][INF][P0x7f11][T0x7f28][CIssSe.cpp][CIssSe][323] data size 10752
[2025-09-18 20:43:43 315][9836195][INF][P0x7f11][T0x7f28][CIssSe.cpp][CIssSe][360] pThis is 0xb400007161642b40
init path is /mnt/vendor/vr/res/Active/MVWRes
ICFGInit | after init.
[2025-09-18 20:43:43 316][9836195][INF][P0x7f11][T0x7f28][libissmvw.cpp][ISSMVWSetMvwLanguage][653] ISSMVWSetMvwLanguage | nLangType = 0
[2025-09-18 20:43:43 316][9836195][INF][P0x7f11][T0x7f28][libissmvw.cpp][ISSMVWCreateEx][285] ISSMVWCreateEx | phISSMVW = 0xb4000071d15f8830, szResourceDir = /mnt/vendor/vr/res/MVWRes/FirstRes, pfnMVWOnMsgProc = 0x6fc4acd784, pUsrArg = 0xb4000071d15f8410
[2025-09-18 20:43:43 316][9836196][INF][P0x7f11][T0x7f28][MvwConfigParser.cpp][parse][44] Appid=576d9f07.
[2025-09-18 20:43:43 316][9836196][INF][P0x7f11][T0x7f28][MvwConfigParser.cpp][parse][52] APIKey=c6661d29e4def897721f7a3fa6b8ccb2.
[2025-09-18 20:43:43 316][9836196][INF][P0x7f11][T0x7f28][MvwConfigParser.cpp][parse][60] SecretKey=NWZmZjk4NTI0ODYwNmE5NTYzY2U4ZGQz.
[2025-09-18 20:43:43 316][9836196][WAN][P0x7f11][T0x7f28][MvwConfigParser.cpp][parse][72] Fail to parse IcfgAppKey.
[2025-09-18 20:43:43 316][9836196][WAN][P0x7f11][T0x7f28][MvwConfigParser.cpp][parse][80] Fail to parse IcfgUrl.
[2025-09-18 20:43:43 316][9836196][WAN][P0x7f11][T0x7f28][MvwConfigParser.cpp][parse][88] Fail to parse IcfgAppCode.
[2025-09-18 20:43:43 316][9836196][INF][P0x7f11][T0x7f28][MvwConfigParser.cpp][parse][93] MulIvwInputNum=4.
[2025-09-18 20:43:43 316][9836196][INF][P0x7f11][T0x7f28][MvwConfigParser.cpp][parse][107] MulIvwResultTimeInterval =300.
[2025-09-18 20:43:43 316][9836196][INF][P0x7f11][T0x7f28][MvwConfigParser.cpp][parse][120] IvwEngineMode=4.
[2025-09-18 20:43:43 316][9836196][INF][P0x7f11][T0x7f28][MvwConfigParser.cpp][parse][132] m_nResourceSoundZoneType=0.
[2025-09-18 20:43:43 316][9836196][INF][P0x7f11][T0x7f28][MvwConfigParser.cpp][parse][140] MultiIvwInstanceType=1.
[2025-09-18 20:43:43 316][9836196][INF][P0x7f11][T0x7f28][MvwConfigParser.cpp][parse][153] EngineResetTime = 180000.
[2025-09-18 20:43:43 316][9836196][WAN][P0x7f11][T0x7f28][MvwConfigParser.cpp][parse][172] No VprResourceDir in com.cfg file,retain the default dir
[2025-09-18 20:43:43 316][9836196][INF][P0x7f11][T0x7f28][MvwConfigParser.cpp][parse][188] WakeUpAudioFrameOffset[0]=-20
[2025-09-18 20:43:43 316][9836196][INF][P0x7f11][T0x7f28][MvwConfigParser.cpp][parse][189] WakeUpAudioFrameOffset[1]=20
[2025-09-18 20:43:43 316][9836196][INF][P0x7f11][T0x7f28][MvwConfigParser.cpp][parse][210] WakeUpAudioCallBackFrameOffset[0]=-50
[2025-09-18 20:43:43 316][9836196][INF][P0x7f11][T0x7f28][MvwConfigParser.cpp][parse][211] WakeUpAudioCallBackFrameOffset[1]=50
[2025-09-18 20:43:43 316][9836196][INF][P0x7f11][T0x7f28][MvwConfigParser.cpp][parse][220] LoadGramType =1.
[2025-09-18 20:43:43 316][9836196][INF][P0x7f11][T0x7f28][MvwConfigParser.cpp][parse][232] MemoryLoad =1.
[2025-09-18 20:43:43 316][9836196][INF][P0x7f11][T0x7f28][MvwConfigParser.cpp][parse][241] IvwVad.VadEnergyThreshold=10.5
[2025-09-18 20:43:43 316][9836196][INF][P0x7f11][T0x7f28][MvwConfigParser.cpp][parse][247] IvwVad.VadDetectTime=400
[2025-09-18 20:43:43 316][9836196][INF][P0x7f11][T0x7f28][MvwConfigParser.cpp][parse][255] IvwVad.VadDetectOffset=15
[2025-09-18 20:43:43 316][9836196][INF][P0x7f11][T0x7f28][MvwConfigParser.cpp][parse][262] IvwVad.VadDetectBeforeWakeUpTime=0
[2025-09-18 20:43:43 316][9836196][INF][P0x7f11][T0x7f28][MvwConfigParser.cpp][parse][269] IvwVad.VadDetectAudioType=0
[2025-09-18 20:43:43 316][9836196][INF][P0x7f11][T0x7f28][MvwConfigParser.cpp][parse][300] EnableCustomzationOfLogDir=0
[2025-09-18 20:43:43 316][9836196][INF][P0x7f11][T0x7f28][MvwConfigParser.cpp][parse][363] MvwSampleCheckProperty.SampleAvgOffset=0
[2025-09-18 20:43:43 316][9836196][INF][P0x7f11][T0x7f28][MvwConfigParser.cpp][parse][370] MvwSampleCheckProperty.SampleValueAvgThreshold=200
[2025-09-18 20:43:43 316][9836196][INF][P0x7f11][T0x7f28][MvwConfigParser.cpp][parse][382] EnableAutoSetUserDefKeyWordsThresholds=0
[2025-09-18 20:43:43 316][9836196][WAN][P0x7f11][T0x7f28][MvwConfigParser.cpp][parse][395] Fail to parse ContinueFrameToDelayWakeUp and Keep the default ContinueFrame(0).
[2025-09-18 20:43:43 316][9836196][INF][P0x7f11][T0x7f28][MvwConfigParser.cpp][parse][399] NeedVolumeLevelCallBack=0
[2025-09-18 20:43:43 316][9836196][INF][P0x7f11][T0x7f28][MvwConfigParser.cpp][parse][406] EnableVpr=0
[2025-09-18 20:43:43 316][9836196][INF][P0x7f11][T0x7f28][MvwConfigParser.cpp][parse][413] VprKeywordCheck=1
[2025-09-18 20:43:43 316][9836196][INF][P0x7f11][T0x7f28][MvwConfigParser.cpp][parse][420] EnableVprScene=0
[2025-09-18 20:43:43 316][9836196][WAN][P0x7f11][T0x7f28][MvwConfigParser.cpp][parse][430] Fail to parse EnableAgeGender and Keep close.
[2025-09-18 20:43:43 316][9836196][INF][P0x7f11][T0x7f28][MvwConfigParser.cpp][parse][434] VprRecThreshold=0.31
[2025-09-18 20:43:43 316][9836196][INF][P0x7f11][T0x7f28][MvwConfigParser.cpp][parse][441] EnableOneshotAssist =1.
[2025-09-18 20:43:43 316][9836196][INF][P0x7f11][T0x7f28][MvwConfigParser.cpp][parse][449] MvwOptimize.EnableMvwOptimizeCfgUpdate =0.
[2025-09-18 20:43:43 316][9836196][INF][P0x7f11][T0x7f28][MvwConfigParser.cpp][parse][456] MvwOptimize.EnableMvwOptimize =0.
[2025-09-18 20:43:43 316][9836196][INF][P0x7f11][T0x7f28][MvwConfigParser.cpp][parse][459] MvwOptimize.HostDomain=evo-dx.xf-yun.com.
[2025-09-18 20:43:43 316][9836196][INF][P0x7f11][T0x7f28][MvwConfigParser.cpp][parse][468] MvwOptimize.EnableOptimizeScene=0.
[2025-09-18 20:43:43 316][9836196][INF][P0x7f11][T0x7f28][MvwConfigParser.cpp][parse][476] MvwOptimize.UploadAudioChannelsType=1.
[2025-09-18 20:43:43 316][9836196][INF][P0x7f11][T0x7f28][MvwConfigParser.cpp][parse][484] MvwOptimize.EnableGatherUserKeywordAudio=0.
[2025-09-18 20:43:43 316][9836196][INF][P0x7f11][T0x7f28][MvwConfigParser.cpp][parse][492] MvwOptimize.StartTimeOffset =200.
[2025-09-18 20:43:43 316][9836196][INF][P0x7f11][T0x7f28][MvwConfigParser.cpp][parse][500] MvwOptimize.EndTimeOffset =500.
[2025-09-18 20:43:43 316][9836196][INF][P0x7f11][T0x7f28][MvwConfigParser.cpp][parse][512] MvwOptimize.DoubleThresholdTime=500
[2025-09-18 20:43:43 316][9836196][INF][P0x7f11][T0x7f28][MvwConfigParser.cpp][parse][520] MvwOptimize.LowWakeupBelowThreshold=-1
[2025-09-18 20:43:43 316][9836196][INF][P0x7f11][T0x7f28][MvwConfigParser.cpp][parse][528] MvwOptimize.TotalTraffic=48000
[2025-09-18 20:43:43 316][9836196][INF][P0x7f11][T0x7f28][MvwConfigParser.cpp][parse][536] MvwOptimize.LowThresholdTraffic=48000
[2025-09-18 20:43:43 316][9836196][INF][P0x7f11][T0x7f28][MvwConfigParser.cpp][parse][544] MvwOptimize.HighThresholdTraffic=0
[2025-09-18 20:43:43 316][9836196][INF][P0x7f11][T0x7f28][MvwConfigParser.cpp][parse][552] MvwOptimize.TotalAppidTraffic=48000
[2025-09-18 20:43:43 316][9836196][INF][P0x7f11][T0x7f28][MvwConfigParser.cpp][parse][560] MvwOptimize.LowThresholdAppidTraffic=48000
[2025-09-18 20:43:43 316][9836196][INF][P0x7f11][T0x7f28][MvwConfigParser.cpp][parse][568] MvwOptimize.HighThresholdAppidTraffic=0
[2025-09-18 20:43:43 316][9836196][INF][P0x7f11][T0x7f28][MvwConfigParser.cpp][parse][580] m_bEnableSpWord =0.
[2025-09-18 20:43:43 316][9836196][INF][P0x7f11][T0x7f28][MvwConfigParser.cpp][parse][587] m_bEnableSWFilter =0.
[2025-09-18 20:43:43 316][9836196][INF][P0x7f11][T0x7f28][MvwConfigParser.cpp][parse][594] m_strSWFilterUsrid =car_saic_audi.
[2025-09-18 20:43:43 316][9836196][INF][P0x7f11][T0x7f28][MvwConfigParser.cpp][parse][601] m_bEnableAudioEnc =0.
[2025-09-18 20:43:43 316][9836196][INF][P0x7f11][T0x7f28][MvwConfigParser.cpp][parse][609] m_bMulIvwLocationOpt =1.
[2025-09-18 20:43:43 316][9836196][INF][P0x7f11][T0x7f28][MvwConfigParser.cpp][parse][625] Get AudioPowerFrequency 0 = 6.
[2025-09-18 20:43:43 316][9836196][INF][P0x7f11][T0x7f28][MvwConfigParser.cpp][parse][625] Get AudioPowerFrequency 1 = 160.
[2025-09-18 20:43:43 316][9836196][INF][P0x7f11][T0x7f28][MvwConfigParser.cpp][parse][645] m_bDealWakeupWordsMisAbsorbed =0.
[2025-09-18 20:43:43 316][9836196][INF][P0x7f11][T0x7f28][MvwConfigParser.cpp][parse][653] m_bEnableUserDefWakeupWordScore =1.
[2025-09-18 20:43:43 316][9836196][WAN][P0x7f11][T0x7f28][MvwConfigParser.cpp][parse][675] SiriVad.VadParameter not exist
[2025-09-18 20:43:43 316][9836196][INF][P0x7f11][T0x7f28][MvwConfigParser.cpp][parse][680] SiriVad.EnableSiriKeyword=0
[2025-09-18 20:43:43 316][9836196][INF][P0x7f11][T0x7f28][MvwConfigParser.cpp][parse][688] m_bEnableHighFlow =1.
[2025-09-18 20:43:43 316][9836196][INF][P0x7f11][T0x7f28][MvwConfigParser.cpp][parse][696] m_bEnableMultiLanguage =0.
[2025-09-18 20:43:43 316][9836196][INF][P0x7f11][T0x7f28][MvwConfigParser.cpp][parse][704] m_bEnableSetKeywordCloudOpt =0.
[2025-09-18 20:43:43 316][9836196][INF][P0x7f11][T0x7f28][MvwConfigParser.cpp][parse][712] m_bEnableMulitInputTdOpt =0.
[2025-09-18 20:43:43 316][9836196][INF][P0x7f11][T0x7f28][MvwConfigParser.cpp][parse][720] m_nMvwLocateThresh =1200.
[2025-09-18 20:43:43 316][9836196][INF][P0x7f11][T0x7f28][MvwConfigParser.cpp][parse][728] m_bEnableVwLocateTdOpt =0.
[2025-09-18 20:43:43 316][9836196][INF][P0x7f11][T0x7f28][MvwConfigParser.cpp][parse][735] LocateTdOffset =2.
[2025-09-18 20:43:43 316][9836196][INF][P0x7f11][T0x7f28][MvwConfigParser.cpp][parse][743] m_bEnableNatureMvw =0.
[2025-09-18 20:43:43 316][9836196][INF][P0x7f11][T0x7f28][MvwConfigParser.cpp][parse][751] m_bEnableUserDefWakeupWordAlpha =0.
[2025-09-18 20:43:43 316][9836196][INF][P0x7f11][T0x7f28][MvwConfigParser.cpp][parse][759] m_bEnablePseudoThreeSoundZone =0.
[2025-09-18 20:43:43 316][9836196][INF][P0x7f11][T0x7f28][MvwConfigParser.cpp][parse][767] m_bEnableSendLowWakeupMsg =0.
[2025-09-18 20:43:43 316][9836196][INF][P0x7f11][T0x7f28][MvwConfigParser.cpp][parse][776] PcmLogLength =0.
[2025-09-18 20:43:43 316][9836196][INF][P0x7f11][T0x7f28][MvwConfigParser.cpp][parse][783] iLogPrintInterval =1000.
[2025-09-18 20:43:43 316][9836196][INF][P0x7f11][T0x7f28][MvwConfigParser.cpp][parse][790] m_bEnableRefOpt =0.
[2025-09-18 20:43:43 316][9836196][INF][P0x7f11][T0x7f28][MvwConfigParser.cpp][parse][798] m_fRefOptThreshRatio =1.000000.
[2025-09-18 20:43:43 316][9836196][INF][P0x7f11][T0x7f28][MvwConfigParser.cpp][parse][806] m_nRefBlockVWTimerMs =240.
[2025-09-18 20:43:43 316][9836196][INF][P0x7f11][T0x7f28][MvwConfigParser.cpp][parse][814] m_strUserKeywordSplicingText =给你起个名字叫*.
[2025-09-18 20:43:43 316][9836196][INF][P0x7f11][T0x7f28][MvwConfigParser.cpp][parse][831] Get AdjustEndOffsetMillsec 0 = 11.
[2025-09-18 20:43:43 316][9836196][INF][P0x7f11][T0x7f28][MvwConfigParser.cpp][parse][831] Get AdjustEndOffsetMillsec 1 = 4.
[2025-09-18 20:43:43 319][9836199][INF][P0x7f11][T0x7f28][CMVWIFlyLog.cpp][MvwIFlyLogOpen][146] ISSMVW 1031_2709
[2025-09-18 20:43:43 319][9836199][INF][P0x7f11][T0x7f28][CMVWIFlyLog.cpp][MvwIFlyLogOpen][147] ISSMVW  PRJVERSION va_version: 2b352b97c, commit: 2025-08-04 18:14:26, build: 2025-08-07 14:07:38
[2025-09-18 20:43:43 319][9836199][INF][P0x7f11][T0x7f28][CMVWIFlyLog.cpp][MvwIFlyLogOpen][149] ISSMVW NoEnc
[2025-09-18 20:43:43 319][9836199][INF][P0x7f11][T0x7f28][idas_inl.cpp][RegisterModule][1116] params is [{"appid":"5f2bb768iss","fingerprint":["{{function}}","{{default}}"],"release":"1031_2709","tags":{"projectAppid":"576d9f07"}}
].
[2025-09-18 20:43:43 320][9836200][INF][P0x7f11][T0x7f28][CMVWDataDumper.cpp][setSdCardPath][350] CMVWDataDumper::setSdCardPath(strPath:/sdcard/Android/data/com.zone.service.speech/files/iflytek_log)
[2025-09-18 20:43:43 320][9836200][INF][P0x7f11][T0x7f28][CMVWDataDumper.cpp][InitPcmLog][119] subpath reinit sdcard:,openmode=0
[2025-09-18 20:43:43 320][9836200][INF][P0x7f11][T0x7f28][CMVWDataDumper.cpp][InitPcmLog][120] subpath strPcmDir:/sdcard/Android/data/com.zone.service.speech/files/iflytek_log/MVW/Vw/,openmode=0
[2025-09-18 20:43:43 320][9836200][INF][P0x7f11][T0x7f28][CMVWDataDumper.cpp][InitPcmLog][155] subpath changehere:/data/user_de/10/com.zone.service.speech/vr/iflytek/Active/MVWRes/log/Vw/
[2025-09-18 20:43:43 328][9836207][INF][P0x7f11][T0x7f28][CIVW.cpp][InitIvw][750] IVW Version: 3.17.17.70.9
[2025-09-18 20:43:43 328][9836207][INF][P0x7f11][T0x7f28][CIVW.cpp][InitIvw][758] wIvwGetParam:wivw_param_multiChannel_mlp_for_batch=true, ret=0
[2025-09-18 20:43:43 365][9836245][INF][P0x7f11][T0x7f28][CIVW.cpp][AddMlpResouce][1377] Succeed to wIvwResourceAdd IVW_MLP resource, Path: /mnt/vendor/vr/res/MVWRes/IvwMidCfgRes/ResMandarin/IvwMlp.bin.
[2025-09-18 20:43:43 370][9836250][WAN][P0x7f11][T0x7f28][CIVW.cpp][LoadPresetedKeywordSet][1438] LoadPresetedKeywordSet(): Fail to open: /mnt/vendor/vr/res/MVWRes/IvwMidCfgRes/PresetedKeywordSet.cfg, errno=2
[2025-09-18 20:43:43 370][9836250][WAN][P0x7f11][T0x7f28][CIVW.cpp][InitIvw][1067] Fail to LoadPresetedKeywordSet(), ret=10115, Path=/mnt/vendor/vr/res/MVWRes/IvwMidCfgRes/PresetedKeywordSet.cfg
[2025-09-18 20:43:43 372][9836252][INF][P0x7f11][T0x7f28][CIVW.cpp][InitVad][1264] wVadIvwGetParam:wvad_param_nEnergyThreshold=10.5, ret=0
[2025-09-18 20:43:43 372][9836252][INF][P0x7f11][T0x7f28][CIVW.cpp][InitVad][1277] wVadIvwGetParam:wvad_param_isLstmSubsentenceAutoResetOn=1, ret=0
[2025-09-18 20:43:43 372][9836252][INF][P0x7f11][T0x7f28][CIVW.cpp][InitVad][1277] wVadIvwGetParam:wvad_param_isSilenceAutoResetOn=1, ret=0
[2025-09-18 20:43:43 372][9836252][INF][P0x7f11][T0x7f28][CIVW.cpp][InitVad][1277] wVadIvwGetParam:wvad_param_isSilenceAutoResetSubsentenceOn=1, ret=0
[2025-09-18 20:43:43 372][9836252][INF][P0x7f11][T0x7f28][CIVW.cpp][InitVad][1277] wVadIvwGetParam:wvad_param_isVadDegOn=0, ret=0
[2025-09-18 20:43:43 372][9836252][INF][P0x7f11][T0x7f28][CIVW.cpp][InitVad][1277] wVadIvwGetParam:wvad_param_nSilenceAutoReset_WinSize=250, ret=0
[2025-09-18 20:43:43 372][9836252][INF][P0x7f11][T0x7f28][CIVW.cpp][InitVad][1277] wVadIvwGetParam:wvad_param_vad_responsetimeout=999999999, ret=0
[2025-09-18 20:43:43 372][9836252][INF][P0x7f11][T0x7f28][CIVW.cpp][InitVad][1277] wVadIvwGetParam:wvad_param_vad_speechend=9999999, ret=0
[2025-09-18 20:43:43 372][9836252][INF][P0x7f11][T0x7f28][CIVW.cpp][InitVad][1277] wVadIvwGetParam:wvad_param_vad_threshold=0.123, ret=0
[2025-09-18 20:43:43 373][9836252][INF][P0x7f11][T0x7f28][CIVW.cpp][CIVW][153] thread_IssVwMsgWorking created.
[2025-09-18 20:43:43 373][9836253][INF][P0x7f11][T0x7f28][CIVW.cpp][CIVW][163] thread_IssVwCBWorking created.
[2025-09-18 20:43:43 373][9836253][INF][P0x7f11][T0x7f28][CiMultiWakeup.cpp][CiMultiWakeUp][641] CiMultiWakeUp(): WakeUpInst(0xb400007171594ac0) Working Path: /mnt/vendor/vr/res/MVWRes/FirstRes/ResMandarin
[2025-09-18 20:43:43 373][9836253][INF][P0x7f11][T0x7f28][CiMultiWakeup.cpp][CiMultiWakeUp][705] CiMultiWakeUp(): WakeUpInst(0xb400007171594ac0) Active Path:/data/user_de/10/com.zone.service.speech/vr/iflytek/Active/MVWRes
[2025-09-18 20:43:43 374][9836254][INF][P0x7f11][T0x7f28][CIVW.cpp][StopEngine][7261] wIvwStop return : 10004
[2025-09-18 20:43:43 374][9836254][INF][P0x7f11][T0x7f28][CIVW.cpp][AddAllRes][6948] Add Resource new: scene=1, result=0
[2025-09-18 20:43:43 374][9836254][INF][P0x7f11][T0x7f28][CIVW.cpp][AddAllRes][6948] Add Resource new: scene=2, result=0
[2025-09-18 20:43:43 374][9836254][ERR][P0x7f11][T0x7f28][CIVW.cpp][LoadRes][2920] CIVW::LoadRes(): Fail to open file(/mnt/vendor/vr/res/MVWRes/FirstRes/ResMandarin/IvwMidCfgKeywordRes/dn_answer_call.irf), errno=2!
[2025-09-18 20:43:43 374][9836254][INF][P0x7f11][T0x7f28][CIVW.cpp][AddAllRes][6948] Add Resource new: scene=4, result=10102
[2025-09-18 20:43:43 374][9836254][ERR][P0x7f11][T0x7f28][CIVW.cpp][LoadRes][2920] CIVW::LoadRes(): Fail to open file(/mnt/vendor/vr/res/MVWRes/FirstRes/ResMandarin/IvwMidCfgKeywordRes/dn_parking.irf), errno=2!
[2025-09-18 20:43:43 374][9836254][INF][P0x7f11][T0x7f28][CIVW.cpp][AddAllRes][6948] Add Resource new: scene=8, result=10102
[2025-09-18 20:43:43 374][9836254][ERR][P0x7f11][T0x7f28][CIVW.cpp][LoadRes][2920] CIVW::LoadRes(): Fail to open file(/mnt/vendor/vr/res/MVWRes/FirstRes/ResMandarin/IvwMidCfgKeywordRes/dn_wechat.irf), errno=2!
[2025-09-18 20:43:43 374][9836254][INF][P0x7f11][T0x7f28][CIVW.cpp][AddAllRes][6948] Add Resource new: scene=16, result=10102
[2025-09-18 20:43:43 374][9836254][ERR][P0x7f11][T0x7f28][CIVW.cpp][LoadRes][2920] CIVW::LoadRes(): Fail to open file(/mnt/vendor/vr/res/MVWRes/FirstRes/ResMandarin/IvwMidCfgKeywordRes/dn_volume.irf), errno=2!
[2025-09-18 20:43:43 374][9836254][INF][P0x7f11][T0x7f28][CIVW.cpp][AddAllRes][6948] Add Resource new: scene=32, result=10102
[2025-09-18 20:43:43 374][9836254][ERR][P0x7f11][T0x7f28][CIVW.cpp][LoadRes][2920] CIVW::LoadRes(): Fail to open file(/mnt/vendor/vr/res/MVWRes/FirstRes/ResMandarin/IvwMidCfgKeywordRes/dn_aircontrol.irf), errno=2!
[2025-09-18 20:43:43 374][9836254][INF][P0x7f11][T0x7f28][CIVW.cpp][AddAllRes][6948] Add Resource new: scene=64, result=10102
[2025-09-18 20:43:43 374][9836254][ERR][P0x7f11][T0x7f28][CIVW.cpp][LoadRes][2920] CIVW::LoadRes(): Fail to open file(/mnt/vendor/vr/res/MVWRes/FirstRes/ResMandarin/IvwMidCfgKeywordRes/dn_photo.irf), errno=2!
[2025-09-18 20:43:43 374][9836254][INF][P0x7f11][T0x7f28][CIVW.cpp][AddAllRes][6948] Add Resource new: scene=128, result=10102
[2025-09-18 20:43:43 374][9836254][ERR][P0x7f11][T0x7f28][CIVW.cpp][LoadRes][2920] CIVW::LoadRes(): Fail to open file(/mnt/vendor/vr/res/MVWRes/FirstRes/ResMandarin/IvwMidCfgKeywordRes/dn_music.irf), errno=2!
[2025-09-18 20:43:43 374][9836254][INF][P0x7f11][T0x7f28][CIVW.cpp][AddAllRes][6948] Add Resource new: scene=256, result=10102
[2025-09-18 20:43:43 374][9836254][ERR][P0x7f11][T0x7f28][CIVW.cpp][LoadRes][2920] CIVW::LoadRes(): Fail to open file(/mnt/vendor/vr/res/MVWRes/FirstRes/ResMandarin/IvwMidCfgKeywordRes/dn_hardware.irf), errno=2!
[2025-09-18 20:43:43 374][9836254][INF][P0x7f11][T0x7f28][CIVW.cpp][AddAllRes][6948] Add Resource new: scene=512, result=10102
[2025-09-18 20:43:43 374][9836254][ERR][P0x7f11][T0x7f28][CIVW.cpp][LoadRes][2920] CIVW::LoadRes(): Fail to open file(/mnt/vendor/vr/res/MVWRes/FirstRes/ResMandarin/IvwMidCfgKeywordRes/dn_radio_music.irf), errno=2!
[2025-09-18 20:43:43 374][9836254][INF][P0x7f11][T0x7f28][CIVW.cpp][AddAllRes][6948] Add Resource new: scene=1024, result=10102
[2025-09-18 20:43:43 375][9836254][ERR][P0x7f11][T0x7f28][CIVW.cpp][LoadRes][2920] CIVW::LoadRes(): Fail to open file(/mnt/vendor/vr/res/MVWRes/FirstRes/ResMandarin/IvwMidCfgKeywordRes/dn_navigation.irf), errno=2!
[2025-09-18 20:43:43 375][9836254][INF][P0x7f11][T0x7f28][CIVW.cpp][AddAllRes][6948] Add Resource new: scene=2048, result=10102
[2025-09-18 20:43:43 375][9836254][ERR][P0x7f11][T0x7f28][CIVW.cpp][LoadRes][2920] CIVW::LoadRes(): Fail to open file(/mnt/vendor/vr/res/MVWRes/FirstRes/ResMandarin/IvwMidCfgKeywordRes/dn_radio_control.irf), errno=2!
[2025-09-18 20:43:43 375][9836254][INF][P0x7f11][T0x7f28][CIVW.cpp][AddAllRes][6948] Add Resource new: scene=4096, result=10102
[2025-09-18 20:43:43 375][9836254][ERR][P0x7f11][T0x7f28][CIVW.cpp][LoadRes][2920] CIVW::LoadRes(): Fail to open file(/mnt/vendor/vr/res/MVWRes/FirstRes/ResMandarin/IvwMidCfgKeywordRes/dn_music_control.irf), errno=2!
[2025-09-18 20:43:43 375][9836254][INF][P0x7f11][T0x7f28][CIVW.cpp][AddAllRes][6948] Add Resource new: scene=8192, result=10102
[2025-09-18 20:43:43 375][9836254][ERR][P0x7f11][T0x7f28][CIVW.cpp][LoadRes][2920] CIVW::LoadRes(): Fail to open file(/mnt/vendor/vr/res/MVWRes/FirstRes/ResMandarin/IvwMidCfgKeywordRes/dn_news.irf), errno=2!
[2025-09-18 20:43:43 375][9836254][INF][P0x7f11][T0x7f28][CIVW.cpp][AddAllRes][6948] Add Resource new: scene=16384, result=10102
[2025-09-18 20:43:43 375][9836254][ERR][P0x7f11][T0x7f28][CIVW.cpp][LoadRes][2920] CIVW::LoadRes(): Fail to open file(/mnt/vendor/vr/res/MVWRes/FirstRes/ResMandarin/IvwMidCfgKeywordRes/dn_recognize_song.irf), errno=2!
[2025-09-18 20:43:43 375][9836254][INF][P0x7f11][T0x7f28][CIVW.cpp][AddAllRes][6948] Add Resource new: scene=32768, result=10102
[2025-09-18 20:43:43 375][9836254][ERR][P0x7f11][T0x7f28][CIVW.cpp][LoadRes][2920] CIVW::LoadRes(): Fail to open file(/mnt/vendor/vr/res/MVWRes/FirstRes/ResMandarin/IvwMidCfgKeywordRes/dn_restaurant.irf), errno=2!
[2025-09-18 20:43:43 375][9836254][INF][P0x7f11][T0x7f28][CIVW.cpp][AddAllRes][6948] Add Resource new: scene=65536, result=10102
[2025-09-18 20:43:43 375][9836254][ERR][P0x7f11][T0x7f28][CIVW.cpp][LoadRes][2920] CIVW::LoadRes(): Fail to open file(/mnt/vendor/vr/res/MVWRes/FirstRes/ResMandarin/IvwMidCfgKeywordRes/dn_volume.irf), errno=2!
[2025-09-18 20:43:43 375][9836254][INF][P0x7f11][T0x7f28][CIVW.cpp][AddAllRes][6948] Add Resource new: scene=262144, result=10102
[2025-09-18 20:43:43 375][9836254][ERR][P0x7f11][T0x7f28][CIVW.cpp][LoadRes][2920] CIVW::LoadRes(): Fail to open file(/mnt/vendor/vr/res/MVWRes/FirstRes/ResMandarin/IvwMidCfgKeywordRes/dn_system.irf), errno=2!
[2025-09-18 20:43:43 375][9836254][INF][P0x7f11][T0x7f28][CIVW.cpp][AddAllRes][6948] Add Resource new: scene=524288, result=10102
[2025-09-18 20:43:43 375][9836254][ERR][P0x7f11][T0x7f28][CIVW.cpp][LoadRes][2920] CIVW::LoadRes(): Fail to open file(/mnt/vendor/vr/res/MVWRes/FirstRes/ResMandarin/IvwMidCfgKeywordRes/dn_oneshotbak.irf), errno=2!
[2025-09-18 20:43:43 375][9836254][INF][P0x7f11][T0x7f28][CIVW.cpp][AddAllRes][6948] Add Resource new: scene=1048576, result=10102
[2025-09-18 20:43:43 375][9836254][INF][P0x7f11][T0x7f28][CIVW.cpp][AddResId2SceneRelation][2961] AddResId2SceneRelation(): MvwScene is 1, MvwObj is 0xb400007171594ac0
[2025-09-18 20:43:43 375][9836255][INF][P0x7f11][T0x7f28][CIVW.cpp][AddResId2SceneRelation][2961] AddResId2SceneRelation(): MvwScene is 2, MvwObj is 0xb400007171594ac0
[2025-09-18 20:43:43 375][9836255][ERR][P0x7f11][T0x7f28][CIVW.cpp][AddMemoryLoadRes][7303] AddMemoryLoadRes,not found 4 in mapSenceRes
[2025-09-18 20:43:43 375][9836255][ERR][P0x7f11][T0x7f28][CIVW.cpp][AddMemoryLoadRes][7303] AddMemoryLoadRes,not found 8 in mapSenceRes
[2025-09-18 20:43:43 375][9836255][ERR][P0x7f11][T0x7f28][CIVW.cpp][AddMemoryLoadRes][7303] AddMemoryLoadRes,not found 16 in mapSenceRes
[2025-09-18 20:43:43 375][9836255][ERR][P0x7f11][T0x7f28][CIVW.cpp][AddMemoryLoadRes][7303] AddMemoryLoadRes,not found 32 in mapSenceRes
[2025-09-18 20:43:43 375][9836255][ERR][P0x7f11][T0x7f28][CIVW.cpp][AddMemoryLoadRes][7303] AddMemoryLoadRes,not found 64 in mapSenceRes
[2025-09-18 20:43:43 375][9836255][ERR][P0x7f11][T0x7f28][CIVW.cpp][AddMemoryLoadRes][7303] AddMemoryLoadRes,not found 128 in mapSenceRes
[2025-09-18 20:43:43 375][9836255][ERR][P0x7f11][T0x7f28][CIVW.cpp][AddMemoryLoadRes][7303] AddMemoryLoadRes,not found 256 in mapSenceRes
[2025-09-18 20:43:43 375][9836255][ERR][P0x7f11][T0x7f28][CIVW.cpp][AddMemoryLoadRes][7303] AddMemoryLoadRes,not found 512 in mapSenceRes
[2025-09-18 20:43:43 375][9836255][ERR][P0x7f11][T0x7f28][CIVW.cpp][AddMemoryLoadRes][7303] AddMemoryLoadRes,not found 1024 in mapSenceRes
[2025-09-18 20:43:43 375][9836255][ERR][P0x7f11][T0x7f28][CIVW.cpp][AddMemoryLoadRes][7303] AddMemoryLoadRes,not found 2048 in mapSenceRes
[2025-09-18 20:43:43 375][9836255][ERR][P0x7f11][T0x7f28][CIVW.cpp][AddMemoryLoadRes][7303] AddMemoryLoadRes,not found 4096 in mapSenceRes
[2025-09-18 20:43:43 375][9836255][ERR][P0x7f11][T0x7f28][CIVW.cpp][AddMemoryLoadRes][7303] AddMemoryLoadRes,not found 8192 in mapSenceRes
[2025-09-18 20:43:43 375][9836255][ERR][P0x7f11][T0x7f28][CIVW.cpp][AddMemoryLoadRes][7303] AddMemoryLoadRes,not found 16384 in mapSenceRes
[2025-09-18 20:43:43 375][9836255][ERR][P0x7f11][T0x7f28][CIVW.cpp][AddMemoryLoadRes][7303] AddMemoryLoadRes,not found 32768 in mapSenceRes
[2025-09-18 20:43:43 375][9836255][ERR][P0x7f11][T0x7f28][CIVW.cpp][AddMemoryLoadRes][7303] AddMemoryLoadRes,not found 65536 in mapSenceRes
[2025-09-18 20:43:43 375][9836255][ERR][P0x7f11][T0x7f28][CIVW.cpp][AddMemoryLoadRes][7303] AddMemoryLoadRes,not found 262144 in mapSenceRes
[2025-09-18 20:43:43 375][9836255][ERR][P0x7f11][T0x7f28][CIVW.cpp][AddMemoryLoadRes][7303] AddMemoryLoadRes,not found 524288 in mapSenceRes
[2025-09-18 20:43:43 375][9836255][ERR][P0x7f11][T0x7f28][CIVW.cpp][AddMemoryLoadRes][7303] AddMemoryLoadRes,not found 1048576 in mapSenceRes
[2025-09-18 20:43:43 375][9836255][INF][P0x7f11][T0x7f28][CIVW.cpp][AddResourceAll][7103] Before wIvwResourceSetParameter(), ThresholdLevel: 
[2025-09-18 20:43:43 375][9836255][INF][P0x7f11][T0x7f28][CIVW.cpp][AddResourceAll][7109] wIvwResourceGetParameter:wres_keyword_ncm=你好奥迪, id: 0, nCm: 1600
heyaudi, id: 1, nCm: 1535
, ret=0
[2025-09-18 20:43:43 375][9836255][INF][P0x7f11][T0x7f28][CIVW.cpp][AddResourceAll][7119] After Set KeyWordsThresholdLevel: 你好奥迪, id: 0, nCm: 1600
heyaudi, id: 1, nCm: 1535
[2025-09-18 20:43:43 375][9836255][INF][P0x7f11][T0x7f28][CIVW.cpp][AddResourceAll][7103] Before wIvwResourceSetParameter(), ThresholdLevel: 
[2025-09-18 20:43:43 375][9836255][INF][P0x7f11][T0x7f28][CIVW.cpp][AddResourceAll][7109] wIvwResourceGetParameter:wres_keyword_ncm=自定义唤醒词, id: 0, nCm: 685
, ret=0
[2025-09-18 20:43:43 375][9836255][INF][P0x7f11][T0x7f28][CIVW.cpp][AddResourceAll][7119] After Set KeyWordsThresholdLevel: 自定义唤醒词, id: 0, nCm: 685
[2025-09-18 20:43:43 375][9836255][INF][P0x7f11][T0x7f28][CIVW.cpp][ReStartIvwInst][7193] wIvwGetParameter:wdec_param_bThrowAbsorbResult=false, ret=0
[2025-09-18 20:43:43 375][9836255][INF][P0x7f11][T0x7f28][CIVW.cpp][ReStartIvwInst][7211] wIvwGetParameter:wdec_param_nMaxIntervalFrame=500, ret=0
[2025-09-18 20:43:43 375][9836255][INF][P0x7f11][T0x7f28][CIVW.cpp][ReStartIvwInst][7230] wIvwGetParameter:wivw_param_nMultiInstChannel=4, ret=0
[2025-09-18 20:43:43 396][9836276][INF][P0x7f11][T0x7f28][CMVWDataDumper.cpp][InitPcmLog][119] subpath reinit sdcard:/log/Vw/,openmode=2
[2025-09-18 20:43:43 396][9836276][INF][P0x7f11][T0x7f28][CMVWDataDumper.cpp][InitPcmLog][120] subpath strPcmDir:/sdcard/Android/data/com.zone.service.speech/files/iflytek_log/MVW/Vw/,openmode=2
[2025-09-18 20:43:43 396][9836276][INF][P0x7f11][T0x7f28][CMVWDataDumper.cpp][OpenPcmLog][171] subpath here openpcmlog:/log/Vw/
[2025-09-18 20:43:43 396][9836276][INF][P0x7f11][T0x7f28][CMVWDataDumper.cpp][OpenPcmLog][188] log org pcm to file: _org_0xb400007171594ac0,ret=-1
[2025-09-18 20:43:43 397][9836276][INF][P0x7f11][T0x7f28][CMVWDataDumper.cpp][OpenPcmLog][200] log result to file: /data/user_de/10/com.zone.service.speech/vr/iflytek/Active/MVWRes/log/Vw/vw_log_,ret=-1
[2025-09-18 20:43:43 397][9836276][INF][P0x7f11][T0x7f28][CMVWDataDumper.cpp][OpenPcmLog][213] SetLogFileName ret=-1,.pcm
[2025-09-18 20:43:43 397][9836276][INF][P0x7f11][T0x7f28][CMVWDataDumper.cpp][OpenPcmLog][218] log final pcm to file: _final0_0xb400007171594ac0,ret=-1
[2025-09-18 20:43:43 397][9836276][INF][P0x7f11][T0x7f28][CMVWDataDumper.cpp][OpenPcmLog][232] log keyword pcm to file: _keyword0_16k_16bit_1_channel_0xb400007171594ac0,ret=-1
[2025-09-18 20:43:43 397][9836277][INF][P0x7f11][T0x7f28][CMVWDataDumper.cpp][OpenPcmLog][213] SetLogFileName ret=-1,.pcm
[2025-09-18 20:43:43 397][9836277][INF][P0x7f11][T0x7f28][CMVWDataDumper.cpp][OpenPcmLog][218] log final pcm to file: _final1_0xb400007171594ac0,ret=-1
[2025-09-18 20:43:43 397][9836277][INF][P0x7f11][T0x7f28][CMVWDataDumper.cpp][OpenPcmLog][232] log keyword pcm to file: _keyword1_16k_16bit_1_channel_0xb400007171594ac0,ret=-1
[2025-09-18 20:43:43 397][9836277][INF][P0x7f11][T0x7f28][CMVWDataDumper.cpp][OpenPcmLog][213] SetLogFileName ret=-1,.pcm
[2025-09-18 20:43:43 397][9836277][INF][P0x7f11][T0x7f28][CMVWDataDumper.cpp][OpenPcmLog][218] log final pcm to file: _final2_0xb400007171594ac0,ret=-1
[2025-09-18 20:43:43 397][9836277][INF][P0x7f11][T0x7f28][CMVWDataDumper.cpp][OpenPcmLog][232] log keyword pcm to file: _keyword2_16k_16bit_1_channel_0xb400007171594ac0,ret=-1
[2025-09-18 20:43:43 397][9836277][INF][P0x7f11][T0x7f28][CMVWDataDumper.cpp][OpenPcmLog][213] SetLogFileName ret=-1,.pcm
[2025-09-18 20:43:43 397][9836277][INF][P0x7f11][T0x7f28][CMVWDataDumper.cpp][OpenPcmLog][218] log final pcm to file: _final3_0xb400007171594ac0,ret=-1
[2025-09-18 20:43:43 397][9836277][INF][P0x7f11][T0x7f28][CMVWDataDumper.cpp][OpenPcmLog][232] log keyword pcm to file: _keyword3_16k_16bit_1_channel_0xb400007171594ac0,ret=-1
[2025-09-18 20:43:43 397][9836277][INF][P0x7f11][T0x7f28][CMVWDataDumper.cpp][OpenPcmLog][284] log final pcm to file: _ref0_0xb400007171594ac0,ret=-1
[2025-09-18 20:43:43 397][9836277][INF][P0x7f11][T0x7f28][CMVWDataDumper.cpp][OpenPcmLog][298] log getvpr pcm to file: /data/user_de/10/com.zone.service.speech/vr/iflytek/Active/MVWRes/log/Vw/_MSvpr_0xb400007171594ac0, ret=-1
[2025-09-18 20:43:43 397][9836277][INF][P0x7f11][T0x7f28][CMVWDataDumper.cpp][OpenPcmLog][327] log vpr pcm to file: /data/user_de/10/com.zone.service.speech/vr/iflytek/Active/MVWRes/log/Vw/_oneshot_0xb400007171594ac0,ret=-1
[2025-09-18 20:43:43 397][9836277][INF][P0x7f11][T0x7f28][CMVWDataDumper.cpp][OpenLogPcmFile][342] subpath here open :/log/Vw/
[2025-09-18 20:43:43 397][9836277][INF][P0x7f11][T0x7f28][CMVWDataDumper.cpp][OpenLogPcmFile][343] log pcm and result to dir: /data/user_de/10/com.zone.service.speech/vr/iflytek/Active/MVWRes/log/Vw/
[2025-09-18 20:43:43 399][9836279][INF][P0x7f11][T0x7f28][libissms_jni.cpp][Java_com_iflytek_speech_libissms_create][398] create leave
SpeechCore sse engine ready
SpeechAudioService initialize
[2025-09-18 20:43:43 402][9836282][INF][P0x7f11][T0x7f28][libissms_jni.cpp][Java_com_iflytek_speech_libissms_setParam][463] setParam
[2025-09-18 20:43:43 402][9836282][INF][P0x7f11][T0x7f28][issms.cpp][ISSMSSetParam][175] ISSMSSetParam | hISSMSObj = 0xb4000071d15f8410, nModeType = 2, szParam = mvw_aduio_mode,szParamValue = 0,nSRInstIndex = -1
[2025-09-18 20:43:43 402][9836282][INF][P0x7f11][T0x7f28][libissmvw.cpp][ISSMVWSetParam][373] ISSMVWSetParam | hISSMVW = 0xb400007171594ac0, szParam = mvw_aduio_mode, szParamValue = 0
[2025-09-18 20:43:43 402][9836282][INF][P0x7f11][T0x7f28][libissms_jni.cpp][Java_com_iflytek_speech_libissms_setParam][493] setParam leave
SpeechCore wakeup engine ready
[2025-09-18 20:43:43 404][9836283][INF][P0x7f11][T0x7f28][libissms_jni.cpp][Java_com_iflytek_speech_libissms_registerDataCallBack][308] registerDataCallBack
[2025-09-18 20:43:43 404][9836283][INF][P0x7f11][T0x7f28][issms.cpp][ISSMSRegisterDataCallBack][442] ISSMSRegisterDataCallBack | hISSMSObj = 0xb4000071d15f8410, nModuleType = 2, nDataType = 0,pfnMSOnDataProc=0x6fc4b024a0,pUsrArg=0x18ca,nSRInstIndex=-1
[2025-09-18 20:43:43 404][9836283][INF][P0x7f11][T0x7f28][libissmvw.cpp][ISSMVWRegisterDataCallBack][1041] ISSMVWRegisterDataCallBack | hISSMVW = 0xb400007171594ac0, nDataType = 0, pfnMVWOnDataProc = 0x6fc4ae0f6c,pUsrArg = 0xb4000071d15f8410
[2025-09-18 20:43:43 404][9836283][INF][P0x7f11][T0x7f28][libissms_jni.cpp][Java_com_iflytek_speech_libissms_registerDataCallBack][324] leave registerDataCallBack
SpeechDialogueBusinessManager WakeUp service onReady
SpeechDialogueBusinessManager setWakeupConfiguration
SpeechDialogueBusinessManager start wakeup and setting wakeup
runAction method:start
SpeechWakeupService startWakeup for aidl
[2025-09-18 20:43:43 406][9836285][INF][P0x7f11][T0x7f20][libissms_jni.cpp][Java_com_iflytek_speech_libissms_mvwStart][1263] ms mvw start
[2025-09-18 20:43:43 406][9836285][INF][P0x7f11][T0x7f20][issms.cpp][ISSMSMVWStart][874] ISSMSMVWStart | hISSMSObj = 0xb4000071d15f8410, nMvwScene = 1
[2025-09-18 20:43:43 406][9836285][INF][P0x7f11][T0x7f20][libissmvw.cpp][ISSMVWStart][442] ISSMVWStart | hISSMVW = 0xb400007171594ac0, nMvwScene = 1
[2025-09-18 20:43:43 406][9836285][INF][P0x7f11][T0x7f20][CIVW.cpp][Start][3624] Start(): mvw scene is 1 mvw obj is 0xb400007171594ac0
[2025-09-18 20:43:43 406][9836285][INF][P0x7f11][T0x7f20][CIVW.cpp][StartSync][3243] nSceneId is 1, SetUseKeyWord IvwRes id is 2
SpeechEngineAdapter onMSMsgProc_() uMsg = 40011 wParam = 0 iParam =  nIndex = 0
[2025-09-18 20:43:43 406][9836286][INF][P0x7f11][T0x7f20][issmsImpl.cpp][CallBackMsgWithFullLog][544] VAMSImpl::m_pfnMSMsgCallback pUsrArg=0x18b6,nSRInstIndex=0,uMsg=40011,wParam=0,lParam=null
[2025-09-18 20:43:43 406][9836286][INF][P0x7f11][T0x7f20][libissms_jni.cpp][Java_com_iflytek_speech_libissms_mvwStart][1278] ms mvw start leave
SpeechEngineAdapter start wakeup
SpeechEngineAdapter start wakeup success
runAction method:setSpeechWakeupWords
SpeechEngineAdapter setCustomizedWakeupWords()
SpeechEngineAdapter.lambda$setCustomizedWakeupWords$5$com-zone-service-speech-engine-SpeechEngineAdapter(): SpeechEngineAdapter Wakeup words is empty, removeCustomizedWakeupWords
SpeechEngineAdapter stopWakeupScene()
[2025-09-18 20:43:43 408][9836288][INF][P0x7f11][T0x7f20][libissms_jni.cpp][Java_com_iflytek_speech_libissms_mvwStopScene][1407] mvw stopscene
[2025-09-18 20:43:43 408][9836288][INF][P0x7f11][T0x7f20][issms.cpp][ISSMSMVWStopScene][984] ISSMSMVWStopScene | hISSMSObj = 0xb4000071d15f8410, nMvwScene = 2048
[2025-09-18 20:43:43 409][9836288][INF][P0x7f11][T0x7f20][libissmvw.cpp][ISSMVWStopScene][557] ISSMVWStopScene | hISSMVW = 0xb400007171594ac0, nMvwScene = 2048
[2025-09-18 20:43:43 409][9836288][INF][P0x7f11][T0x7f20][CIVW.cpp][Stop][3676] Stop(): mvw scene is 2048 mvw obj is 0xb400007171594ac0
[2025-09-18 20:43:43 409][9836288][INF][P0x7f11][T0x7f20][CIVW.cpp][StopSync][3393] nSceneId is 1, SetUseKeyWord IvwRes id is 2
[2025-09-18 20:43:43 409][9836288][INF][P0x7f11][T0x7f20][libissms_jni.cpp][Java_com_iflytek_speech_libissms_mvwStopScene][1422] mvw stopscene leave
SpeechDialogueBusinessManager oneshot switch = false
runAction method:switchOneshot
SpeechWakeupService switchOneshot enable = 2
[2025-09-18 20:43:43 514][9836394][INF][P0x7f11][T0x7f4a][CAIUIClientMgr.cpp][InitResource][122] AIKIT::getVersion : 2.2.25_rc2
[2025-09-18 20:43:43 514][9836394][INF][P0x7f11][T0x7f4a][CIssSrMgr.cpp][InitAiuiSdk][734] AIKIT InitResource ret: 0
[2025-09-18 20:43:43 514][9836394][INF][P0x7f11][T0x7f4a][SrEngineMgr.cpp][Init][61] ESR Engine type 1
[2025-09-18 20:43:43 526][9836405][INF][P0x7f11][T0x7f4a][SrEngineMgr.cpp][InitRes][124] sm_pEsrMgr->wEsrGetParameter wesr_param_engine_version: ver_1.3.0.0.8, ret: 0
[2025-09-18 20:43:43 603][9836483][INF][P0x7f11][T0x7f4a][SrEngineMgr.cpp][LoadFsaResCommon][385] sm_pEsrMgr->wEsrGetParameter wesr_param_support_fsanum: 32, ret: 0
[2025-09-18 20:43:43 603][9836483][INF][P0x7f11][T0x7f4a][ResLoader.cpp][LoadInnerFromMemory][235] FsaMemManager FsaMemAdd fsa name: Album, len: 8088
[2025-09-18 20:43:43 604][9836483][INF][P0x7f11][T0x7f4a][ResLoader.cpp][LoadInnerFromMemory][235] FsaMemManager FsaMemAdd fsa name: AnswerCall, len: 9816
[2025-09-18 20:43:43 607][9836487][INF][P0x7f11][T0x7f4a][ResLoader.cpp][LoadInnerFromMemory][235] FsaMemManager FsaMemAdd fsa name: App, len: 516124
[2025-09-18 20:43:43 617][9836497][INF][P0x7f11][T0x7f4a][ResLoader.cpp][LoadInnerFromMemory][235] FsaMemManager FsaMemAdd fsa name: Call, len: 207676
[2025-09-18 20:43:43 619][9836499][INF][P0x7f11][T0x7f4a][ResLoader.cpp][LoadInnerFromMemory][235] FsaMemManager FsaMemAdd fsa name: Confirm, len: 7844
[2025-09-18 20:43:43 619][9836499][INF][P0x7f11][T0x7f4a][ResLoader.cpp][LoadInnerFromMemory][235] FsaMemManager FsaMemAdd fsa name: Contacts, len: 1564
[2025-09-18 20:43:43 631][9836511][INF][P0x7f11][T0x7f3f][idas_uploading.cpp][FetchTask][178] fetch_task ret is 0, body is {"code":0,"msg":"请求成功","path":"","data":[],"timestamp":"1758199423343"}.
[2025-09-18 20:43:43 631][9836511][INF][P0x7f11][T0x7f3f][idas_uploading.cpp][FetchTask][206] fetch_task end.
[2025-09-18 20:43:43 652][9836532][INF][P0x7f11][T0x7f46][idas_inl.cpp][channel_fetch_upload_task][539] channel_fetch_upload_task ret 0, respons code 200 response body is {"code":0,"msg":"请求成功","path":"","data":[],"timestamp":"1758199423360"}
[2025-09-18 20:43:43 657][9836537][INF][P0x7f11][T0x7f4a][ResLoader.cpp][LoadInnerFromMemory][235] FsaMemManager FsaMemAdd fsa name: Other, len: 4179252
[2025-09-18 20:43:43 722][9836602][INF][P0x7f11][T0x7f4a][ResLoader.cpp][LoadInnerFromMemory][235] FsaMemManager FsaMemAdd fsa name: Playlist, len: 1687352
[2025-09-18 20:43:43 746][9836626][INF][P0x7f11][T0x7f4a][ResLoader.cpp][LoadInnerFromMemory][235] FsaMemManager FsaMemAdd fsa name: Radio, len: 452876
[2025-09-18 20:43:43 756][9836636][INF][P0x7f11][T0x7f4a][ResLoader.cpp][LoadInnerFromMemory][235] FsaMemManager FsaMemAdd fsa name: Select, len: 769464
[2025-09-18 20:43:43 764][9836644][INF][P0x7f11][T0x7f4a][ResLoader.cpp][LoadInnerFromMemory][235] FsaMemManager FsaMemAdd fsa name: SendNum, len: 7148
[2025-09-18 20:43:43 767][9836647][INF][P0x7f11][T0x7f4a][ResLoader.cpp][LoadInnerFromMemory][235] FsaMemManager FsaMemAdd fsa name: Songs, len: 483836
[2025-09-18 20:43:43 774][9836653][INF][P0x7f11][T0x7f4a][ResLoader.cpp][LoadInnerFromMemory][235] FsaMemManager FsaMemAdd fsa name: Video, len: 94920
[2025-09-18 20:43:43 780][9836659][INF][P0x7f11][T0x7f4a][ResLoader.cpp][LoadInnerFromMemory][235] FsaMemManager FsaMemAdd fsa name: Patch, len: 907980
[2025-09-18 20:43:43 791][9836671][INF][P0x7f11][T0x7f4a][EMNlu.cpp][init][167] iFlyPResBuildInit /mnt/vendor/vr/res/SRRes/ResMandarin/emnlu/bin/aiui_build.cfg.
[2025-09-18 20:43:43 804][9836684][INF][P0x7f11][T0x7f4a][EMNlu.cpp][init][190] NLIInit /mnt/vendor/vr/res/SRRes/ResMandarin/emnlu/bin/aiui_nli.cfg.
SpeechAudioService real startAudioRecoding
SpeechAudioService Handle raw speech audio
[2025-09-18 20:43:44 231][9837111][INF][P0x7f11][T0x7f73][CIssSe.cpp][SeAuthority][1390] ISSAUTHAuthority ret = 0, szCountInfo = {"SoftwareEncryptionCount":10,"SoftwareEncryptionTime":1000}
[25/09/18-20:43:44 238][ERR][Px7f11][Tx93852cb0] mFHv7DhKpWei3v2he8WULZYf83SQqueBpGPBjvGxqk0DHpcpRLn8nxosXQma26iAlO5CLlZEaHZkim/gE6JPgg==
[25/09/18-20:43:44 238][ERR][Px7f11][Tx93852cb0] F7UAgZ3sXrkLbw6uiYBrHGyitCG79ckSh636+hzTIVtEv5eiPRoLHeGKw7qNzGf4gohYixKCvZK1d70g0tnplacm2zREboyGAhPnKNFzBxz7WGEKX89/Iw==
[25/09/18-20:43:44 238][ERR][Px7f11][Tx93852cb0] F7UAgZ3sXrkLbw6uiYBrHBJ6Iucxca8p/me/j3FdZwUrxAVr4c/G7/4tc96VL+XIoghQaQDEph8s6E82PcHK7xxYaR9ruxKB/lx6hhB+FwGltXFpQwY8M//eorM6fAcTTnnYzLgM/F2eszBO8ft+uQ==
[2025-09-18 20:43:44 240][9837120][INF][P0x7f11][T0x7f70][CIVW.cpp][IssVwWorking][4385] IVWLogPrint m_iAppendAudioDataIvw:0,iBufSize:320 logPrintInterval :1000 m_nInputNumForMulIvw:4
[2025-09-18 20:43:44 289][9837169][INF][P0x7f11][T0x7f4a][EMNlu.cpp][loadCustomRes][86] loadCustomRes | szType: contact_name
[2025-09-18 20:43:44 289][9837169][ERR][P0x7f11][T0x7f4a][EMNlu.cpp][uploadCustomRes][480] uploadCustomRes | para res is NULL. ret ISS_ERROR_INVALID_PARA
[2025-09-18 20:43:44 289][9837169][INF][P0x7f11][T0x7f4a][EMNlu.cpp][loadCustomRes][86] loadCustomRes | szType: sceneMode_scene
[2025-09-18 20:43:44 289][9837169][ERR][P0x7f11][T0x7f4a][EMNlu.cpp][uploadCustomRes][480] uploadCustomRes | para res is NULL. ret ISS_ERROR_INVALID_PARA
[2025-09-18 20:43:44 289][9837169][INF][P0x7f11][T0x7f4a][EMNlu.cpp][loadCustomRes][86] loadCustomRes | szType: carControl_habit
[2025-09-18 20:43:44 289][9837169][ERR][P0x7f11][T0x7f4a][EMNlu.cpp][uploadCustomRes][480] uploadCustomRes | para res is NULL. ret ISS_ERROR_INVALID_PARA
[2025-09-18 20:43:44 289][9837169][INF][P0x7f11][T0x7f4a][EMNlu.cpp][loadCustomRes][86] loadCustomRes | szType: music_name
[2025-09-18 20:43:44 289][9837169][ERR][P0x7f11][T0x7f4a][EMNlu.cpp][uploadCustomRes][480] uploadCustomRes | para res is NULL. ret ISS_ERROR_INVALID_PARA
[2025-09-18 20:43:44 289][9837169][INF][P0x7f11][T0x7f4a][EMNlu.cpp][loadCustomRes][86] loadCustomRes | szType: singer_name
[2025-09-18 20:43:44 289][9837169][ERR][P0x7f11][T0x7f4a][EMNlu.cpp][uploadCustomRes][480] uploadCustomRes | para res is NULL. ret ISS_ERROR_INVALID_PARA
[2025-09-18 20:43:44 289][9837169][INF][P0x7f11][T0x7f4a][EMNlu.cpp][loadCustomRes][86] loadCustomRes | szType: album_name
[2025-09-18 20:43:44 289][9837169][ERR][P0x7f11][T0x7f4a][EMNlu.cpp][uploadCustomRes][480] uploadCustomRes | para res is NULL. ret ISS_ERROR_INVALID_PARA
[2025-09-18 20:43:44 289][9837169][INF][P0x7f11][T0x7f4a][EMNlu.cpp][loadCustomRes][86] loadCustomRes | szType: playlist_name
[2025-09-18 20:43:44 289][9837169][ERR][P0x7f11][T0x7f4a][EMNlu.cpp][uploadCustomRes][480] uploadCustomRes | para res is NULL. ret ISS_ERROR_INVALID_PARA
[2025-09-18 20:43:44 289][9837169][INF][P0x7f11][T0x7f4a][EMNlu.cpp][loadCustomRes][86] loadCustomRes | szType: app_name
[2025-09-18 20:43:44 289][9837169][ERR][P0x7f11][T0x7f4a][EMNlu.cpp][uploadCustomRes][480] uploadCustomRes | para res is NULL. ret ISS_ERROR_INVALID_PARA
[2025-09-18 20:43:44 289][9837169][INF][P0x7f11][T0x7f4a][EMNlu.cpp][loadCustomRes][86] loadCustomRes | szType: appLet_name
[2025-09-18 20:43:44 289][9837169][ERR][P0x7f11][T0x7f4a][EMNlu.cpp][uploadCustomRes][480] uploadCustomRes | para res is NULL. ret ISS_ERROR_INVALID_PARA
[2025-09-18 20:43:44 289][9837169][INF][P0x7f11][T0x7f4a][EMNlu.cpp][loadCustomRes][86] loadCustomRes | szType: cmd_speaker
[2025-09-18 20:43:44 289][9837169][ERR][P0x7f11][T0x7f4a][EMNlu.cpp][uploadCustomRes][480] uploadCustomRes | para res is NULL. ret ISS_ERROR_INVALID_PARA
[2025-09-18 20:43:44 289][9837169][INF][P0x7f11][T0x7f4a][EMNlu.cpp][loadCustomRes][86] loadCustomRes | szType: forbidden_name
[2025-09-18 20:43:44 289][9837169][ERR][P0x7f11][T0x7f4a][EMNlu.cpp][uploadCustomRes][480] uploadCustomRes | para res is NULL. ret ISS_ERROR_INVALID_PARA
[2025-09-18 20:43:44 289][9837169][INF][P0x7f11][T0x7f4a][EMNlu.cpp][init][238] Nli::getVersion: 1.0.1245.20250704
[2025-09-18 20:43:44 289][9837169][INF][P0x7f11][T0x7f4a][CIssSrMgr.cpp][Init][290] EMNlu init success
[2025-09-18 20:43:44 289][9837169][INF][P0x7f11][T0x7f4a][CIssSrMgr.cpp][Init][293] EMNlu sessionStart sucess
[2025-09-18 20:43:44 289][9837169][INF][P0x7f11][T0x7f4a][SrCata.cpp][Init][190] libSearchForNli.cfg path : /mnt/vendor/vr/res/SRRes
[2025-09-18 20:43:44 290][9837169][INF][P0x7f11][T0x7f4a][SrCata.cpp][Init][200] CataRes path : /mnt/vendor/vr/res/SRRes/../CataRes
[2025-09-18 20:43:44 364][9837244][INF][P0x7f11][T0x7f4a][CESAD.cpp][InitLibrary][68] LoadLibrary libSemanticVad.so success
[2025-09-18 20:43:44 369][9837249][INF][P0x7f11][T0x7f4a][LocalEdgeIntent.cpp][InitLibrary][76] LoadLibrary libEdgeIntent.so success
[2025-09-18 20:43:44 440][9837320][INF][P0x7f11][T0x7f4a][LocalCover.cpp][ParseDoudiConfig][31] CoverIntent appid is set to 576d9f07.
[2025-09-18 20:43:44 441][9837320][INF][P0x7f11][T0x7f4a][LocalCover.cpp][ParseDoudiConfig][35] CoverIntent version is set to 1.2.3.4.5.6.
[2025-09-18 20:43:44 441][9837320][INF][P0x7f11][T0x7f4a][LocalCover.cpp][ParseDoudiConfig][39] CoverIntent format_version is set to 1.
[2025-09-18 20:43:44 448][9837327][INF][P0x7f11][T0x7f4a][libisssr2.cpp][ISSSR2CreateInstances][82] ISSSR2CreateInstances | nInstsCount[1]
[2025-09-18 20:43:44 449][9837328][INF][P0x7f11][T0x7f4a][CIssSr.cpp][CIssSr][450] m_nInstId[1], CIssSr::CIssSr
[2025-09-18 20:43:44.449241][BaseConfigParser]cfg file /mnt/vendor/vr/res/SRRes/ResMandarin/../AoiCfg.json not found
[2025-09-18 20:43:44 449][9837328][ERR][P0x7f11][T0x7f4a][AoiSemanticMgr.cpp][init][22] AoiToSemanticsMgr init | Invalid Aoi Config file
[2025-09-18 20:43:44 451][9837330][INF][P0x7f11][T0x7f4a][CEvadInterfaceImp.cpp][SetParam][139] vad param: wvad_param_isLstmSubsentenceAutoResetOn, value: true
[2025-09-18 20:43:44 451][9837330][INF][P0x7f11][T0x7f4a][CEvadInterfaceImp.cpp][SetParam][139] vad param: wvad_param_isSilenceAutoResetOn, value: true
[2025-09-18 20:43:44 451][9837330][INF][P0x7f11][T0x7f4a][CEvadInterfaceImp.cpp][SetParam][139] vad param: wvad_param_isSilenceAutoResetSubsentenceOn, value: true
[2025-09-18 20:43:44 451][9837330][INF][P0x7f11][T0x7f4a][CEvadInterfaceImp.cpp][SetParam][139] vad param: wvad_param_isVadDegOn, value: false
[2025-09-18 20:43:44 451][9837330][INF][P0x7f11][T0x7f4a][CEvadInterfaceImp.cpp][SetParam][139] vad param: wvad_param_nEnergyThreshold, value: 10.5
[2025-09-18 20:43:44 451][9837330][INF][P0x7f11][T0x7f4a][CEvadInterfaceImp.cpp][SetParam][139] vad param: wvad_param_nSilenceAutoReset_WinSize, value: 250
[2025-09-18 20:43:44 451][9837330][INF][P0x7f11][T0x7f4a][CEvadInterfaceImp.cpp][SetParam][139] vad param: wvad_param_vad_responsetimeout, value: 999999999
[2025-09-18 20:43:44 451][9837330][INF][P0x7f11][T0x7f4a][CEvadInterfaceImp.cpp][SetParam][139] vad param: wvad_param_vad_speechend, value: 9999999
[2025-09-18 20:43:44 451][9837330][INF][P0x7f11][T0x7f4a][CEvadInterfaceImp.cpp][SetParam][139] vad param: wvad_param_vad_threshold, value: 0.123
[2025-09-18 20:43:44 451][9837331][INF][P0x7f11][T0x7f9d][CVAD.cpp][WorkingProc][508] CVAD::VadWorking VAThreadSetPriority(-19) ret 0.
[2025-09-18 20:43:44 452][9837332][INF][P0x7f11][T0x7f4a][CIAT.cpp][CIAT][129] Log dir: /data/user_de/10/com.zone.service.speech/vr/iflytek/Active/SRRes/ResMandarin/log/Msc/.
[2025-09-18 20:43:44 452][9837332][INF][P0x7f11][T0x7f4a][CAIUIClientMgr.cpp][AddAIUIClientPointer][287] CAIUIClientMgr::AddAIUIClientPointer | pThis = 0xb4000071715f3a00
[2025-09-18 20:43:44 452][9837332][INF][P0x7f11][T0x7f4a][CAIUIClientMgr.cpp][EnableCallback][280] CAIUIClientMgr::EnableCallback | m_bEnableCallback = true
[2025-09-18 20:43:44 453][9837332][INF][P0x7f11][T0x7f4a][CAIUIClientMgr.cpp][AddAIUIClientPointer][287] CAIUIClientMgr::AddAIUIClientPointer | pThis = 0xb4000071715f6d80
[2025-09-18 20:43:44 453][9837332][INF][P0x7f11][T0x7f4a][CIssSr.cpp][ProcessIatMsg][2246] ISS_SR_MSG_AIUIGetUid, wParam=0, lParam=4633d6d10c0d66fcf458dce073b688_1
SpeechEngineAdapter onMSMsgProc_() uMsg = 20059 wParam = 0 iParam = 4633d6d10c0d66fcf458dce073b688_1 nIndex = 1
[2025-09-18 20:43:44 453][9837333][INF][P0x7f11][T0x7f4a][issmsImpl.cpp][CallBackMsgWithFullLog][544] VAMSImpl::m_pfnMSMsgCallback pUsrArg=0x18b6,nSRInstIndex=1,uMsg=20059,wParam=0,lParam=4633d6d10c0d66fcf458dce073b688_1
[2025-09-18 20:43:44 453][9837333][INF][P0x7f11][T0x7f4a][CIssSr.cpp][ProcessIatMsg][2246] ISS_SR_MSG_AIUIGetUid, wParam=0, lParam=4633d6d10c0d66fcf458dce073b688_1
SpeechEngineAdapter onMSMsgProc_() uMsg = 20059 wParam = 0 iParam = 4633d6d10c0d66fcf458dce073b688_1 nIndex = 1
[2025-09-18 20:43:44 453][9837333][INF][P0x7f11][T0x7f4a][issmsImpl.cpp][CallBackMsgWithFullLog][544] VAMSImpl::m_pfnMSMsgCallback pUsrArg=0x18b6,nSRInstIndex=1,uMsg=20059,wParam=0,lParam=4633d6d10c0d66fcf458dce073b688_1
[2025-09-18 20:43:44 453][9837333][INF][P0x7f11][T0x7f9e][CIAT.cpp][WorkingProc][681] CIAT::WorkingProc VAThreadSetPriority(-19) ret 0.
[2025-09-18 20:43:44 454][9837333][INF][P0x7f11][T0x7f4a][CIssSr.cpp][LocalHandleInit][5178] m_nInstId[1], CIssSr::LocalHandleInit
[2025-09-18 20:43:44 454][9837333][INF][P0x7f11][T0x7fa0][CIssSr.cpp][ResultManager][4291] CIssSr::ResultManager VAThreadSetPriority(-19) ret 0.
[2025-09-18 20:43:44 454][9837334][INF][P0x7f11][T0x7fa0][CIssSr.cpp][ResultManager][4297] m_nInstId[1], CIssSr::ResultManager
enter SPWInit
configs is /mnt/vendor/vr/res/SRRes/ResMandarin/poixp/spw_SR.cfg
enter tts_res_init
cfgpath is /mnt/vendor/vr/res/SRRes/ResMandarin/poixp/spw_SR.cfg
open and read cfgpath /mnt/vendor/vr/res/SRRes/ResMandarin/poixp/spw_SR.cfg done
enter load
Spwords::load res_path /mnt/vendor/vr/res/SRRes/ResMandarin/poixp/./dict_res.irf
leave load
leave tts_res_init
sptype is  SR
enter Init
Spwords_SR::Init | config file path is "/mnt/vendor/vr/res/SRRes/ResMandarin/poixp/spw_SR.cfg"
leave Init
leave SPWInit
enter SPWInit
configs is /mnt/vendor/vr/res/SRRes/ResMandarin/poixp/spw_VW.cfg
sptype is  VW
enter Init
Spwords_VW::Init | config file path is "/mnt/vendor/vr/res/SRRes/ResMandarin/poixp/spw_VW.cfg"
leave Init
leave SPWInit
[2025-09-18 20:43:44 468][9837348][INF][P0x7f11][T0x7fa1][Grm.cpp][WorkingProc][429] CGrmBuilder::GrmBuilderProc SetPriority(-19) ret 0.
[2025-09-18 20:43:44 471][9837350][INF][P0x7f11][T0x7fa4][SR.cpp][WorkingProc][862] SR::WorkingProc VAThreadSetPriority(-19) ret 0.
SpeechEngineAdapter onMSMsgProc_() uMsg = 20060 wParam = 0 iParam = 576d9f07 nIndex = 1
[2025-09-18 20:43:44 471][9837350][INF][P0x7f11][T0x7f4a][issmsImpl.cpp][CallBackMsgWithFullLog][544] VAMSImpl::m_pfnMSMsgCallback pUsrArg=0x18b6,nSRInstIndex=1,uMsg=20060,wParam=0,lParam=576d9f07
[2025-09-18 20:43:44 471][9837350][INF][P0x7f11][T0x7f4a][CIssSr.cpp][LocalHandleInit][5250] CIssSr::LocalHandleInit Init Success
[2025-09-18 20:43:44 471][9837351][INF][P0x7f11][T0x7fa5][CIssSr.cpp][LocalNliProcess][4241] m_nInstId[1], CIssSr::LocalNliProcess
[2025-09-18 20:43:44 471][9837351][INF][P0x7f11][T0x7f4a][CVAD.cpp][SetParam][835] CVAD SetParam: chifbeam, value: 1
[2025-09-18 20:43:44 471][9837351][INF][P0x7f11][T0x7f4a][CVAD.cpp][SetParam][843] CVAD Chif: 1
[2025-09-18 20:43:44 471][9837351][INF][P0x7f11][T0x7f4a][CIssSr.cpp][SetVPRGroup][5949] m_nInstId[1], uid(407a44595db3e094aec6a518de5129cf), mode(3).
SpeechEngineAdapter onMSMsgProc_() uMsg = 20000 wParam = 0 iParam = create instant success nIndex = -1
SystemPropertyUtil getRoBuildServerEnv()
SystemPropertyUtil get property type is: ro.vendor.build.server.env, and value is: QA
SpeechEngineAdapter.setAikitUrl(): SpeechEngineAdapter setAikitUrl : [{"aiui":{"url":"wss://speech-zone-uat.mos.csvw.com/xunfei/v4/aiui"}},{"personal":"https://speech-zone-uat.mos.csvw.com/xunfei/personal/upload"},{"aiui_spark":{"url":"wss://speech-zone-uat.mos.csvw.com/xunfei/v4/aiui"}}]
SpeechEngineAdapter setParam() modeType = 1 param = aikit_url paramValue = [{"aiui":{"url":"wss://speech-zone-uat.mos.csvw.com/xunfei/v4/aiui"}},{"personal":"https://speech-zone-uat.mos.csvw.com/xunfei/personal/upload"},{"aiui_spark":{"url":"wss://speech-zone-uat.mos.csvw.com/xunfei/v4/aiui"}}] index = -1
[2025-09-18 20:43:44 473][9837352][INF][P0x7f11][T0x7f4a][libissms_jni.cpp][Java_com_iflytek_speech_libissms_setParam][463] setParam
[2025-09-18 20:43:44 473][9837352][INF][P0x7f11][T0x7f4a][issms.cpp][ISSMSSetParam][175] ISSMSSetParam | hISSMSObj = 0xb4000071d15f8410, nModeType = 1, szParam = aikit_url,szParamValue = [{"aiui":{"url":"wss://speech-zone-uat.mos.csvw.com/xunfei/v4/aiui"}},{"personal":"https://speech-zone-uat.mos.csvw.com/xunfei/personal/upload"},{"aiui_spark":{"url":"wss://speech-zone-uat.mos.csvw.com/xunfei/v4/aiui"}}],nSRInstIndex = -1
[2025-09-18 20:43:44 473][9837352][INF][P0x7f11][T0x7f4a][libisssr2.cpp][ISSSR2SetParam][171] ISSSR2SetParam | nInstIndex[-1], szParam: aikit_url, szParamValue: [{"aiui":{"url":"wss://speech-zone-uat.mos.csvw.com/xunfei/v4/aiui"}},{"personal":"https://speech-zone-uat.mos.csvw.com/xunfei/personal/upload"},{"aiui_spark":{"url":"wss://speech-zone-uat.mos.csvw.com/xunfei/v4/aiui"}}]
[2025-09-18 20:43:44 473][9837352][INF][P0x7f11][T0x7f4a][issmsImpl.cpp][SaveSrParamAndValue][2904] SaveSrParamAndValue | SRInst=-1, strParam = aikit_url, strParamValue=[{"aiui":{"url":"wss://speech-zone-uat.mos.csvw.com/xunfei/v4/aiui"}},{"personal":"https://speech-zone-uat.mos.csvw.com/xunfei/personal/upload"},{"aiui_spark":{"url":"wss://speech-zone-uat.mos.csvw.com/xunfei/v4/aiui"}}]
[2025-09-18 20:43:44 473][9837352][INF][P0x7f11][T0x7f4a][libissms_jni.cpp][Java_com_iflytek_speech_libissms_setParam][493] setParam leave
[2025-09-18 20:43:44 473][9837353][INF][P0x7f11][T0x7f4a][issmsImpl.cpp][CallBackMsgWithFullLog][544] VAMSImpl::m_pfnMSMsgCallback pUsrArg=0x18b6,nSRInstIndex=-1,uMsg=20000,wParam=0,lParam=create instant success
[2025-09-18 20:43:44 473][9837353][INF][P0x7f11][T0x7f4a][CSharedSrMgr.cpp][SRInitProcess][98] ISSSR2CreateInstances success! SRInstNum = 1
[2025-09-18 20:43:44 473][9837353][INF][P0x7f11][T0x7f4a][libisssr2.cpp][ISSSR2SetParam][171] ISSSR2SetParam | nInstIndex[-1], szParam: sr_pattern, szParamValue: single_fulltime
SpeechEngineAdapter sr init completed
SpeechEngineAdapter begin upload dict data...
SELECT * FROM speech_base_table with args null
SpeechEngineAdapter Sr location mode
SpeechEngineAdapter setParam() modeType = 1 param = audiomode paramValue = 0 index = -1
[2025-09-18 20:43:44 492][9837372][INF][P0x7f11][T0x7f34][libissms_jni.cpp][Java_com_iflytek_speech_libissms_setParam][463] setParam
[2025-09-18 20:43:44 492][9837372][INF][P0x7f11][T0x7f34][issms.cpp][ISSMSSetParam][175] ISSMSSetParam | hISSMSObj = 0xb4000071d15f8410, nModeType = 1, szParam = audiomode,szParamValue = 0,nSRInstIndex = -1
[2025-09-18 20:43:44 492][9837372][INF][P0x7f11][T0x7f34][libisssr2.cpp][ISSSR2SetParam][171] ISSSR2SetParam | nInstIndex[-1], szParam: audiomode, szParamValue: 0
[2025-09-18 20:43:44 492][9837372][INF][P0x7f11][T0x7f34][CVAD.cpp][SetParam][835] CVAD SetParam: audiomode, value: 0
[2025-09-18 20:43:44 492][9837372][INF][P0x7f11][T0x7f34][CVAD.cpp][SetParam][839] CVAD audiomode: 0
[2025-09-18 20:43:44 492][9837372][INF][P0x7f11][T0x7f34][issmsImpl.cpp][SaveSrParamAndValue][2904] SaveSrParamAndValue | SRInst=-1, strParam = audiomode, strParamValue=0
[2025-09-18 20:43:44 492][9837372][INF][P0x7f11][T0x7f34][libissms_jni.cpp][Java_com_iflytek_speech_libissms_setParam][493] setParam leave
SELECT * FROM speech_base_table with args null
SpeechEngineAdapter setParam() modeType = 1 param = spark_type paramValue = aiui_40 index = -1
[2025-09-18 20:43:44 494][9837374][INF][P0x7f11][T0x7f34][libissms_jni.cpp][Java_com_iflytek_speech_libissms_setParam][463] setParam
[2025-09-18 20:43:44 494][9837374][INF][P0x7f11][T0x7f34][issms.cpp][ISSMSSetParam][175] ISSMSSetParam | hISSMSObj = 0xb4000071d15f8410, nModeType = 1, szParam = spark_type,szParamValue = aiui_40,nSRInstIndex = -1
[2025-09-18 20:43:44 494][9837374][INF][P0x7f11][T0x7f34][libisssr2.cpp][ISSSR2SetParam][171] ISSSR2SetParam | nInstIndex[-1], szParam: spark_type, szParamValue: aiui_40
[2025-09-18 20:43:44 494][9837374][INF][P0x7f11][T0x7f34][issmsImpl.cpp][SaveSrParamAndValue][2904] SaveSrParamAndValue | SRInst=-1, strParam = spark_type, strParamValue=aiui_40
[2025-09-18 20:43:44 495][9837374][INF][P0x7f11][T0x7f34][libissms_jni.cpp][Java_com_iflytek_speech_libissms_setParam][493] setParam leave
SpeechEngineAdapter setParam() modeType = 1 param = spark_scene paramValue = doubao index = -1
[2025-09-18 20:43:44 495][9837374][INF][P0x7f11][T0x7f34][libissms_jni.cpp][Java_com_iflytek_speech_libissms_setParam][463] setParam
[2025-09-18 20:43:44 495][9837374][INF][P0x7f11][T0x7f34][issms.cpp][ISSMSSetParam][175] ISSMSSetParam | hISSMSObj = 0xb4000071d15f8410, nModeType = 1, szParam = spark_scene,szParamValue = doubao,nSRInstIndex = -1
[2025-09-18 20:43:44 495][9837374][INF][P0x7f11][T0x7f34][libisssr2.cpp][ISSSR2SetParam][171] ISSSR2SetParam | nInstIndex[-1], szParam: spark_scene, szParamValue: doubao
[2025-09-18 20:43:44 495][9837374][INF][P0x7f11][T0x7f34][issmsImpl.cpp][SaveSrParamAndValue][2904] SaveSrParamAndValue | SRInst=-1, strParam = spark_scene, strParamValue=doubao
[2025-09-18 20:43:44 495][9837374][INF][P0x7f11][T0x7f34][libissms_jni.cpp][Java_com_iflytek_speech_libissms_setParam][493] setParam leave
SpeechEngineAdapter setParam() modeType = 0 param = Identifying_sr_mode paramValue = spark index = -1
[2025-09-18 20:43:44 495][9837375][INF][P0x7f11][T0x7f34][libissms_jni.cpp][Java_com_iflytek_speech_libissms_setParam][463] setParam
[2025-09-18 20:43:44 495][9837375][INF][P0x7f11][T0x7f34][issms.cpp][ISSMSSetParam][175] ISSMSSetParam | hISSMSObj = 0xb4000071d15f8410, nModeType = 0, szParam = Identifying_sr_mode,szParamValue = spark,nSRInstIndex = -1
[2025-09-18 20:43:44 495][9837375][INF][P0x7f11][T0x7f34][libissms_jni.cpp][Java_com_iflytek_speech_libissms_setParam][493] setParam leave
SystemPropertyUtil getRoBuildServerEnv()
SystemPropertyUtil get property type is: ro.vendor.build.server.env, and value is: QA
SpeechEngineAdapter setParam() modeType = 1 param = attachparams paramValue = {"nlp_params":{"bIsSecondInteract":false,"enableLongTermMemory":false,"llmEnv":"test","vehicleId":"pp01_default_vin_code","vehicleName":"奥迪E5 Sportback","vehicleType":"Audi_E5_Sportback"}} index = -1
[2025-09-18 20:43:44 497][9837377][INF][P0x7f11][T0x7f34][libissms_jni.cpp][Java_com_iflytek_speech_libissms_setParam][463] setParam
[2025-09-18 20:43:44 497][9837377][INF][P0x7f11][T0x7f34][issms.cpp][ISSMSSetParam][175] ISSMSSetParam | hISSMSObj = 0xb4000071d15f8410, nModeType = 1, szParam = attachparams,szParamValue = {"nlp_params":{"bIsSecondInteract":false,"enableLongTermMemory":false,"llmEnv":"test","vehicleId":"pp01_default_vin_code","vehicleName":"奥迪E5 Sportback","vehicleType":"Audi_E5_Sportback"}},nSRInstIndex = -1
[2025-09-18 20:43:44 497][9837377][INF][P0x7f11][T0x7f34][libisssr2.cpp][ISSSR2SetParam][171] ISSSR2SetParam | nInstIndex[-1], szParam: attachparams, szParamValue: {"nlp_params":{"bIsSecondInteract":false,"enableLongTermMemory":false,"llmEnv":"test","vehicleId":"pp01_default_vin_code","vehicleName":"奥迪E5 Sportback","vehicleType":"Audi_E5_Sportback"}}
[2025-09-18 20:43:44 497][9837377][INF][P0x7f11][T0x7f34][issmsImpl.cpp][SaveSrParamAndValue][2904] SaveSrParamAndValue | SRInst=-1, strParam = attachparams, strParamValue={"nlp_params":{"bIsSecondInteract":false,"enableLongTermMemory":false,"llmEnv":"test","vehicleId":"pp01_default_vin_code","vehicleName":"奥迪E5 Sportback","vehicleType":"Audi_E5_Sportback"}}
[2025-09-18 20:43:44 498][9837377][INF][P0x7f11][T0x7f34][libissms_jni.cpp][Java_com_iflytek_speech_libissms_setParam][493] setParam leave
SpeechEngineAdapter setParam() modeType = 0 param = dialogue_reset paramValue = 1 index = -1
[2025-09-18 20:43:44 498][9837377][INF][P0x7f11][T0x7f34][libissms_jni.cpp][Java_com_iflytek_speech_libissms_setParam][463] setParam
[2025-09-18 20:43:44 498][9837377][INF][P0x7f11][T0x7f34][issms.cpp][ISSMSSetParam][175] ISSMSSetParam | hISSMSObj = 0xb4000071d15f8410, nModeType = 0, szParam = dialogue_reset,szParamValue = 1,nSRInstIndex = -1
[2025-09-18 20:43:44 498][9837377][INF][P0x7f11][T0x7f34][libisssr2.cpp][ISSSR2SetParam][171] ISSSR2SetParam | nInstIndex[-1], szParam: trace_id, szParamValue: null
[2025-09-18 20:43:44 498][9837378][INF][P0x7f11][T0x7f34][libisssr2.cpp][ISSSR2SetParam][171] ISSSR2SetParam | nInstIndex[-1], szParam: sr_pattern, szParamValue: single_fulltime
[2025-09-18 20:43:44 498][9837378][INF][P0x7f11][T0x7f34][MsDialogueManager.cpp][SetIsStatusShareMode][400] SetIsStatusShareMode is 1
[2025-09-18 20:43:44 498][9837378][INF][P0x7f11][T0x7f34][libissms_jni.cpp][Java_com_iflytek_speech_libissms_setParam][493] setParam leave
SpeechDialogueBusinessManager Recognition onReady
registerExtendListener
SpeechDialogueBusinessManager setDialogueConfiguration
SpeechDialogueBusinessManager initDialogueForBasicSpeech
SpeechBaseBusinessManager init
notify calibrated
registerKeyEventListener code [516]
RecognitionService Time calibration notice！
SpeechDialogueBusinessManager initDialogueForBusiness
SpeechNluTaskManager init mIsInit = true
IMateAdapter.setIMateEnable(): IMateAdapter setIMateEnable = true
DSM updateDelayListeningTimeout = 15000
DSM-UnavailableState Try to exit unavailable state
DSM-UnavailableState onChangeState scene = INIT_SCENE
DSM-UnavailableState power state = -1
DSM Exit UnavailableState
DSM-IdleState Enter IdleState
DSM clearAllListeningTimeout
VehicleAccountAdapter registerAccountStatusListener
registerListener: listener==com.zone.service.speech.dialogue.base.fota.SpeechFotaManager$1@64c1e4
registerListener: listener==com.zone.service.speech.dialogue.base.fota.SpeechFotaManager$1@64c1e4
FotaManager startFindService  fota version = 1.0.12
ScreenSaverAdapter addScreenSaverCallBack callback = com.zone.service.speech.dialogue.base.SpeechBaseBusinessManager$5@852364d
ScreenSaverAdapter init()
VehicleAudioFocusAdapter abandonAudioFocus
runAction method:stopRecognizing
RecognitionService stop
RecognitionService No running task, skip stop
NetworkConnectivityAdapter isNetworkAvailable isNetworkType = 2
DSM-IdleState disable active sr
DSM notifyStateChanged start state = STATE_IDLE
SpeechHmiManager notifySpeechStateChange = STATE_IDLE area = 1
RecognitionService SemanticInitRunnable run...
[DisplayManager][notifyVrPos]pos:1
SemanticDataManager begin init SemanticData...
[DisplayManager][displayAction]start:false business:VR action:IDLE listener:com.zone.api.imate.display.DisplayManager$1@76ec3c1
IMateAdapter showAsrText isFinalNlu = false, content = 
VehicleConfigAdapter getVinCodeAsync
SpeechBaseBusinessManager.init(): SpeechBaseBusinessManager onChange() android.provider.Settings$SettingNotFoundException: zone_clean_mode
VehicleConfigAdapter send message success
SystemPropertyUtil getRoBuildServerEnv()
getVehicleConfig key: VehCfg_SW_VinCode
SystemPropertyUtil get property type is: ro.vendor.build.server.env, and value is: QA
SystemPropertyUtil getRoBuildServerEnv()
SystemPropertyUtil get property type is: ro.vendor.build.server.env, and value is: QA
SystemPropertyUtil getRoBuildServerEnv()
SystemPropertyUtil get property type is: ro.vendor.build.server.env, and value is: QA
SpeechUploadDataService match domain = media
[DisplayManager][displayAsrText]{"text":"","type":1}
convertToVehicleConfigValue: key[VehCfg_SW_VinCode], type[4], result[0], option[]
SpeechUploadDataService filterListeners = [{"domains":["media"],"package":"com.zone.service.mediacenter"}]
convertToVehicleConfigValue: valueString[]
SpeechUploadDataService infoRequestListener = com.zone.api.speech.IInfoRequestListener$Stub$Proxy@d560ca8
VehicleConfigAdapter$LocalHandler.lambda$getVinCode$1$com-zone-service-speech-base-VehicleConfigAdapter$LocalHandler(): VehicleConfigAdapter getVinCode failed!
SystemPropertyUtil getVinCode()
SystemPropertyUtil get property type is: persist.vincode, and value is: 
SpeechCore Init sr duration(ms) = 5
TtsPromptPlaybackManager onStateChange = STATE_IDLE
SpeechTaskRouter stopTimer
DSM notifyStateChanged end
SystemPropertyUtil set property type is: vendor.speechservice.ready, and value is: true
SemanticCloud handleSemanticSource call the parameter{"applicationName":"speechService","applicationVersion":"V1.0","resources":[{"resourceName":"customizeOemData_audi_UP.json","resourceVersion":"0","version":0},{"resourceName":"customizeSemanticData_UP.json","resourceVersion":"0","version":0},{"resourceName":"customizeSlotData_UP.json","resourceVersion":"0","version":0}]}
SemanticDataManager begin preLoadSemantic..
SemanticFileDataUtils preLoadSemantic start..
SpeechUtils Found file with prefix: customizeOem20250918190945
--> NetworkLog: --> POST https://speech-pre.z-onesoftware.com/speech/resource/checkResourceStatus http/1.1
NetworkLog: Content-Type: application/json
NetworkLog: Content-Length: 322
NetworkLog: Accept: application/json
NetworkLog: Origin: https://speech-pre.z-onesoftware.com
NetworkLog: applicationName: dataSynchronized
NetworkLog: applicationVersion: V1.0.0_audi
NetworkLog: deviceId: test123
NetworkLog: zone-x-appkey: 10ed26a8ba686625926bf237555c68d3
NetworkLog: zone-x-cid: testVin123
NetworkLog: zone-x-model: normal
NetworkLog: zone-x-nonce: 786c72853b934088bce3830bd384a565
NetworkLog: zone-x-service-SpeechService: 45
NetworkLog: zone-x-service-XunFeiSDK: 102100
NetworkLog: zone-x-sign: 9o96au2vOuiIQQ2KPeEvJpWhijHlQWdlIKDg3i8jcDw=
NetworkLog: zone-x-source: vehicle
NetworkLog: zone-x-timestamp: 1758199424506
NetworkLog: zone-x-v: v1.0
NetworkLog: 
NetworkLog: {"applicationName":"speechService","applicationVersion":"V1.0","resources":[{"resourceName":"customizeOemData_audi_UP.json","resourceVersion":"0","version":0},{"resourceName":"customizeSemanticData_UP.json","resourceVersion":"0","version":0},{"resourceName":"customizeSlotData_UP.json","resourceVersion":"0","version":0}]}
NetworkLog: --> END POST (322-byte body)
--> POST https://speech-pre.z-onesoftware.com/speech/resource/checkResourceStatus http/1.1
Content-Type: application/json
Content-Length: 322
Accept: application/json
Origin: https://speech-pre.z-onesoftware.com
applicationName: dataSynchronized
applicationVersion: V1.0.0_audi
deviceId: test123
zone-x-appkey: 10ed26a8ba686625926bf237555c68d3
zone-x-cid: testVin123
zone-x-model: normal
zone-x-nonce: 786c72853b934088bce3830bd384a565
zone-x-service-SpeechService: 45
zone-x-service-XunFeiSDK: 102100
zone-x-sign: 9o96au2vOuiIQQ2KPeEvJpWhijHlQWdlIKDg3i8jcDw=
zone-x-source: vehicle
zone-x-timestamp: 1758199424506
zone-x-v: v1.0
{"applicationName":"speechService","applicationVersion":"V1.0","resources":[{"resourceName":"customizeOemData_audi_UP.json","resourceVersion":"0","version":0},{"resourceName":"customizeSemanticData_UP.json","resourceVersion":"0","version":0},{"resourceName":"customizeSlotData_UP.json","resourceVersion":"0","version":0}]}
--> END POST (322-byte body)
[25/09/18-20:43:44 676][ERR][Px7f11][Tx93852cb0] VlQB0s3EQcMtyu/veZbZyQOw4usoJCiwlZd1OyYhO4pRwpiLIRx/ROGKw7qNzGf4t2Y+ztd4Wk8nwP+N7pTc9hgNy20/XMbS
SpeechUtils Found file with prefix: semanticSource20250918192812
<-- 200 OK https://speech-pre.z-onesoftware.com/speech/resource/checkResourceStatus (435ms)
Date: Thu, 18 Sep 2025 12:43:44 GMT
Content-Type: application/json
Transfer-Encoding: chunked
Connection: keep-alive
Access-Control-Allow-Origin: *
Access-Control-Expose-Headers: traceresponse
Access-Control-Expose-Headers: x-br-response
traceresponse: 00-5f14174b0edf6bf710d93c27dbc49554-6ff260b4e240bae7-00
Access-Control-Expose-Headers: traceresponse
Access-Control-Expose-Headers: x-br-response
x-br-response: sn=c3BlZWNoLWdhdGV3YXkuYmFzZS5wcmU=,si=1095
X-Kong-Upstream-Latency: 47
X-Kong-Proxy-Latency: 0
X-Frame-Options: SAMEORIGIN
Cache-Control: no-cache
X-Content-Type-Options: nosniff
Strict-Transport-Security: max-age=63072000
x-via: 1.1 PS-HFE-01fcS147:1 (Cdn Cache Server V2.0), 1.1 PS-SHA-01rMa77:24 (Cdn Cache Server V2.0)
x-ws-request-id: 68cbfe80_PS-SHA-01rMa77_15976-51563
{"code":200,"message":"成功","result":[],"updateResource":false}
<-- END HTTP (66-byte body)
NetworkLog: <-- 200 OK https://speech-pre.z-onesoftware.com/speech/resource/checkResourceStatus (438ms)
NetworkLog: Date: Thu, 18 Sep 2025 12:43:44 GMT
NetworkLog: Content-Type: application/json
NetworkLog: Transfer-Encoding: chunked
NetworkLog: Connection: keep-alive
NetworkLog: Access-Control-Allow-Origin: *
NetworkLog: Access-Control-Expose-Headers: traceresponse
NetworkLog: Access-Control-Expose-Headers: x-br-response
NetworkLog: traceresponse: 00-5f14174b0edf6bf710d93c27dbc49554-6ff260b4e240bae7-00
NetworkLog: Access-Control-Expose-Headers: traceresponse
NetworkLog: Access-Control-Expose-Headers: x-br-response
NetworkLog: x-br-response: sn=c3BlZWNoLWdhdGV3YXkuYmFzZS5wcmU=,si=1095
NetworkLog: X-Kong-Upstream-Latency: 47
NetworkLog: X-Kong-Proxy-Latency: 0
NetworkLog: X-Frame-Options: SAMEORIGIN
NetworkLog: Cache-Control: no-cache
NetworkLog: X-Content-Type-Options: nosniff
NetworkLog: Strict-Transport-Security: max-age=63072000
NetworkLog: x-via: 1.1 PS-HFE-01fcS147:1 (Cdn Cache Server V2.0), 1.1 PS-SHA-01rMa77:24 (Cdn Cache Server V2.0)
NetworkLog: x-ws-request-id: 68cbfe80_PS-SHA-01rMa77_15976-51563
NetworkLog: 
--> NetworkLog: {"code":200,"message":"成功","result":[],"updateResource":false}
NetworkLog: <-- END HTTP (66-byte body)
SemanticCloud fsaVersionResult: okhttp3.ResponseBody$1@7ce205
SemanticDataManager$1.onSuccess(): SemanticDataManager handleSemanticSource page:  cloudData=fsaVersionResult: 
upload assist recognition data:{"grm":[{"dictcontant":[{"car_status":"{\"request_id\":\"a85862e27f104d48bc15ea9e18af56fd\",\"request_type\":\"full\",\"resource_value\":[{\"id\":\"6252812a495647ea96834fe08d5c256e\",\"subresource\":[{\"vehicle_id\":\"pp01_default_vin_code\"}]}],\"vehicle_id\":\"pp01_default_vin_code\"}"}],"dictname":"car_status"}]}
VehicleAccountAdapter registerAccountStatusListener
SpeechEngineAdapter dict take i:1
isVehicleOwnerAccount mAccountManager = com.zone.api.usercenter.AccountHelper@2394203
isServiceReady: true
Start get the account role
getAccountType
SystemPropertyUtil getRoBuildServerEnv()
getAccountType
checkServiceIsReady
SystemPropertyUtil get property type is: ro.vendor.build.server.env, and value is: QA
SystemPropertyUtil getRoBuildServerEnv()
SystemPropertyUtil get property type is: ro.vendor.build.server.env, and value is: QA
SystemPropertyUtil getRoBuildServerEnv()
SystemPropertyUtil get property type is: ro.vendor.build.server.env, and value is: QA
SpeechEngineAdapter headers = {Origin=https://speech-zone-uat.mos.csvw.com, zone-x-appkey=10ed26a8ba686625926bf237555c68d3, zone-x-cid=pp01_default_vin_code, zone-x-model=normal, zone-x-nonce=1a400bd51cc04443b3642b98113cdd85, zone-x-service-SpeechService=45, zone-x-service-XunFeiSDK=102100, zone-x-sign=U1vtivizOcEy5NYJ8v5P8ceW6ci/nalV0uOsLXH6c+Y=, zone-x-source=vehicle, zone-x-timestamp=1758199425143, zone-x-v=v1.0}
Get the account role type = 0
SpeechCore Init duration(ms) = 19
SpeechEngineAdapter setParam() modeType = 1 param = PersonalAuthInfo paramValue = {"aiui":"&zoneauth=eyJPcmlnaW4iOiJodHRwczovL3NwZWVjaC16b25lLXVhdC5tb3MuY3N2dy5jb20iLCJ6b25lLXgtYXBwa2V5IjoiMTBlZDI2YThiYTY4NjYyNTkyNmJmMjM3NTU1YzY4ZDMiLCJ6b25lLXgtY2lkIjoicHAwMV9kZWZhdWx0X3Zpbl9jb2RlIiwiem9uZS14LW1vZGVsIjoibm9ybWFsIiwiem9uZS14LW5vbmNlIjoiMWE0MDBiZDUxY2MwNDQ0M2IzNjQyYjk4MTEzY2RkODUiLCJ6b25lLXgtc2VydmljZS1TcGVlY2hTZXJ2aWNlIjoiNDUiLCJ6b25lLXgtc2VydmljZS1YdW5GZWlTREsiOiIxMDIxMDAiLCJ6b25lLXgtc2lnbiI6IlUxdnRpdml6T2NFeTVOWUo4djVQOGNlVzZjaS9uYWxWMHVPc0xYSDZjK1lcdTAwM2QiLCJ6b25lLXgtc291cmNlIjoidmVoaWNsZSIsInpvbmUteC10aW1lc3RhbXAiOiIxNzU4MTk5NDI1MTQzIiwiem9uZS14LXYiOiJ2MS4wIn0="} index = -1
[2025-09-18 20:43:45 145][9838025][INF][P0x7f11][T0x7f3a][libissms_jni.cpp][Java_com_iflytek_speech_libissms_setParam][463] setParam
[2025-09-18 20:43:45 145][9838025][INF][P0x7f11][T0x7f3a][issms.cpp][ISSMSSetParam][175] ISSMSSetParam | hISSMSObj = 0xb4000071d15f8410, nModeType = 1, szParam = PersonalAuthInfo,szParamValue = {"aiui":"&zoneauth=eyJPcmlnaW4iOiJodHRwczovL3NwZWVjaC16b25lLXVhdC5tb3MuY3N2dy5jb20iLCJ6b25lLXgtYXBwa2V5IjoiMTBlZDI2YThiYTY4NjYyNTkyNmJmMjM3NTU1YzY4ZDMiLCJ6b25lLXgtY2lkIjoicHAwMV9kZWZhdWx0X3Zpbl9jb2RlIiwiem9uZS14LW1vZGVsIjoibm9ybWFsIiwiem9uZS14LW5vbmNlIjoiMWE0MDBiZDUxY2MwNDQ0M2IzNjQyYjk4MTEzY2RkODUiLCJ6b25lLXgtc2VydmljZS1TcGVlY2hTZXJ2aWNlIjoiNDUiLCJ6b25lLXgtc2VydmljZS1YdW5GZWlTREsiOiIxMDIxMDAiLCJ6b25lLXgtc2lnbiI6IlUxdnRpdml6T2NFeTVOWUo4djVQOGNlVzZjaS9uYWxWMHVPc0xYSDZjK1lcdTAwM2QiLCJ6b25lLXgtc291cmNlIjoidmVoaWNsZSIsInpvbmUteC10aW1lc3RhbXAiOiIxNzU4MTk5NDI1MTQzIiwiem9uZS14LXYiOiJ2MS4wIn0="},nSRInstIndex = -1
[2025-09-18 20:43:45 145][9838025][INF][P0x7f11][T0x7f3a][libisssr2.cpp][ISSSR2SetParam][171] ISSSR2SetParam | nInstIndex[-1], szParam: PersonalAuthInfo, szParamValue: {"aiui":"&zoneauth=eyJPcmlnaW4iOiJodHRwczovL3NwZWVjaC16b25lLXVhdC5tb3MuY3N2dy5jb20iLCJ6b25lLXgtYXBwa2V5IjoiMTBlZDI2YThiYTY4NjYyNTkyNmJmMjM3NTU1YzY4ZDMiLCJ6b25lLXgtY2lkIjoicHAwMV9kZWZhdWx0X3Zpbl9jb2RlIiwiem9uZS14LW1vZGVsIjoibm9ybWFsIiwiem9uZS14LW5vbmNlIjoiMWE0MDBiZDUxY2MwNDQ0M2IzNjQyYjk4MTEzY2RkODUiLCJ6b25lLXgtc2VydmljZS1TcGVlY2hTZXJ2aWNlIjoiNDUiLCJ6b25lLXgtc2VydmljZS1YdW5GZWlTREsiOiIxMDIxMDAiLCJ6b25lLXgtc2lnbiI6IlUxdnRpdml6T2NFeTVOWUo4djVQOGNlVzZjaS9uYWxWMHVPc0xYSDZjK1lcdTAwM2QiLCJ6b25lLXgtc291cmNlIjoidmVoaWNsZSIsInpvbmUteC10aW1lc3RhbXAiOiIxNzU4MTk5NDI1MTQzIiwiem9uZS14LXYiOiJ2MS4wIn0="}
[2025-09-18 20:43:45 145][9838025][INF][P0x7f11][T0x7f3a][issmsImpl.cpp][SaveSrParamAndValue][2904] SaveSrParamAndValue | SRInst=-1, strParam = PersonalAuthInfo, strParamValue={"aiui":"&zoneauth=eyJPcmlnaW4iOiJodHRwczovL3NwZWVjaC16b25lLXVhdC5tb3MuY3N2dy5jb20iLCJ6b25lLXgtYXBwa2V5IjoiMTBlZDI2YThiYTY4NjYyNTkyNmJmMjM3NTU1YzY4ZDMiLCJ6b25lLXgtY2lkIjoicHAwMV9kZWZhdWx0X3Zpbl9jb2RlIiwiem9uZS14LW1vZGVsIjoibm9ybWFsIiwiem9uZS14LW5vbmNlIjoiMWE0MDBiZDUxY2MwNDQ0M2IzNjQyYjk4MTEzY2RkODUiLCJ6b25lLXgtc2VydmljZS1TcGVlY2hTZXJ2aWNlIjoiNDUiLCJ6b25lLXgtc2VydmljZS1YdW5GZWlTREsiOiIxMDIxMDAiLCJ6b25lLXgtc2lnbiI6IlUxdnRpdml6T2NFeTVOWUo4djVQOGNlVzZjaS9uYWxWMHVPc0xYSDZjK1lcdTAwM2QiLCJ6b25lLXgtc291cmNlIjoidmVoaWNsZSIsInpvbmUteC10aW1lc3RhbXAiOiIxNzU4MTk5NDI1MTQzIiwiem9uZS14LXYiOiJ2MS4wIn0="}
[2025-09-18 20:43:45 145][9838025][INF][P0x7f11][T0x7f3a][libissms_jni.cpp][Java_com_iflytek_speech_libissms_setParam][493] setParam leave
[2025-09-18 20:43:45 145][9838025][INF][P0x7f11][T0x7f3a][libissms_jni.cpp][Java_com_iflytek_speech_libissms_srUploadDict][750] srUploadDict
[2025-09-18 20:43:45 145][9838025][INF][P0x7f11][T0x7f3a][issms.cpp][ISSMSSRUpLoadDict][543] ISSMSSRUpLoadDict | hISSMSObj = 0xb4000071d15f8410, szList = {"grm":[{"dictcontant":[{"car_status":"{\"request_id\":\"a85862e27f104d48bc15ea9e18af56fd\",\"request_type\":\"full\",\"resource_value\":[{\"id\":\"6252812a495647ea96834fe08d5c256e\",\"subresource\":[{\"vehicle_id\":\"pp01_default_vin_code\"}]}],\"vehicle_id\":\"pp01_default_vin_code\"}"}],"dictname":"car_status"}]}, iUpLoadMode = 0, nSRInstIndex=-1
[2025-09-18 20:43:45 145][9838025][INF][P0x7f11][T0x7f3a][libisssr2.cpp][ISSSR2UpLoadDict][316] ISSSR2UpLoadDict | nInstIndex[-1], nUploadMode: 0
[2025-09-18 20:43:45 145][9838025][INF][P0x7f11][T0x7f3a][CIssSr.cpp][UpLoadDict][3841] strList: {"grm":[{"dictcontant":[{"car_status":"{\"request_id\":\"a85862e27f104d48bc15ea9e18af56fd\",\"request_type\":\"full\",\"resource_value\":[{\"id\":\"6252812a495647ea96834fe08d5c256e\",\"subresource\":[{\"vehicle_id\":\"pp01_default_vin_code\"}]}],\"vehicle_id\":\"pp01_default_vin_code\"}"}],"dictname":"car_status"}]}
[2025-09-18 20:43:45 145][9838025][WAN][P0x7f11][T0x7f3a][MscUploadDict.cpp][Parser][52] parse beamIndex error,ret(0)
[2025-09-18 20:43:45 145][9838025][WAN][P0x7f11][T0x7f3a][MscUploadDict.cpp][Parser][60] parse grmId error,ret(0)
[2025-09-18 20:43:45 145][9838025][ERR][P0x7f11][T0x7f3a][MscUploadDict.cpp][GetDictContent][125] CloudDict can not find dictname(app).
[2025-09-18 20:43:45 145][9838025][ERR][P0x7f11][T0x7f3a][MscUploadDict.cpp][GetDictContent][125] CloudDict can not find dictname(applet).
[2025-09-18 20:43:45 145][9838025][ERR][P0x7f11][T0x7f3a][MscUploadDict.cpp][GetDictContent][125] CloudDict can not find dictname(contact).
[2025-09-18 20:43:45 145][9838025][ERR][P0x7f11][T0x7f3a][MscUploadDict.cpp][GetDictContent][125] CloudDict can not find dictname(habit).
[2025-09-18 20:43:45 145][9838025][ERR][P0x7f11][T0x7f3a][MscUploadDict.cpp][GetDictContent][125] CloudDict can not find dictname(poi).
[2025-09-18 20:43:45 145][9838025][ERR][P0x7f11][T0x7f3a][MscUploadDict.cpp][GetDictContent][125] CloudDict can not find dictname(scene).
[2025-09-18 20:43:45 145][9838025][ERR][P0x7f11][T0x7f3a][MscUploadDict.cpp][GetDictContent][125] CloudDict can not find dictname(speaker).
[2025-09-18 20:43:45 145][9838025][ERR][P0x7f11][T0x7f3a][MscUploadDict.cpp][GetDictContent][125] CloudDict can not find dictname(video).
[2025-09-18 20:43:45 145][9838025][ERR][P0x7f11][T0x7f3a][MscUploadDict.cpp][GetDictContent][125] CloudDict can not find dictname(wechat).
[2025-09-18 20:43:45 145][9838025][INF][P0x7f11][T0x7f3a][libissms_jni.cpp][Java_com_iflytek_speech_libissms_srUploadDict][773] srUploadDict leave
SpeechEngineAdapter upload customized data result == 0, uploadData = {"grm":[{"dictcontant":[{"car_status":"{\"request_id\":\"a85862e27f104d48bc15ea9e18af56fd\",\"request_type\":\"full\",\"resource_value\":[{\"id\":\"6252812a495647ea96834fe08d5c256e\",\"subresource\":[{\"vehicle_id\":\"pp01_default_vin_code\"}]}],\"vehicle_id\":\"pp01_default_vin_code\"}"}],"dictname":"car_status"}]}
[2025-09-18 20:43:45 146][9838025][WAN][P0x7f11][T0x7fa1][MscUploadDict.cpp][Parser][52] parse beamIndex error,ret(0)
[2025-09-18 20:43:45 146][9838025][WAN][P0x7f11][T0x7fa1][MscUploadDict.cpp][Parser][60] parse grmId error,ret(0)
[2025-09-18 20:43:45 146][9838025][ERR][P0x7f11][T0x7fa1][Grm.cpp][ParseGrm][618] no such dictname(car_status)
[2025-09-18 20:43:45 146][9838025][WAN][P0x7f11][T0x7fa4][GrmBuildControl.cpp][OnMsgGrmHasCommit][68] Failed to uploadDict to local 1, lparam(car_status), err(10002)
SpeechEngineAdapter onMSMsgProc_() uMsg = 20001 wParam = 10002 iParam = car_status nIndex = 1
[2025-09-18 20:43:45 146][9838026][INF][P0x7f11][T0x7fa4][issmsImpl.cpp][CallBackMsgWithFullLog][544] VAMSImpl::m_pfnMSMsgCallback pUsrArg=0x18b6,nSRInstIndex=1,uMsg=20001,wParam=10002,lParam=car_status
SpeechUtils Found file with prefix: sourceSlot20250918191141
SemanticFileDataUtils preLoadSemantic end..
SemanticDataManager end init SemanticData.
[2025-09-18 20:43:45 798][9838678][INF][P0x7f11][T0x7f5a][CAIUIClientMgr.cpp][OnAllEvent][224] OnAllEvent aikitHandle = 0xb4000070815d6730, usrContext = 0xb4000070c1597c68, pThis = 0xb4000071715f3a00
[2025-09-18 20:43:45 798][9838678][INF][P0x7f11][T0x7f5b][CAIUIClientMgr.cpp][OnAllOutput][211] OnAllOutput aikitHandle = 0xb4000070815d6730, usrContext = 0xb4000070c1597c68, pThis = 0xb4000071715f3a00
[2025-09-18 20:43:45 798][9838678][INF][P0x7f11][T0x7f5b][CiatFunc.cpp][OnOutput][215] m_nInstId[1],Tag = [ IFLYTEK.car_status ], len: 37, type: 0, status: 3, result type: [header], resultStr = {
	"code":	0,
	"message":	"success"
}
[2025-09-18 20:43:45 798][9838678][INF][P0x7f11][T0x7f5a][CiatFunc.cpp][OnEvent][267] m_nInstId[1],CAIUIClient::OnEvent | Tag = [IFLYTEK.car_status], eventType: 15
[2025-09-18 20:43:45 798][9838678][INF][P0x7f11][T0x7f5b][CIssSr.cpp][ProcessIatMsg][2008] m_nInstId[1],ISS_SR_MSG_UpLoadDictToCloudStatus, wParam=0
[2025-09-18 20:43:45 799][9838678][INF][P0x7f11][T0x7f5b][CIssSr.cpp][ProcessIatMsg][2010] DictName: {"code":0,"message":"success","tag":"IFLYTEK.car_status"}
.
[2025-09-18 20:43:45 798][9838678][INF][P0x7f11][T0x7f5a][CiatFunc.cpp][OnEvent][273] CAIUIClient::OnEvent | key: (null), len: 0, type: -1
SpeechEngineAdapter onMSMsgProc_() uMsg = 20002 wParam = 0 iParam = {"code":0,"message":"success","tag":"IFLYTEK.car_status"}
 nIndex = 1
[2025-09-18 20:43:45 799][9838679][INF][P0x7f11][T0x7f5b][issmsImpl.cpp][CallBackMsgWithFullLog][544] VAMSImpl::m_pfnMSMsgCallback pUsrArg=0x18b6,nSRInstIndex=1,uMsg=20002,wParam=0,lParam={"code":0,"message":"success","tag":"IFLYTEK.car_status"}
AppStoreManager intent.getAction() = android.intent.action.PACKAGE_REMOVED
AppStoreManager updateAppList[]
BaseManager - onPackageChanged packageName = com.zone.service.speech  status = 2 flag = 5
BaseManager - sendDataChangeMessage{ when=0 what=1 target=android.os.Handler }
BaseManager - onPermissionStatusChanged packageName = com.zone.service.speech  permission=android.permission.RECORD_AUDIO  status = 255
BaseManager - sendDataChangeMessage{ when=0 what=2 target=android.os.Handler }
AppStoreManager mAppInfoList.size = 0
AppSpeechExecutor upLoadAppList
AppBusinessConfig updateAppNameList()
getVehicleConfig key: VehCfg_SW_DrvrAllappsList
convertToVehicleConfigValue: key[VehCfg_SW_DrvrAllappsList], type[4], result[0], option[]
convertToVehicleConfigValue: valueString[com.zone.hmi.navi,com.zone.hmi.qqmusic,com.zone.hmi.mircrocos,com.zone.hmi.ximalayamusic,com.zone.hmi.usbmusic,com.zone.hmi.btmusic,com.zone.hmi.radio,com.zone.hmi.settings,com.qiyi.video.iv,com.bilibili.bilithings,com.zone.service.projection,com.tencent.karaokecar,com.zone.hmi.ecodomain,com.zone.hmi.carlog,com.zone.hmi.photoalbum,com.zone.service.avmservice,com.zone.hmi.btphone,com.zone.hmi.account,com.zone.hmi.smartscene,com.zone.hmi.appstore,cn.kuwo.kwmusiccar,bubei.tingshu.hd,com.zone.hmi.lightshow,com.zone.hmi.showroom,com.zone.hmi.themecenter,com.zone.hmi.calendar,com.zone.hmi.carlink,com.zone.hmi.usermanual,com.zone.hmi.wiredprojection,com.zone.hmi.carmaintenance,com.ls.safetyseat]
getVehicleConfig key: VehCfg_SW_PsngAllappsList
convertToVehicleConfigValue: key[VehCfg_SW_PsngAllappsList], type[4], result[0], option[]
convertToVehicleConfigValue: valueString[com.zone.hmi.qqmusic,com.zone.hmi.mircrocos,com.zone.hmi.ximalayamusic,com.zone.hmi.usbmusic,com.zone.hmi.btmusic,com.zone.hmi.radio,com.qiyi.video.iv,com.bilibili.bilithings,com.zone.service.projection,com.tencent.karaokecar,com.zone.hmi.ecodomain,com.zone.hmi.carlink,com.zone.hmi.appstore,cn.kuwo.kwmusiccar,bubei.tingshu.hd,com.zone.hmi.carlog,com.zone.hmi.photoalbum,com.zone.hmi.wiredprojection]
AppBusinessConfig drivePackages = [com.zone.hmi.navi, com.zone.hmi.qqmusic, com.zone.hmi.mircrocos, com.zone.hmi.ximalayamusic, com.zone.hmi.usbmusic, com.zone.hmi.btmusic, com.zone.hmi.radio, com.zone.hmi.settings, com.qiyi.video.iv, com.bilibili.bilithings, com.zone.service.projection, com.tencent.karaokecar, com.zone.hmi.ecodomain, com.zone.hmi.carlog, com.zone.hmi.photoalbum, com.zone.service.avmservice, com.zone.hmi.btphone, com.zone.hmi.account, com.zone.hmi.smartscene, com.zone.hmi.appstore, cn.kuwo.kwmusiccar, bubei.tingshu.hd, com.zone.hmi.lightshow, com.zone.hmi.showroom, com.zone.hmi.themecenter, com.zone.hmi.calendar, com.zone.hmi.carlink, com.zone.hmi.usermanual, com.zone.hmi.wiredprojection, com.zone.hmi.carmaintenance, com.ls.safetyseat] copilotPackages = [com.zone.hmi.qqmusic, com.zone.hmi.mircrocos, com.zone.hmi.ximalayamusic, com.zone.hmi.usbmusic, com.zone.hmi.btmusic, com.zone.hmi.radio, com.qiyi.video.iv, com.bilibili.bilithings, com.zone.service.projection, com.tencent.karaokecar, com.zone.hmi.ecodomain, com.zone.hmi.carlink, com.zone.hmi.appstore, cn.kuwo.kwmusiccar, bubei.tingshu.hd, com.zone.hmi.carlog, com.zone.hmi.photoalbum, com.zone.hmi.wiredprojection]
AppBusinessConfig android.content.pm.PackageManager$NameNotFoundException: com.zone.hmi.ximalayamusic
BaseManager - onPackageChanged packageName = com.zone.service.speech  status = 1 flag = 5
BaseManager - sendDataChangeMessage{ when=0 what=1 target=android.os.Handler }
AppBusinessConfig android.content.pm.PackageManager$NameNotFoundException: com.zone.hmi.carlog
AppBusinessConfig android.content.pm.PackageManager$NameNotFoundException: com.zone.hmi.lightshow
AppBusinessConfig android.content.pm.PackageManager$NameNotFoundException: com.zone.hmi.carlink
AppBusinessConfig android.content.pm.PackageManager$NameNotFoundException: com.zone.hmi.ximalayamusic
AppBusinessConfig android.content.pm.PackageManager$NameNotFoundException: com.zone.hmi.carlink
AppBusinessConfig android.content.pm.PackageManager$NameNotFoundException: com.zone.hmi.carlog
AppBusinessConfig mMapAppPackageDrive = {儿童座椅=com.ls.safetyseat, 地图=com.zone.hmi.navi, 蓝牙电话=com.zone.hmi.btphone, 电话=com.zone.hmi.btphone, 自动泊车=com.zone.service.avmservice, 车设=com.zone.hmi.settings, 车辆设置=com.zone.hmi.settings, 懒人听书=bubei.tingshu.hd, 视频投屏=com.zone.service.projection, 日历=com.zone.hmi.calendar, 奥迪泊车辅助=com.zone.service.avmservice, 有线投屏=com.zone.hmi.wiredprojection, 车控=com.zone.hmi.settings, 电台=com.zone.hmi.radio, 酷我音乐=cn.kuwo.kwmusiccar, U盘音乐=com.zone.hmi.usbmusic, B站=com.bilibili.bilithings, 智能泊车=com.zone.service.avmservice, 车辆控制=com.zone.hmi.settings, 相册=com.zone.hmi.photoalbum, 全民K歌=com.tencent.karaokecar, 展车模式=com.zone.hmi.showroom, 设置=com.zone.hmi.settings, K歌=com.tencent.karaokecar, AUDI手机互联=com.zone.hmi.ecodomain, 小宇宙=com.zone.hmi.mircrocos, QQ音乐=com.zone.hmi.qqmusic, 应用商店=com.zone.hmi.appstore, 手机互联=com.zone.hmi.ecodomain, 车控车设=com.zone.hmi.settings, 奥迪互联=com.zone.hmi.ecodomain, 车辆=com.zone.hmi.settings, 哔哩哔哩=com.bilibili.bilithings, audi connect=com.zone.hmi.ecodomain, 爱奇艺=com.qiyi.video.iv, 场景模式=com.zone.hmi.smartscene, 用车手册=com.zone.hmi.usermanual, 用户中心=com.zone.hmi.account, 蓝牙音乐=com.zone.hmi.btmusic, 主题与壁纸=com.zone.hmi.themecenter, 泊车辅助=com.zone.service.avmservice, 维保预约=com.zone.hmi.carmaintenance} mMapAppPackageCopilot = {K歌=com.tencent.karaokecar, AUDI手机互联=com.zone.hmi.ecodomain, 小宇宙=com.zone.hmi.mircrocos, QQ音乐=com.zone.hmi.qqmusic, 应用商店=com.zone.hmi.appstore, 手机互联=com.zone.hmi.ecodomain, 懒人听书=bubei.tingshu.hd, 视频投屏=com.zone.service.projection, 奥迪互联=com.zone.hmi.ecodomain, 有线投屏=com.zone.hmi.wiredprojection, 哔哩哔哩=com.bilibili.bilithings, audi connect=com.zone.hmi.ecodomain, 爱奇艺=com.qiyi.video.iv, 电台=com.zone.hmi.radio, 酷我音乐=cn.kuwo.kwmusiccar, U盘音乐=com.zone.hmi.usbmusic, B站=com.bilibili.bilithings, 相册=com.zone.hmi.photoalbum, 蓝牙音乐=com.zone.hmi.btmusic, 全民K歌=com.tencent.karaokecar}
AppBusinessConfig getAppNameList() list = [儿童座椅, 地图, 蓝牙电话, 电话, 自动泊车, 车设, 车辆设置, 懒人听书, 视频投屏, 日历, 奥迪泊车辅助, 有线投屏, 车控, 电台, 酷我音乐, U盘音乐, B站, 智能泊车, 车辆控制, 相册, 全民K歌, 展车模式, 设置, K歌, AUDI手机互联, 小宇宙, QQ音乐, 应用商店, 手机互联, 车控车设, 奥迪互联, 车辆, 哔哩哔哩, audi connect, 爱奇艺, 场景模式, 用车手册, 用户中心, 蓝牙音乐, 主题与壁纸, 泊车辅助, 维保预约]
getVehicleConfig key: VehCfg_Media_appletEnable
convertToVehicleConfigValue: key[VehCfg_Media_appletEnable], type[1], result[0], option[]
convertToVehicleConfigValue: valueBool[false]
AppSpeechExecutor isAppletCenterExist: isConfig = false
runAction method:isServiceReady
runAction method:uploadCustomizedRecognitionCmds
SpeechDialogueBusinessManager onUploadUserData result = 0
AppStoreManager intent.getAction() = android.intent.action.PACKAGE_ADDED
AppStoreManager updateAppList[]
upload assist recognition data:{"grm":[{"dictcontent":[{"name":"儿童座椅"},{"name":"地图"},{"name":"蓝牙电话"},{"name":"电话"},{"name":"自动泊车"},{"name":"车设"},{"name":"车辆设置"},{"name":"懒人听书"},{"name":"视频投屏"},{"name":"日历"},{"name":"奥迪泊车辅助"},{"name":"有线投屏"},{"name":"车控"},{"name":"电台"},{"name":"酷我音乐"},{"name":"U盘音乐"},{"name":"B站"},{"name":"智能泊车"},{"name":"车辆控制"},{"name":"相册"},{"name":"全民K歌"},{"name":"展车模式"},{"name":"设置"},{"name":"K歌"},{"name":"AUDI手机互联"},{"name":"小宇宙"},{"name":"QQ音乐"},{"name":"应用商店"},{"name":"手机互联"},{"name":"车控车设"},{"name":"奥迪互联"},{"name":"车辆"},{"name":"哔哩哔哩"},{"name":"audi connect"},{"name":"爱奇艺"},{"name":"场景模式"},{"name":"用车手册"},{"name":"用户中心"},{"name":"蓝牙音乐"},{"name":"主题与壁纸"},{"name":"泊车辅助"},{"name":"维保预约"}],"dictname":"app"}]}
SpeechEngineAdapter dict take i:2
SystemPropertyUtil getRoBuildServerEnv()
SystemPropertyUtil get property type is: ro.vendor.build.server.env, and value is: QA
SystemPropertyUtil getRoBuildServerEnv()
SystemPropertyUtil get property type is: ro.vendor.build.server.env, and value is: QA
SystemPropertyUtil getRoBuildServerEnv()
SystemPropertyUtil get property type is: ro.vendor.build.server.env, and value is: QA
SpeechEngineAdapter headers = {Origin=https://speech-zone-uat.mos.csvw.com, zone-x-appkey=10ed26a8ba686625926bf237555c68d3, zone-x-cid=pp01_default_vin_code, zone-x-model=normal, zone-x-nonce=5617c7bb79034d3db1676a7f9da64280, zone-x-service-SpeechService=45, zone-x-service-XunFeiSDK=102100, zone-x-sign=Q7SGdxOoW4J/zEhSVff3QcL6kcBYOlGQ+khoAyWwUIQ=, zone-x-source=vehicle, zone-x-timestamp=1758199429327, zone-x-v=v1.0}
SpeechEngineAdapter setParam() modeType = 1 param = PersonalAuthInfo paramValue = {"aiui":"&zoneauth=eyJPcmlnaW4iOiJodHRwczovL3NwZWVjaC16b25lLXVhdC5tb3MuY3N2dy5jb20iLCJ6b25lLXgtYXBwa2V5IjoiMTBlZDI2YThiYTY4NjYyNTkyNmJmMjM3NTU1YzY4ZDMiLCJ6b25lLXgtY2lkIjoicHAwMV9kZWZhdWx0X3Zpbl9jb2RlIiwiem9uZS14LW1vZGVsIjoibm9ybWFsIiwiem9uZS14LW5vbmNlIjoiNTYxN2M3YmI3OTAzNGQzZGIxNjc2YTdmOWRhNjQyODAiLCJ6b25lLXgtc2VydmljZS1TcGVlY2hTZXJ2aWNlIjoiNDUiLCJ6b25lLXgtc2VydmljZS1YdW5GZWlTREsiOiIxMDIxMDAiLCJ6b25lLXgtc2lnbiI6IlE3U0dkeE9vVzRKL3pFaFNWZmYzUWNMNmtjQllPbEdRK2tob0F5V3dVSVFcdTAwM2QiLCJ6b25lLXgtc291cmNlIjoidmVoaWNsZSIsInpvbmUteC10aW1lc3RhbXAiOiIxNzU4MTk5NDI5MzI3Iiwiem9uZS14LXYiOiJ2MS4wIn0="} index = -1
[2025-09-18 20:43:49 328][9842208][INF][P0x7f11][T0x7f3a][libissms_jni.cpp][Java_com_iflytek_speech_libissms_setParam][463] setParam
[2025-09-18 20:43:49 328][9842208][INF][P0x7f11][T0x7f3a][issms.cpp][ISSMSSetParam][175] ISSMSSetParam | hISSMSObj = 0xb4000071d15f8410, nModeType = 1, szParam = PersonalAuthInfo,szParamValue = {"aiui":"&zoneauth=eyJPcmlnaW4iOiJodHRwczovL3NwZWVjaC16b25lLXVhdC5tb3MuY3N2dy5jb20iLCJ6b25lLXgtYXBwa2V5IjoiMTBlZDI2YThiYTY4NjYyNTkyNmJmMjM3NTU1YzY4ZDMiLCJ6b25lLXgtY2lkIjoicHAwMV9kZWZhdWx0X3Zpbl9jb2RlIiwiem9uZS14LW1vZGVsIjoibm9ybWFsIiwiem9uZS14LW5vbmNlIjoiNTYxN2M3YmI3OTAzNGQzZGIxNjc2YTdmOWRhNjQyODAiLCJ6b25lLXgtc2VydmljZS1TcGVlY2hTZXJ2aWNlIjoiNDUiLCJ6b25lLXgtc2VydmljZS1YdW5GZWlTREsiOiIxMDIxMDAiLCJ6b25lLXgtc2lnbiI6IlE3U0dkeE9vVzRKL3pFaFNWZmYzUWNMNmtjQllPbEdRK2tob0F5V3dVSVFcdTAwM2QiLCJ6b25lLXgtc291cmNlIjoidmVoaWNsZSIsInpvbmUteC10aW1lc3RhbXAiOiIxNzU4MTk5NDI5MzI3Iiwiem9uZS14LXYiOiJ2MS4wIn0="},nSRInstIndex = -1
[2025-09-18 20:43:49 328][9842208][INF][P0x7f11][T0x7f3a][libisssr2.cpp][ISSSR2SetParam][171] ISSSR2SetParam | nInstIndex[-1], szParam: PersonalAuthInfo, szParamValue: {"aiui":"&zoneauth=eyJPcmlnaW4iOiJodHRwczovL3NwZWVjaC16b25lLXVhdC5tb3MuY3N2dy5jb20iLCJ6b25lLXgtYXBwa2V5IjoiMTBlZDI2YThiYTY4NjYyNTkyNmJmMjM3NTU1YzY4ZDMiLCJ6b25lLXgtY2lkIjoicHAwMV9kZWZhdWx0X3Zpbl9jb2RlIiwiem9uZS14LW1vZGVsIjoibm9ybWFsIiwiem9uZS14LW5vbmNlIjoiNTYxN2M3YmI3OTAzNGQzZGIxNjc2YTdmOWRhNjQyODAiLCJ6b25lLXgtc2VydmljZS1TcGVlY2hTZXJ2aWNlIjoiNDUiLCJ6b25lLXgtc2VydmljZS1YdW5GZWlTREsiOiIxMDIxMDAiLCJ6b25lLXgtc2lnbiI6IlE3U0dkeE9vVzRKL3pFaFNWZmYzUWNMNmtjQllPbEdRK2tob0F5V3dVSVFcdTAwM2QiLCJ6b25lLXgtc291cmNlIjoidmVoaWNsZSIsInpvbmUteC10aW1lc3RhbXAiOiIxNzU4MTk5NDI5MzI3Iiwiem9uZS14LXYiOiJ2MS4wIn0="}
[2025-09-18 20:43:49 328][9842208][INF][P0x7f11][T0x7f3a][issmsImpl.cpp][SaveSrParamAndValue][2904] SaveSrParamAndValue | SRInst=-1, strParam = PersonalAuthInfo, strParamValue={"aiui":"&zoneauth=eyJPcmlnaW4iOiJodHRwczovL3NwZWVjaC16b25lLXVhdC5tb3MuY3N2dy5jb20iLCJ6b25lLXgtYXBwa2V5IjoiMTBlZDI2YThiYTY4NjYyNTkyNmJmMjM3NTU1YzY4ZDMiLCJ6b25lLXgtY2lkIjoicHAwMV9kZWZhdWx0X3Zpbl9jb2RlIiwiem9uZS14LW1vZGVsIjoibm9ybWFsIiwiem9uZS14LW5vbmNlIjoiNTYxN2M3YmI3OTAzNGQzZGIxNjc2YTdmOWRhNjQyODAiLCJ6b25lLXgtc2VydmljZS1TcGVlY2hTZXJ2aWNlIjoiNDUiLCJ6b25lLXgtc2VydmljZS1YdW5GZWlTREsiOiIxMDIxMDAiLCJ6b25lLXgtc2lnbiI6IlE3U0dkeE9vVzRKL3pFaFNWZmYzUWNMNmtjQllPbEdRK2tob0F5V3dVSVFcdTAwM2QiLCJ6b25lLXgtc291cmNlIjoidmVoaWNsZSIsInpvbmUteC10aW1lc3RhbXAiOiIxNzU4MTk5NDI5MzI3Iiwiem9uZS14LXYiOiJ2MS4wIn0="}
[2025-09-18 20:43:49 328][9842208][INF][P0x7f11][T0x7f3a][libissms_jni.cpp][Java_com_iflytek_speech_libissms_setParam][493] setParam leave
[2025-09-18 20:43:49 328][9842208][INF][P0x7f11][T0x7f3a][libissms_jni.cpp][Java_com_iflytek_speech_libissms_srUploadDict][750] srUploadDict
[849507199|0][2025-09-18 20:43:49 328][9842208][INF][P0x7f11][T0x7f3a][issms.cpp][ISSMSSRUpLoadDict][543] ISSMSSRUpLoadDict | hISSMSObj = 0xb4000071d15f8410, szList = {"grm":[{"dictcontent":[{"name":"儿童座椅"},{"name":"地图"},{"name":"蓝牙电话"},{"name":"电话"},{"name":"自动泊车"},{"name":"车设"},{"name":"车辆设置"},{"name":"懒人听书"},{"name":"视频投屏"},{"name":"日历"},{"name":"奥迪泊车辅助"},{"name":"有线投屏"},{"name":"车控"},{"name":"电台"},{"name":"酷我音乐"},{"name":"U盘音乐"},{"name":"B站"},{"name":"智能泊车"},{"name":"车辆控制"},{"name":"相册"},{"name":"全民K歌"},{"name":"展车模式"},{"name":"设置"},{"name":"K歌"},{"name":"AUDI手机互联"},{"name":"小宇宙"},{"name":"QQ音乐"},{"name":"应用商店"},{"name":"手机互联"},{"name":"车控车设"},{"name":"奥迪互联"},{"name":"车辆"},{"name":"哔哩哔哩"},{"name":"audi connect"},{"name":"爱奇艺"},{"name":"场景模式"},{"name":"用车手册"},{"name":
[849507199|-1]"用户中心"},{"name":"蓝牙音乐"},{"name":"主题与壁纸"},{"name":"泊车辅助"},{"name":"维保预约"}],"dictname":"app"}]}, iUpLoadMode = 0, nSRInstIndex=-1
[2025-09-18 20:43:49 328][9842208][INF][P0x7f11][T0x7f3a][libisssr2.cpp][ISSSR2UpLoadDict][316] ISSSR2UpLoadDict | nInstIndex[-1], nUploadMode: 0
[2392845415|0][2025-09-18 20:43:49 328][9842208][INF][P0x7f11][T0x7f3a][CIssSr.cpp][UpLoadDict][3841] strList: {"grm":[{"dictcontent":[{"name":"儿童座椅"},{"name":"地图"},{"name":"蓝牙电话"},{"name":"电话"},{"name":"自动泊车"},{"name":"车设"},{"name":"车辆设置"},{"name":"懒人听书"},{"name":"视频投屏"},{"name":"日历"},{"name":"奥迪泊车辅助"},{"name":"有线投屏"},{"name":"车控"},{"name":"电台"},{"name":"酷我音乐"},{"name":"U盘音乐"},{"name":"B站"},{"name":"智能泊车"},{"name":"车辆控制"},{"name":"相册"},{"name":"全民K歌"},{"name":"展车模式"},{"name":"设置"},{"name":"K歌"},{"name":"AUDI手机互联"},{"name":"小宇宙"},{"name":"QQ音乐"},{"name":"应用商店"},{"name":"手机互联"},{"name":"车控车设"},{"name":"奥迪互联"},{"name":"车辆"},{"name":"哔哩哔哩"},{"name":"audi connect"},{"name":"爱奇艺"},{"name":"场景模式"},{"name":"用车手册"},{"name":"用户中心"},{"name":"蓝牙音乐"},{"name":"主题?
[2392845415|-1]?壁纸"},{"name":"泊车辅助"},{"name":"维保预约"}],"dictname":"app"}]}
[2025-09-18 20:43:49 328][9842208][WAN][P0x7f11][T0x7f3a][MscUploadDict.cpp][Parser][52] parse beamIndex error,ret(0)
[2025-09-18 20:43:49 328][9842208][WAN][P0x7f11][T0x7f3a][MscUploadDict.cpp][Parser][60] parse grmId error,ret(0)
[2025-09-18 20:43:49 329][9842208][ERR][P0x7f11][T0x7f3a][MscUploadDict.cpp][GetDictContent][125] CloudDict can not find dictname(applet).
[2025-09-18 20:43:49 329][9842208][ERR][P0x7f11][T0x7f3a][MscUploadDict.cpp][GetDictContent][125] CloudDict can not find dictname(car_status).
[2025-09-18 20:43:49 329][9842208][ERR][P0x7f11][T0x7f3a][MscUploadDict.cpp][GetDictContent][125] CloudDict can not find dictname(contact).
[2025-09-18 20:43:49 329][9842208][ERR][P0x7f11][T0x7f3a][MscUploadDict.cpp][GetDictContent][125] CloudDict can not find dictname(habit).
[2025-09-18 20:43:49 329][9842208][ERR][P0x7f11][T0x7f3a][MscUploadDict.cpp][GetDictContent][125] CloudDict can not find dictname(poi).
[2025-09-18 20:43:49 329][9842208][ERR][P0x7f11][T0x7f3a][MscUploadDict.cpp][GetDictContent][125] CloudDict can not find dictname(scene).
[2025-09-18 20:43:49 329][9842208][ERR][P0x7f11][T0x7f3a][MscUploadDict.cpp][GetDictContent][125] CloudDict can not find dictname(speaker).
[2025-09-18 20:43:49 329][9842208][ERR][P0x7f11][T0x7f3a][MscUploadDict.cpp][GetDictContent][125] CloudDict can not find dictname(video).
[2025-09-18 20:43:49 329][9842208][ERR][P0x7f11][T0x7f3a][MscUploadDict.cpp][GetDictContent][125] CloudDict can not find dictname(wechat).
[2025-09-18 20:43:49 329][9842208][INF][P0x7f11][T0x7f3a][libissms_jni.cpp][Java_com_iflytek_speech_libissms_srUploadDict][773] srUploadDict leave
SpeechEngineAdapter upload customized data result == 0, uploadData = {"grm":[{"dictcontent":[{"name":"儿童座椅"},{"name":"地图"},{"name":"蓝牙电话"},{"name":"电话"},{"name":"自动泊车"},{"name":"车设"},{"name":"车辆设置"},{"name":"懒人听书"},{"name":"视频投屏"},{"name":"日历"},{"name":"奥迪泊车辅助"},{"name":"有线投屏"},{"name":"车控"},{"name":"电台"},{"name":"酷我音乐"},{"name":"U盘音乐"},{"name":"B站"},{"name":"智能泊车"},{"name":"车辆控制"},{"name":"相册"},{"name":"全民K歌"},{"name":"展车模式"},{"name":"设置"},{"name":"K歌"},{"name":"AUDI手机互联"},{"name":"小宇宙"},{"name":"QQ音乐"},{"name":"应用商店"},{"name":"手机互联"},{"name":"车控车设"},{"name":"奥迪互联"},{"name":"车辆"},{"name":"哔哩哔哩"},{"name":"audi connect"},{"name":"爱奇艺"},{"name":"场景模式"},{"name":"用车手册"},{"name":"用户中心"},{"name":"蓝牙音乐"},{"name":"主题与壁纸"},{"name":"泊车辅助"},{"name":"维保预约"}],"dictname":"app"}]}
[2025-09-18 20:43:49 329][9842208][WAN][P0x7f11][T0x7fa1][MscUploadDict.cpp][Parser][52] parse beamIndex error,ret(0)
[2025-09-18 20:43:49 329][9842209][WAN][P0x7f11][T0x7fa1][MscUploadDict.cpp][Parser][60] parse grmId error,ret(0)
[2025-09-18 20:43:49 329][9842209][ERR][P0x7f11][T0x7fa1][Grm.cpp][ParseGrmForDict][694] no such dictattr(alias)
[2025-09-18 20:43:49 329][9842209][INF][P0x7f11][T0x7fa1][SrCata.cpp][BuildRes][639] type: app
AppStoreManager mAppInfoList.size = 0
AppSpeechExecutor upLoadAppList
AppBusinessConfig updateAppNameList()
getVehicleConfig key: VehCfg_SW_DrvrAllappsList
convertToVehicleConfigValue: key[VehCfg_SW_DrvrAllappsList], type[4], result[0], option[]
convertToVehicleConfigValue: valueString[com.zone.hmi.navi,com.zone.hmi.qqmusic,com.zone.hmi.mircrocos,com.zone.hmi.ximalayamusic,com.zone.hmi.usbmusic,com.zone.hmi.btmusic,com.zone.hmi.radio,com.zone.hmi.settings,com.qiyi.video.iv,com.bilibili.bilithings,com.zone.service.projection,com.tencent.karaokecar,com.zone.hmi.ecodomain,com.zone.hmi.carlog,com.zone.hmi.photoalbum,com.zone.service.avmservice,com.zone.hmi.btphone,com.zone.hmi.account,com.zone.hmi.smartscene,com.zone.hmi.appstore,cn.kuwo.kwmusiccar,bubei.tingshu.hd,com.zone.hmi.lightshow,com.zone.hmi.showroom,com.zone.hmi.themecenter,com.zone.hmi.calendar,com.zone.hmi.carlink,com.zone.hmi.usermanual,com.zone.hmi.wiredprojection,com.zone.hmi.carmaintenance,com.ls.safetyseat]
getVehicleConfig key: VehCfg_SW_PsngAllappsList
convertToVehicleConfigValue: key[VehCfg_SW_PsngAllappsList], type[4], result[0], option[]
convertToVehicleConfigValue: valueString[com.zone.hmi.qqmusic,com.zone.hmi.mircrocos,com.zone.hmi.ximalayamusic,com.zone.hmi.usbmusic,com.zone.hmi.btmusic,com.zone.hmi.radio,com.qiyi.video.iv,com.bilibili.bilithings,com.zone.service.projection,com.tencent.karaokecar,com.zone.hmi.ecodomain,com.zone.hmi.carlink,com.zone.hmi.appstore,cn.kuwo.kwmusiccar,bubei.tingshu.hd,com.zone.hmi.carlog,com.zone.hmi.photoalbum,com.zone.hmi.wiredprojection]
AppBusinessConfig drivePackages = [com.zone.hmi.navi, com.zone.hmi.qqmusic, com.zone.hmi.mircrocos, com.zone.hmi.ximalayamusic, com.zone.hmi.usbmusic, com.zone.hmi.btmusic, com.zone.hmi.radio, com.zone.hmi.settings, com.qiyi.video.iv, com.bilibili.bilithings, com.zone.service.projection, com.tencent.karaokecar, com.zone.hmi.ecodomain, com.zone.hmi.carlog, com.zone.hmi.photoalbum, com.zone.service.avmservice, com.zone.hmi.btphone, com.zone.hmi.account, com.zone.hmi.smartscene, com.zone.hmi.appstore, cn.kuwo.kwmusiccar, bubei.tingshu.hd, com.zone.hmi.lightshow, com.zone.hmi.showroom, com.zone.hmi.themecenter, com.zone.hmi.calendar, com.zone.hmi.carlink, com.zone.hmi.usermanual, com.zone.hmi.wiredprojection, com.zone.hmi.carmaintenance, com.ls.safetyseat] copilotPackages = [com.zone.hmi.qqmusic, com.zone.hmi.mircrocos, com.zone.hmi.ximalayamusic, com.zone.hmi.usbmusic, com.zone.hmi.btmusic, com.zone.hmi.radio, com.qiyi.video.iv, com.bilibili.bilithings, com.zone.service.projection, com.tencent.karaokecar, com.zone.hmi.ecodomain, com.zone.hmi.carlink, com.zone.hmi.appstore, cn.kuwo.kwmusiccar, bubei.tingshu.hd, com.zone.hmi.carlog, com.zone.hmi.photoalbum, com.zone.hmi.wiredprojection]
AppBusinessConfig android.content.pm.PackageManager$NameNotFoundException: com.zone.hmi.ximalayamusic
AppBusinessConfig android.content.pm.PackageManager$NameNotFoundException: com.zone.hmi.carlog
AppBusinessConfig android.content.pm.PackageManager$NameNotFoundException: com.zone.hmi.lightshow
AppBusinessConfig android.content.pm.PackageManager$NameNotFoundException: com.zone.hmi.carlink
AppBusinessConfig android.content.pm.PackageManager$NameNotFoundException: com.zone.hmi.ximalayamusic
AppBusinessConfig android.content.pm.PackageManager$NameNotFoundException: com.zone.hmi.carlink
AppBusinessConfig android.content.pm.PackageManager$NameNotFoundException: com.zone.hmi.carlog
AppBusinessConfig mMapAppPackageDrive = {儿童座椅=com.ls.safetyseat, 地图=com.zone.hmi.navi, 蓝牙电话=com.zone.hmi.btphone, 电话=com.zone.hmi.btphone, 自动泊车=com.zone.service.avmservice, 车设=com.zone.hmi.settings, 车辆设置=com.zone.hmi.settings, 懒人听书=bubei.tingshu.hd, 视频投屏=com.zone.service.projection, 日历=com.zone.hmi.calendar, 奥迪泊车辅助=com.zone.service.avmservice, 有线投屏=com.zone.hmi.wiredprojection, 车控=com.zone.hmi.settings, 电台=com.zone.hmi.radio, 酷我音乐=cn.kuwo.kwmusiccar, U盘音乐=com.zone.hmi.usbmusic, B站=com.bilibili.bilithings, 智能泊车=com.zone.service.avmservice, 车辆控制=com.zone.hmi.settings, 相册=com.zone.hmi.photoalbum, 全民K歌=com.tencent.karaokecar, 展车模式=com.zone.hmi.showroom, 设置=com.zone.hmi.settings, K歌=com.tencent.karaokecar, AUDI手机互联=com.zone.hmi.ecodomain, 小宇宙=com.zone.hmi.mircrocos, QQ音乐=com.zone.hmi.qqmusic, 应用商店=com.zone.hmi.appstore, 手机互联=com.zone.hmi.ecodomain, 车控车设=com.zone.hmi.settings, 奥迪互联=com.zone.hmi.ecodomain, 车辆=com.zone.hmi.settings, 哔哩哔哩=com.bilibili.bilithings, audi connect=com.zone.hmi.ecodomain, 爱奇艺=com.qiyi.video.iv, 场景模式=com.zone.hmi.smartscene, 用车手册=com.zone.hmi.usermanual, 用户中心=com.zone.hmi.account, 蓝牙音乐=com.zone.hmi.btmusic, 主题与壁纸=com.zone.hmi.themecenter, 泊车辅助=com.zone.service.avmservice, 维保预约=com.zone.hmi.carmaintenance} mMapAppPackageCopilot = {K歌=com.tencent.karaokecar, AUDI手机互联=com.zone.hmi.ecodomain, 小宇宙=com.zone.hmi.mircrocos, QQ音乐=com.zone.hmi.qqmusic, 应用商店=com.zone.hmi.appstore, 手机互联=com.zone.hmi.ecodomain, 懒人听书=bubei.tingshu.hd, 视频投屏=com.zone.service.projection, 奥迪互联=com.zone.hmi.ecodomain, 有线投屏=com.zone.hmi.wiredprojection, 哔哩哔哩=com.bilibili.bilithings, audi connect=com.zone.hmi.ecodomain, 爱奇艺=com.qiyi.video.iv, 电台=com.zone.hmi.radio, 酷我音乐=cn.kuwo.kwmusiccar, U盘音乐=com.zone.hmi.usbmusic, B站=com.bilibili.bilithings, 相册=com.zone.hmi.photoalbum, 蓝牙音乐=com.zone.hmi.btmusic, 全民K歌=com.tencent.karaokecar}
AppBusinessConfig getAppNameList() list = [儿童座椅, 地图, 蓝牙电话, 电话, 自动泊车, 车设, 车辆设置, 懒人听书, 视频投屏, 日历, 奥迪泊车辅助, 有线投屏, 车控, 电台, 酷我音乐, U盘音乐, B站, 智能泊车, 车辆控制, 相册, 全民K歌, 展车模式, 设置, K歌, AUDI手机互联, 小宇宙, QQ音乐, 应用商店, 手机互联, 车控车设, 奥迪互联, 车辆, 哔哩哔哩, audi connect, 爱奇艺, 场景模式, 用车手册, 用户中心, 蓝牙音乐, 主题与壁纸, 泊车辅助, 维保预约]
getVehicleConfig key: VehCfg_Media_appletEnable
convertToVehicleConfigValue: key[VehCfg_Media_appletEnable], type[1], result[0], option[]
convertToVehicleConfigValue: valueBool[false]
AppSpeechExecutor isAppletCenterExist: isConfig = false
runAction method:isServiceReady
runAction method:uploadCustomizedRecognitionCmds
SpeechDialogueBusinessManager onUploadUserData result = 0
upload assist recognition data:{"grm":[{"dictcontent":[{"name":"儿童座椅"},{"name":"地图"},{"name":"蓝牙电话"},{"name":"电话"},{"name":"自动泊车"},{"name":"车设"},{"name":"车辆设置"},{"name":"懒人听书"},{"name":"视频投屏"},{"name":"日历"},{"name":"奥迪泊车辅助"},{"name":"有线投屏"},{"name":"车控"},{"name":"电台"},{"name":"酷我音乐"},{"name":"U盘音乐"},{"name":"B站"},{"name":"智能泊车"},{"name":"车辆控制"},{"name":"相册"},{"name":"全民K歌"},{"name":"展车模式"},{"name":"设置"},{"name":"K歌"},{"name":"AUDI手机互联"},{"name":"小宇宙"},{"name":"QQ音乐"},{"name":"应用商店"},{"name":"手机互联"},{"name":"车控车设"},{"name":"奥迪互联"},{"name":"车辆"},{"name":"哔哩哔哩"},{"name":"audi connect"},{"name":"爱奇艺"},{"name":"场景模式"},{"name":"用车手册"},{"name":"用户中心"},{"name":"蓝牙音乐"},{"name":"主题与壁纸"},{"name":"泊车辅助"},{"name":"维保预约"}],"dictname":"app"}]}
[2025-09-18 20:43:49 362][9842242][INF][P0x7f11][T0x7fa1][EMNlu.cpp][callBuildRes][388] out_gram_filename(/data/user_de/10/com.zone.service.speech/vr/iflytek/Active/SRRes/ResMandarin/GrmSR/nli_app_name.bin)
[2025-09-18 20:43:49 362][9842242][INF][P0x7f11][T0x7fa1][EMNlu.cpp][callBuildRes][401] iFlyPResBuildProcess app_name.
[2025-09-18 20:43:49 363][9842243][INF][P0x7f11][T0x7fa1][EMNlu.cpp][callBuildRes][458] iFlyPResBuildDestroyInst ret 0.
[2025-09-18 20:43:49 367][9842246][INF][P0x7f11][T0x7fa1][ResLoader.cpp][LoadInnerFromMemory][235] FsaMemManager FsaMemAdd fsa name: App, len: 516124
[2025-09-18 20:43:49 375][9842254][INF][P0x7f11][T0x7fa1][ResLoader.cpp][Update][418] fsa: App, id: 10014, slot: applist
onBinderUnavailable serviceName = ZoneSpeechService
disconnect
---------------------------- PROCESS ENDED (32529) for package com.zone.service.speech ----------------------------
SpeechDialogueBusinessManager$3.onServiceDisconnected(): SpeechDialogueBusinessManager onServiceDisconnected
[BaseManager][UserIntentManager deInit]
[ServiceConnectManager][unRegisterBinderListener]Begin, size:3
[ServiceConnectManager][unRegisterBinderListener]End, size:2
DSM-IdleState Exit IdleState
DSM-UnavailableState Enter UnavailableState
DSM clearAllListeningTimeout
VehicleAudioFocusAdapter abandonAudioFocus
DSM notifyStateChanged start state = STATE_UNAVAILABLE
SpeechHmiManager notifySpeechStateChange = STATE_UNAVAILABLE area = 1
[DisplayManager][notifyVrPos]pos:1
[DisplayManager][displayAction]start:false business:VR action:IDLE listener:com.zone.api.imate.display.DisplayManager$1@76ec3c1
IMateAdapter showAsrText isFinalNlu = false, content = 
[DisplayManager][displayAsrText]{"text":"","type":1}
TtsPromptPlaybackManager onStateChange = STATE_UNAVAILABLE
SpeechTaskRouter stopTimer
DSM notifyStateChanged end
---------------------------- PROCESS STARTED (32731) for package com.zone.service.speech ----------------------------
Compat change id reported: 171979766; UID 1010082; state: ENABLED
No service published for: game
No Network Security Config specified, using platform default
No Network Security Config specified, using platform default
SpeechContentProvider onCreate
VM with version 2.1.0 has multidex support
Installing application
VM has multidex support, MultiDex support library is disabled.
QUALCOMM build                   : f7ec86987e, I92167edf2c
Build Date                       : 11/06/24
OpenGL ES Shader Compiler Version: E031.40.08.00
Local Branch                     : 
Remote Branch                    : refs/tags/AU_LINUX_ANDROID_LA.AU.1.4.8.R2.10.00.00.1081.013
Remote Branch                    : NONE
Reconstruct Branch               : NOTHING
Build Config                     : S P 10.0.7 AArch64
Driver Path                      : /vendor/lib64/egl/libGLESv2_adreno.so
Driver Version                   : 0649.0
PFP: 0x00000000, ME: 0x00000000
<gsl_context_create:3281>: ctxt_id 225, sync_type 1
<ReadGpuID_from_sysfs:384>: Failed to open /sys/class/kgsl/kgsl-3d0/gpu_model
<ReadGpuID:408>: Reading chip ID through GSL
<gsl_context_create:3281>: ctxt_id 226, sync_type 1
ioctl c0044901 failed with code -1: Inappropriate ioctl for device
Using : Non-legacy ION heaps
onWindowFocus: DecorView@5ac27de[MainActivity] softInputMode=STATE_UNSPECIFIED|ADJUST_PAN|IS_FORWARD_NAVIGATION
Restarting due to isRestartOnNextWindowFocus as true
onViewFocusChanged, hasFocus=true,view=DecorView@5ac27de[MainActivity], mServedView=null
checkFocus: view=null next=DecorView@5ac27de[MainActivity] force=true package=<none>
Starting input: view=DecorView@5ac27de[MainActivity],focus=false,windowFocus=true,autofillUiShowing=false,window=android.view.ViewRootImpl$W@226cdbf,displayId=0,temporaryDetach=false,hasImeFocus=true reason=WINDOW_FOCUS_GAIN
Starting input: tba=android.view.inputmethod.EditorInfo@deffc8c ic=null
START INPUT: view=DecorView@5ac27de[MainActivity],focus=false,windowFocus=true,autofillUiShowing=false,window=android.view.ViewRootImpl$W@226cdbf,displayId=0,temporaryDetach=false,hasImeFocus=true ic=null tba=android.view.inputmethod.EditorInfo@deffc8c startInputFlags=VIEW_HAS_FOCUS|INITIAL_CONNECTION
Starting input: Bind result=InputBindResult{result=SUCCESS_WAITING_IME_SESSION method=null id=com.baidu.input/.ImeService sequence=76 isInputMethodSuppressingSpellChecker=false}
handleMessage: MSG_SET_ACTIVE true, was false
handleMessage: MSG_BIND 76,com.baidu.input/.ImeService
Starting input: view=DecorView@5ac27de[MainActivity],focus=false,windowFocus=true,autofillUiShowing=false,window=android.view.ViewRootImpl$W@226cdbf,displayId=0,temporaryDetach=false,hasImeFocus=true reason=BOUND_TO_IMMS
Starting input: tba=android.view.inputmethod.EditorInfo@e695fd5 ic=null
Starting input: finished by someone else. view=DecorView@5ac27de[MainActivity],focus=false,windowFocus=true,autofillUiShowing=false,window=android.view.ViewRootImpl$W@226cdbf,displayId=0,temporaryDetach=false,hasImeFocus=true servedView=DecorView@5ac27de[MainActivity],focus=false,windowFocus=true,autofillUiShowing=false,window=android.view.ViewRootImpl$W@226cdbf,displayId=0,temporaryDetach=false,hasImeFocus=true mServedConnecting=false

